fecha,cod_ine,CCAA,total,date,cum_confirmed_cases,adm1_name,c1_schoolclosing,c2_workplaceclosing,c3_cancelpublicevents,c4_restrictionsongatherings,c5_closepublictransport,c6_stayathomerequirements,c7_domestictravel,c8_internationaltravel,e1_incomesupport,e2_debtcontractrelief,h1_publicinfocampaign,h2_testingpolicy,h3_contacttracing,school_closure,work_from_home,no_public_gathering,no_private_gathering,transit_suspension,home_isolation,travel_ban_local,travel_ban_intl
2020-02-27,01,Andalucía,1,2020-02-27,1,Andalucía,0,0,0,0,0,0,0,0,0,2,2,1,1,0,0,0,0,0,0,0,0
2020-02-28,01,Andalucía,6,2020-02-28,6,Andalucía,0,0,0,0,0,0,0,0,0,2,2,1,1,0,0,0,0,0,0,0,0
2020-02-29,01,Andalucía,8,2020-02-29,8,Andalucía,0,0,0,0,0,0,0,0,0,2,2,1,1,0,0,0,0,0,0,0,0
2020-03-01,01,Andalucía,12,2020-03-01,12,Andalucía,0,0,0,0,0,0,0,0,0,2,2,1,1,0,0,0,0,0,0,0,0
2020-03-02,01,Andalucía,12,2020-03-02,12,Andalucía,0,0,0,0,0,0,0,0,0,2,2,1,1,0,0,0,0,0,0,0,0
2020-03-03,01,Andalucía,13,2020-03-03,13,Andalucía,0,0,0,0,0,0,0,0,0,2,2,1,1,0,0,0,0,0,0,0,0
2020-03-04,01,Andalucía,13,2020-03-04,13,Andalucía,0,0,0,0,0,0,0,0,0,2,2,1,1,0,0,0,0,0,0,0,0
2020-03-05,01,Andalucía,12,2020-03-05,12,Andalucía,0,0,0,0,0,0,0,0,0,2,2,1,1,0,0,0,0,0,0,0,0
2020-03-06,01,Andalucía,21,2020-03-06,21,Andalucía,0,0,0,0,0,0,0,0,0,2,2,1,1,0,0,0,0,0,0,0,0
2020-03-07,01,Andalucía,27,2020-03-07,27,Andalucía,0,0,0,0,0,0,0,0,0,2,2,1,1,0,0,0,0,0,0,0,0
2020-03-08,01,Andalucía,35,2020-03-08,35,Andalucía,0,0,0,0,0,0,0,0,0,2,2,1,1,0,0,0,0,0,0,0,0
2020-03-09,01,Andalucía,54,2020-03-09,54,Andalucía,3,1,0,0,0,0,1,0,0,2,2,1,1,1,1,0,0,0,0,1,0
2020-03-10,01,Andalucía,71,2020-03-10,71,Andalucía,3,1,2,1,0,0,1,3,0,2,2,1,1,1,1,1,1,0,0,1,1
2020-03-11,01,Andalucía,90,2020-03-11,90,Andalucía,3,1,2,1,0,0,1,3,0,2,2,1,1,1,1,1,1,0,0,1,1
2020-03-12,01,Andalucía,115,2020-03-12,115,Andalucía,3,1,2,1,0,0,1,3,0,2,2,1,1,1,1,1,1,0,0,1,1
2020-03-13,01,Andalucía,219,2020-03-13,219,Andalucía,3,1,2,1,0,0,1,3,0,2,2,1,1,1,1,1,1,0,0,1,1
2020-03-14,01,Andalucía,269,2020-03-14,269,Andalucía,3,2,2,1,1,2,1,3,0,2,2,1,1,1,1,1,1,1,1,1,1
2020-03-15,01,Andalucía,437,2020-03-15,437,Andalucía,3,2,2,1,1,2,1,3,0,2,2,1,1,1,1,1,1,1,1,1,1
2020-03-16,01,Andalucía,554,2020-03-16,554,Andalucía,3,2,2,1,1,2,1,3,0,2,2,1,1,1,1,1,1,1,1,1,1
2020-03-17,01,Andalucía,683,2020-03-17,683,Andalucía,3,2,2,1,1,2,1,4,0,2,2,1,1,1,1,1,1,1,1,1,1
2020-03-18,01,Andalucía,859,2020-03-18,859,Andalucía,3,2,2,1,1,2,1,4,2,2,2,1,1,1,1,1,1,1,1,1,1
2020-03-19,01,Andalucía,1008,2020-03-19,1008,Andalucía,3,2,2,1,1,2,1,4,2,2,2,1,1,1,1,1,1,1,1,1,1
2020-03-20,01,Andalucía,1287,2020-03-20,1287,Andalucía,3,2,2,1,1,2,1,4,2,2,2,1,1,1,1,1,1,1,1,1,1
2020-03-21,01,Andalucía,1515,2020-03-21,1515,Andalucía,3,2,2,1,1,2,1,4,2,2,2,1,1,1,1,1,1,1,1,1,1
2020-03-22,01,Andalucía,1725,2020-03-22,1725,Andalucía,3,2,2,1,1,2,1,4,2,2,2,1,1,1,1,1,1,1,1,1,1
2020-03-23,01,Andalucía,1961,2020-03-23,1961,Andalucía,3,2,2,1,1,2,1,4,2,2,2,1,1,1,1,1,1,1,1,1,1
2020-03-24,01,Andalucía,2471,2020-03-24,2471,Andalucía,3,2,2,1,1,2,1,4,2,2,2,1,1,1,1,1,1,1,1,1,1
2020-03-25,01,Andalucía,3010,2020-03-25,3010,Andalucía,3,2,2,1,1,2,1,4,2,2,2,1,1,1,1,1,1,1,1,1,1
2020-02-27,02,Aragón,0,2020-02-27,0,Aragón,0,0,0,0,0,0,0,0,0,2,2,1,1,0,0,0,0,0,0,0,0
2020-02-28,02,Aragón,1,2020-02-28,1,Aragón,0,0,0,0,0,0,0,0,0,2,2,1,1,0,0,0,0,0,0,0,0
2020-02-29,02,Aragón,1,2020-02-29,1,Aragón,0,0,0,0,0,0,0,0,0,2,2,1,1,0,0,0,0,0,0,0,0
2020-03-01,02,Aragón,0,2020-03-01,0,Aragón,0,0,0,0,0,0,0,0,0,2,2,1,1,0,0,0,0,0,0,0,0
2020-03-02,02,Aragón,0,2020-03-02,0,Aragón,0,0,0,0,0,0,0,0,0,2,2,1,1,0,0,0,0,0,0,0,0
2020-03-03,02,Aragón,0,2020-03-03,0,Aragón,0,0,0,0,0,0,0,0,0,2,2,1,1,0,0,0,0,0,0,0,0
2020-03-04,02,Aragón,0,2020-03-04,0,Aragón,0,0,0,0,0,0,0,0,0,2,2,1,1,0,0,0,0,0,0,0,0
2020-03-05,02,Aragón,1,2020-03-05,1,Aragón,0,0,0,0,0,0,0,0,0,2,2,1,1,0,0,0,0,0,0,0,0
2020-03-06,02,Aragón,6,2020-03-06,6,Aragón,0,0,0,0,0,0,0,0,0,2,2,1,1,0,0,0,0,0,0,0,0
2020-03-07,02,Aragón,11,2020-03-07,11,Aragón,0,0,0,0,0,0,0,0,0,2,2,1,1,0,0,0,0,0,0,0,0
2020-03-08,02,Aragón,13,2020-03-08,13,Aragón,0,0,0,0,0,0,0,0,0,2,2,1,1,0,0,0,0,0,0,0,0
2020-03-09,02,Aragón,13,2020-03-09,13,Aragón,3,1,0,0,0,0,1,0,0,2,2,1,1,1,1,0,0,0,0,1,0
2020-03-10,02,Aragón,38,2020-03-10,38,Aragón,3,1,2,1,0,0,1,3,0,2,2,1,1,1,1,1,1,0,0,1,1
2020-03-11,02,Aragón,45,2020-03-11,45,Aragón,3,1,2,1,0,0,1,3,0,2,2,1,1,1,1,1,1,0,0,1,1
2020-03-12,02,Aragón,64,2020-03-12,64,Aragón,3,1,2,1,0,0,1,3,0,2,2,1,1,1,1,1,1,0,0,1,1
2020-03-13,02,Aragón,80,2020-03-13,80,Aragón,3,1,2,1,0,0,1,3,0,2,2,1,1,1,1,1,1,0,0,1,1
2020-03-14,02,Aragón,80,2020-03-14,80,Aragón,3,2,2,1,1,2,1,3,0,2,2,1,1,1,1,1,1,1,1,1,1
2020-03-15,02,Aragón,147,2020-03-15,147,Aragón,3,2,2,1,1,2,1,3,0,2,2,1,1,1,1,1,1,1,1,1,1
2020-03-16,02,Aragón,174,2020-03-16,174,Aragón,3,2,2,1,1,2,1,3,0,2,2,1,1,1,1,1,1,1,1,1,1
2020-03-17,02,Aragón,207,2020-03-17,207,Aragón,3,2,2,1,1,2,1,4,0,2,2,1,1,1,1,1,1,1,1,1,1
2020-03-18,02,Aragón,226,2020-03-18,226,Aragón,3,2,2,1,1,2,1,4,2,2,2,1,1,1,1,1,1,1,1,1,1
2020-03-19,02,Aragón,281,2020-03-19,281,Aragón,3,2,2,1,1,2,1,4,2,2,2,1,1,1,1,1,1,1,1,1,1
2020-03-20,02,Aragón,360,2020-03-20,360,Aragón,3,2,2,1,1,2,1,4,2,2,2,1,1,1,1,1,1,1,1,1,1
2020-03-21,02,Aragón,424,2020-03-21,424,Aragón,3,2,2,1,1,2,1,4,2,2,2,1,1,1,1,1,1,1,1,1,1
2020-03-22,02,Aragón,532,2020-03-22,532,Aragón,3,2,2,1,1,2,1,4,2,2,2,1,1,1,1,1,1,1,1,1,1
2020-03-23,02,Aragón,638,2020-03-23,638,Aragón,3,2,2,1,1,2,1,4,2,2,2,1,1,1,1,1,1,1,1,1,1
2020-03-24,02,Aragón,758,2020-03-24,758,Aragón,3,2,2,1,1,2,1,4,2,2,2,1,1,1,1,1,1,1,1,1,1
2020-03-25,02,Aragón,907,2020-03-25,907,Aragón,3,2,2,1,1,2,1,4,2,2,2,1,1,1,1,1,1,1,1,1,1
2020-02-27,03,Asturias,0,2020-02-27,0,Asturias,0,0,0,0,0,0,0,0,0,2,2,1,1,0,0,0,0,0,0,0,0
2020-02-28,03,Asturias,0,2020-02-28,0,Asturias,0,0,0,0,0,0,0,0,0,2,2,1,1,0,0,0,0,0,0,0,0
2020-02-29,03,Asturias,0,2020-02-29,0,Asturias,0,0,0,0,0,0,0,0,0,2,2,1,1,0,0,0,0,0,0,0,0
2020-03-01,03,Asturias,1,2020-03-01,1,Asturias,0,0,0,0,0,0,0,0,0,2,2,1,1,0,0,0,0,0,0,0,0
2020-03-02,03,Asturias,1,2020-03-02,1,Asturias,0,0,0,0,0,0,0,0,0,2,2,1,1,0,0,0,0,0,0,0,0
2020-03-03,03,Asturias,1,2020-03-03,1,Asturias,0,0,0,0,0,0,0,0,0,2,2,1,1,0,0,0,0,0,0,0,0
2020-03-04,03,Asturias,2,2020-03-04,2,Asturias,0,0,0,0,0,0,0,0,0,2,2,1,1,0,0,0,0,0,0,0,0
2020-03-05,03,Asturias,5,2020-03-05,5,Asturias,0,0,0,0,0,0,0,0,0,2,2,1,1,0,0,0,0,0,0,0,0
2020-03-06,03,Asturias,5,2020-03-06,5,Asturias,0,0,0,0,0,0,0,0,0,2,2,1,1,0,0,0,0,0,0,0,0
2020-03-07,03,Asturias,5,2020-03-07,5,Asturias,0,0,0,0,0,0,0,0,0,2,2,1,1,0,0,0,0,0,0,0,0
2020-03-08,03,Asturias,7,2020-03-08,7,Asturias,0,0,0,0,0,0,0,0,0,2,2,1,1,0,0,0,0,0,0,0,0
2020-03-09,03,Asturias,7,2020-03-09,7,Asturias,3,1,0,0,0,0,1,0,0,2,2,1,1,1,1,0,0,0,0,1,0
2020-03-10,03,Asturias,22,2020-03-10,22,Asturias,3,1,2,1,0,0,1,3,0,2,2,1,1,1,1,1,1,0,0,1,1
2020-03-11,03,Asturias,32,2020-03-11,32,Asturias,3,1,2,1,0,0,1,3,0,2,2,1,1,1,1,1,1,0,0,1,1
2020-03-12,03,Asturias,47,2020-03-12,47,Asturias,3,1,2,1,0,0,1,3,0,2,2,1,1,1,1,1,1,0,0,1,1
2020-03-13,03,Asturias,67,2020-03-13,67,Asturias,3,1,2,1,0,0,1,3,0,2,2,1,1,1,1,1,1,0,0,1,1
2020-03-14,03,Asturias,92,2020-03-14,92,Asturias,3,2,2,1,1,2,1,3,0,2,2,1,1,1,1,1,1,1,1,1,1
2020-03-15,03,Asturias,137,2020-03-15,137,Asturias,3,2,2,1,1,2,1,3,0,2,2,1,1,1,1,1,1,1,1,1,1
2020-03-16,03,Asturias,177,2020-03-16,177,Asturias,3,2,2,1,1,2,1,3,0,2,2,1,1,1,1,1,1,1,1,1,1
2020-03-17,03,Asturias,193,2020-03-17,193,Asturias,3,2,2,1,1,2,1,4,0,2,2,1,1,1,1,1,1,1,1,1,1
2020-03-18,03,Asturias,242,2020-03-18,242,Asturias,3,2,2,1,1,2,1,4,2,2,2,1,1,1,1,1,1,1,1,1,1
2020-03-19,03,Asturias,292,2020-03-19,292,Asturias,3,2,2,1,1,2,1,4,2,2,2,1,1,1,1,1,1,1,1,1,1
2020-03-20,03,Asturias,344,2020-03-20,344,Asturias,3,2,2,1,1,2,1,4,2,2,2,1,1,1,1,1,1,1,1,1,1
2020-03-21,03,Asturias,486,2020-03-21,486,Asturias,3,2,2,1,1,2,1,4,2,2,2,1,1,1,1,1,1,1,1,1,1
2020-03-22,03,Asturias,545,2020-03-22,545,Asturias,3,2,2,1,1,2,1,4,2,2,2,1,1,1,1,1,1,1,1,1,1
2020-03-23,03,Asturias,594,2020-03-23,594,Asturias,3,2,2,1,1,2,1,4,2,2,2,1,1,1,1,1,1,1,1,1,1
2020-03-24,03,Asturias,662,2020-03-24,662,Asturias,3,2,2,1,1,2,1,4,2,2,2,1,1,1,1,1,1,1,1,1,1
2020-03-25,03,Asturias,779,2020-03-25,779,Asturias,3,2,2,1,1,2,1,4,2,2,2,1,1,1,1,1,1,1,1,1,1
2020-02-27,04,Baleares,1,2020-02-27,1,Baleares,0,0,0,0,0,0,0,0,0,2,2,1,1,0,0,0,0,0,0,0,0
2020-02-28,04,Baleares,1,2020-02-28,1,Baleares,0,0,0,0,0,0,0,0,0,2,2,1,1,0,0,0,0,0,0,0,0
2020-02-29,04,Baleares,2,2020-02-29,2,Baleares,0,0,0,0,0,0,0,0,0,2,2,1,1,0,0,0,0,0,0,0,0
2020-03-01,04,Baleares,2,2020-03-01,2,Baleares,0,0,0,0,0,0,0,0,0,2,2,1,1,0,0,0,0,0,0,0,0
2020-03-02,04,Baleares,2,2020-03-02,2,Baleares,0,0,0,0,0,0,0,0,0,2,2,1,1,0,0,0,0,0,0,0,0
2020-03-03,04,Baleares,2,2020-03-03,2,Baleares,0,0,0,0,0,0,0,0,0,2,2,1,1,0,0,0,0,0,0,0,0
2020-03-04,04,Baleares,5,2020-03-04,5,Baleares,0,0,0,0,0,0,0,0,0,2,2,1,1,0,0,0,0,0,0,0,0
2020-03-05,04,Baleares,6,2020-03-05,6,Baleares,0,0,0,0,0,0,0,0,0,2,2,1,1,0,0,0,0,0,0,0,0
2020-03-06,04,Baleares,6,2020-03-06,6,Baleares,0,0,0,0,0,0,0,0,0,2,2,1,1,0,0,0,0,0,0,0,0
2020-03-07,04,Baleares,6,2020-03-07,6,Baleares,0,0,0,0,0,0,0,0,0,2,2,1,1,0,0,0,0,0,0,0,0
2020-03-08,04,Baleares,8,2020-03-08,8,Baleares,0,0,0,0,0,0,0,0,0,2,2,1,1,0,0,0,0,0,0,0,0
2020-03-09,04,Baleares,11,2020-03-09,11,Baleares,3,1,0,0,0,0,1,0,0,2,2,1,1,1,1,0,0,0,0,1,0
2020-03-10,04,Baleares,13,2020-03-10,13,Baleares,3,1,2,1,0,0,1,3,0,2,2,1,1,1,1,1,1,0,0,1,1
2020-03-11,04,Baleares,16,2020-03-11,16,Baleares,3,1,2,1,0,0,1,3,0,2,2,1,1,1,1,1,1,0,0,1,1
2020-03-12,04,Baleares,22,2020-03-12,22,Baleares,3,1,2,1,0,0,1,3,0,2,2,1,1,1,1,1,1,0,0,1,1
2020-03-13,04,Baleares,30,2020-03-13,30,Baleares,3,1,2,1,0,0,1,3,0,2,2,1,1,1,1,1,1,0,0,1,1
2020-03-14,04,Baleares,28,2020-03-14,28,Baleares,3,2,2,1,1,2,1,3,0,2,2,1,1,1,1,1,1,1,1,1,1
2020-03-15,04,Baleares,28,2020-03-15,28,Baleares,3,2,2,1,1,2,1,3,0,2,2,1,1,1,1,1,1,1,1,1,1
2020-03-16,04,Baleares,73,2020-03-16,73,Baleares,3,2,2,1,1,2,1,3,0,2,2,1,1,1,1,1,1,1,1,1,1
2020-03-17,04,Baleares,92,2020-03-17,92,Baleares,3,2,2,1,1,2,1,4,0,2,2,1,1,1,1,1,1,1,1,1,1
2020-03-18,04,Baleares,112,2020-03-18,112,Baleares,3,2,2,1,1,2,1,4,2,2,2,1,1,1,1,1,1,1,1,1,1
2020-03-19,04,Baleares,169,2020-03-19,169,Baleares,3,2,2,1,1,2,1,4,2,2,2,1,1,1,1,1,1,1,1,1,1
2020-03-20,04,Baleares,203,2020-03-20,203,Baleares,3,2,2,1,1,2,1,4,2,2,2,1,1,1,1,1,1,1,1,1,1
2020-03-21,04,Baleares,246,2020-03-21,246,Baleares,3,2,2,1,1,2,1,4,2,2,2,1,1,1,1,1,1,1,1,1,1
2020-03-22,04,Baleares,331,2020-03-22,331,Baleares,3,2,2,1,1,2,1,4,2,2,2,1,1,1,1,1,1,1,1,1,1
2020-03-23,04,Baleares,400,2020-03-23,400,Baleares,3,2,2,1,1,2,1,4,2,2,2,1,1,1,1,1,1,1,1,1,1
2020-03-24,04,Baleares,478,2020-03-24,478,Baleares,3,2,2,1,1,2,1,4,2,2,2,1,1,1,1,1,1,1,1,1,1
2020-03-25,04,Baleares,562,2020-03-25,562,Baleares,3,2,2,1,1,2,1,4,2,2,2,1,1,1,1,1,1,1,1,1,1
2020-02-27,05,Canarias,6,2020-02-27,6,Canarias,0,0,0,0,0,0,0,0,0,2,2,1,1,0,0,0,0,0,0,0,0
2020-02-28,05,Canarias,6,2020-02-28,6,Canarias,0,0,0,0,0,0,0,0,0,2,2,1,1,0,0,0,0,0,0,0,0
2020-02-29,05,Canarias,6,2020-02-29,6,Canarias,0,0,0,0,0,0,0,0,0,2,2,1,1,0,0,0,0,0,0,0,0
2020-03-01,05,Canarias,7,2020-03-01,7,Canarias,0,0,0,0,0,0,0,0,0,2,2,1,1,0,0,0,0,0,0,0,0
2020-03-02,05,Canarias,7,2020-03-02,7,Canarias,0,0,0,0,0,0,0,0,0,2,2,1,1,0,0,0,0,0,0,0,0
2020-03-03,05,Canarias,7,2020-03-03,7,Canarias,0,0,0,0,0,0,0,0,0,2,2,1,1,0,0,0,0,0,0,0,0
2020-03-04,05,Canarias,7,2020-03-04,7,Canarias,0,0,0,0,0,0,0,0,0,2,2,1,1,0,0,0,0,0,0,0,0
2020-03-05,05,Canarias,8,2020-03-05,8,Canarias,0,0,0,0,0,0,0,0,0,2,2,1,1,0,0,0,0,0,0,0,0
2020-03-06,05,Canarias,11,2020-03-06,11,Canarias,0,0,0,0,0,0,0,0,0,2,2,1,1,0,0,0,0,0,0,0,0
2020-03-07,05,Canarias,18,2020-03-07,18,Canarias,0,0,0,0,0,0,0,0,0,2,2,1,1,0,0,0,0,0,0,0,0
2020-03-08,05,Canarias,17,2020-03-08,17,Canarias,0,0,0,0,0,0,0,0,0,2,2,1,1,0,0,0,0,0,0,0,0
2020-03-09,05,Canarias,22,2020-03-09,22,Canarias,3,1,0,0,0,0,1,0,0,2,2,1,1,1,1,0,0,0,0,1,0
2020-03-10,05,Canarias,25,2020-03-10,25,Canarias,3,1,2,1,0,0,1,3,0,2,2,1,1,1,1,1,1,0,0,1,1
2020-03-11,05,Canarias,37,2020-03-11,37,Canarias,3,1,2,1,0,0,1,3,0,2,2,1,1,1,1,1,1,0,0,1,1
2020-03-12,05,Canarias,51,2020-03-12,51,Canarias,3,1,2,1,0,0,1,3,0,2,2,1,1,1,1,1,1,0,0,1,1
2020-03-13,05,Canarias,70,2020-03-13,70,Canarias,3,1,2,1,0,0,1,3,0,2,2,1,1,1,1,1,1,0,0,1,1
2020-03-14,05,Canarias,90,2020-03-14,90,Canarias,3,2,2,1,1,2,1,3,0,2,2,1,1,1,1,1,1,1,1,1,1
2020-03-15,05,Canarias,109,2020-03-15,109,Canarias,3,2,2,1,1,2,1,3,0,2,2,1,1,1,1,1,1,1,1,1,1
2020-03-16,05,Canarias,119,2020-03-16,119,Canarias,3,2,2,1,1,2,1,3,0,2,2,1,1,1,1,1,1,1,1,1,1
2020-03-17,05,Canarias,148,2020-03-17,148,Canarias,3,2,2,1,1,2,1,4,0,2,2,1,1,1,1,1,1,1,1,1,1
2020-03-18,05,Canarias,181,2020-03-18,181,Canarias,3,2,2,1,1,2,1,4,2,2,2,1,1,1,1,1,1,1,1,1,1
2020-03-19,05,Canarias,220,2020-03-19,220,Canarias,3,2,2,1,1,2,1,4,2,2,2,1,1,1,1,1,1,1,1,1,1
2020-03-20,05,Canarias,287,2020-03-20,287,Canarias,3,2,2,1,1,2,1,4,2,2,2,1,1,1,1,1,1,1,1,1,1
2020-03-21,05,Canarias,348,2020-03-21,348,Canarias,3,2,2,1,1,2,1,4,2,2,2,1,1,1,1,1,1,1,1,1,1
2020-03-22,05,Canarias,414,2020-03-22,414,Canarias,3,2,2,1,1,2,1,4,2,2,2,1,1,1,1,1,1,1,1,1,1
2020-03-23,05,Canarias,481,2020-03-23,481,Canarias,3,2,2,1,1,2,1,4,2,2,2,1,1,1,1,1,1,1,1,1,1
2020-03-24,05,Canarias,557,2020-03-24,557,Canarias,3,2,2,1,1,2,1,4,2,2,2,1,1,1,1,1,1,1,1,1,1
2020-03-25,05,Canarias,657,2020-03-25,657,Canarias,3,2,2,1,1,2,1,4,2,2,2,1,1,1,1,1,1,1,1,1,1
2020-02-27,06,Cantabria,0,2020-02-27,0,Cantabria,0,0,0,0,0,0,0,0,0,2,2,1,1,0,0,0,0,0,0,0,0
2020-02-28,06,Cantabria,0,2020-02-28,0,Cantabria,0,0,0,0,0,0,0,0,0,2,2,1,1,0,0,0,0,0,0,0,0
2020-02-29,06,Cantabria,0,2020-02-29,0,Cantabria,0,0,0,0,0,0,0,0,0,2,2,1,1,0,0,0,0,0,0,0,0
2020-03-01,06,Cantabria,1,2020-03-01,1,Cantabria,0,0,0,0,0,0,0,0,0,2,2,1,1,0,0,0,0,0,0,0,0
2020-03-02,06,Cantabria,10,2020-03-02,10,Cantabria,0,0,0,0,0,0,0,0,0,2,2,1,1,0,0,0,0,0,0,0,0
2020-03-03,06,Cantabria,10,2020-03-03,10,Cantabria,0,0,0,0,0,0,0,0,0,2,2,1,1,0,0,0,0,0,0,0,0
2020-03-04,06,Cantabria,10,2020-03-04,10,Cantabria,0,0,0,0,0,0,0,0,0,2,2,1,1,0,0,0,0,0,0,0,0
2020-03-05,06,Cantabria,10,2020-03-05,10,Cantabria,0,0,0,0,0,0,0,0,0,2,2,1,1,0,0,0,0,0,0,0,0
2020-03-06,06,Cantabria,10,2020-03-06,10,Cantabria,0,0,0,0,0,0,0,0,0,2,2,1,1,0,0,0,0,0,0,0,0
2020-03-07,06,Cantabria,10,2020-03-07,10,Cantabria,0,0,0,0,0,0,0,0,0,2,2,1,1,0,0,0,0,0,0,0,0
2020-03-08,06,Cantabria,12,2020-03-08,12,Cantabria,0,0,0,0,0,0,0,0,0,2,2,1,1,0,0,0,0,0,0,0,0
2020-03-09,06,Cantabria,12,2020-03-09,12,Cantabria,3,1,0,0,0,0,1,0,0,2,2,1,1,1,1,0,0,0,0,1,0
2020-03-10,06,Cantabria,12,2020-03-10,12,Cantabria,3,1,2,1,0,0,1,3,0,2,2,1,1,1,1,1,1,0,0,1,1
2020-03-11,06,Cantabria,12,2020-03-11,12,Cantabria,3,1,2,1,0,0,1,3,0,2,2,1,1,1,1,1,1,0,0,1,1
2020-03-12,06,Cantabria,16,2020-03-12,16,Cantabria,3,1,2,1,0,0,1,3,0,2,2,1,1,1,1,1,1,0,0,1,1
2020-03-13,06,Cantabria,29,2020-03-13,29,Cantabria,3,1,2,1,0,0,1,3,0,2,2,1,1,1,1,1,1,0,0,1,1
2020-03-14,06,Cantabria,31,2020-03-14,31,Cantabria,3,2,2,1,1,2,1,3,0,2,2,1,1,1,1,1,1,1,1,1,1
2020-03-15,06,Cantabria,51,2020-03-15,51,Cantabria,3,2,2,1,1,2,1,3,0,2,2,1,1,1,1,1,1,1,1,1,1
2020-03-16,06,Cantabria,58,2020-03-16,58,Cantabria,3,2,2,1,1,2,1,3,0,2,2,1,1,1,1,1,1,1,1,1,1
2020-03-17,06,Cantabria,58,2020-03-17,58,Cantabria,3,2,2,1,1,2,1,4,0,2,2,1,1,1,1,1,1,1,1,1,1
2020-03-18,06,Cantabria,68,2020-03-18,68,Cantabria,3,2,2,1,1,2,1,4,2,2,2,1,1,1,1,1,1,1,1,1,1
2020-03-19,06,Cantabria,83,2020-03-19,83,Cantabria,3,2,2,1,1,2,1,4,2,2,2,1,1,1,1,1,1,1,1,1,1
2020-03-20,06,Cantabria,144,2020-03-20,144,Cantabria,3,2,2,1,1,2,1,4,2,2,2,1,1,1,1,1,1,1,1,1,1
2020-03-21,06,Cantabria,215,2020-03-21,215,Cantabria,3,2,2,1,1,2,1,4,2,2,2,1,1,1,1,1,1,1,1,1,1
2020-03-22,06,Cantabria,282,2020-03-22,282,Cantabria,3,2,2,1,1,2,1,4,2,2,2,1,1,1,1,1,1,1,1,1,1
2020-03-23,06,Cantabria,347,2020-03-23,347,Cantabria,3,2,2,1,1,2,1,4,2,2,2,1,1,1,1,1,1,1,1,1,1
2020-03-24,06,Cantabria,425,2020-03-24,425,Cantabria,3,2,2,1,1,2,1,4,2,2,2,1,1,1,1,1,1,1,1,1,1
2020-03-25,06,Cantabria,510,2020-03-25,510,Cantabria,3,2,2,1,1,2,1,4,2,2,2,1,1,1,1,1,1,1,1,1,1
2020-02-27,08,Castilla-La Mancha,0,2020-02-27,0,Castilla-La Mancha,0,0,0,0,0,0,0,0,0,2,2,1,1,0,0,0,0,0,0,0,0
2020-02-28,08,Castilla-La Mancha,0,2020-02-28,0,Castilla-La Mancha,0,0,0,0,0,0,0,0,0,2,2,1,1,0,0,0,0,0,0,0,0
2020-02-29,08,Castilla-La Mancha,0,2020-02-29,0,Castilla-La Mancha,0,0,0,0,0,0,0,0,0,2,2,1,1,0,0,0,0,0,0,0,0
2020-03-01,08,Castilla-La Mancha,1,2020-03-01,1,Castilla-La Mancha,0,0,0,0,0,0,0,0,0,2,2,1,1,0,0,0,0,0,0,0,0
2020-03-02,08,Castilla-La Mancha,3,2020-03-02,3,Castilla-La Mancha,0,0,0,0,0,0,0,0,0,2,2,1,1,0,0,0,0,0,0,0,0
2020-03-03,08,Castilla-La Mancha,7,2020-03-03,7,Castilla-La Mancha,0,0,0,0,0,0,0,0,0,2,2,1,1,0,0,0,0,0,0,0,0
2020-03-04,08,Castilla-La Mancha,12,2020-03-04,12,Castilla-La Mancha,0,0,0,0,0,0,0,0,0,2,2,1,1,0,0,0,0,0,0,0,0
2020-03-05,08,Castilla-La Mancha,13,2020-03-05,13,Castilla-La Mancha,0,0,0,0,0,0,0,0,0,2,2,1,1,0,0,0,0,0,0,0,0
2020-03-06,08,Castilla-La Mancha,15,2020-03-06,15,Castilla-La Mancha,0,0,0,0,0,0,0,0,0,2,2,1,1,0,0,0,0,0,0,0,0
2020-03-07,08,Castilla-La Mancha,15,2020-03-07,15,Castilla-La Mancha,0,0,0,0,0,0,0,0,0,2,2,1,1,0,0,0,0,0,0,0,0
2020-03-08,08,Castilla-La Mancha,15,2020-03-08,15,Castilla-La Mancha,0,0,0,0,0,0,0,0,0,2,2,1,1,0,0,0,0,0,0,0,0
2020-03-09,08,Castilla-La Mancha,26,2020-03-09,26,Castilla-La Mancha,3,1,0,0,0,0,1,0,0,2,2,1,1,1,1,0,0,0,0,1,0
2020-03-10,08,Castilla-La Mancha,39,2020-03-10,39,Castilla-La Mancha,3,1,2,1,0,0,1,3,0,2,2,1,1,1,1,1,1,0,0,1,1
2020-03-11,08,Castilla-La Mancha,71,2020-03-11,71,Castilla-La Mancha,3,1,2,1,0,0,1,3,0,2,2,1,1,1,1,1,1,0,0,1,1
2020-03-12,08,Castilla-La Mancha,115,2020-03-12,115,Castilla-La Mancha,3,1,2,1,0,0,1,3,0,2,2,1,1,1,1,1,1,0,0,1,1
2020-03-13,08,Castilla-La Mancha,194,2020-03-13,194,Castilla-La Mancha,3,1,2,1,0,0,1,3,0,2,2,1,1,1,1,1,1,0,0,1,1
2020-03-14,08,Castilla-La Mancha,289,2020-03-14,289,Castilla-La Mancha,3,2,2,1,1,2,1,3,0,2,2,1,1,1,1,1,1,1,1,1,1
2020-03-15,08,Castilla-La Mancha,401,2020-03-15,401,Castilla-La Mancha,3,2,2,1,1,2,1,3,0,2,2,1,1,1,1,1,1,1,1,1,1
2020-03-16,08,Castilla-La Mancha,567,2020-03-16,567,Castilla-La Mancha,3,2,2,1,1,2,1,3,0,2,2,1,1,1,1,1,1,1,1,1,1
2020-03-17,08,Castilla-La Mancha,567,2020-03-17,567,Castilla-La Mancha,3,2,2,1,1,2,1,4,0,2,2,1,1,1,1,1,1,1,1,1,1
2020-03-18,08,Castilla-La Mancha,675,2020-03-18,675,Castilla-La Mancha,3,2,2,1,1,2,1,4,2,2,2,1,1,1,1,1,1,1,1,1,1
2020-03-19,08,Castilla-La Mancha,801,2020-03-19,801,Castilla-La Mancha,3,2,2,1,1,2,1,4,2,2,2,1,1,1,1,1,1,1,1,1,1
2020-03-20,08,Castilla-La Mancha,1044,2020-03-20,1044,Castilla-La Mancha,3,2,2,1,1,2,1,4,2,2,2,1,1,1,1,1,1,1,1,1,1
2020-03-21,08,Castilla-La Mancha,1423,2020-03-21,1423,Castilla-La Mancha,3,2,2,1,1,2,1,4,2,2,2,1,1,1,1,1,1,1,1,1,1
2020-03-22,08,Castilla-La Mancha,1819,2020-03-22,1819,Castilla-La Mancha,3,2,2,1,1,2,1,4,2,2,2,1,1,1,1,1,1,1,1,1,1
2020-03-23,08,Castilla-La Mancha,2078,2020-03-23,2078,Castilla-La Mancha,3,2,2,1,1,2,1,4,2,2,2,1,1,1,1,1,1,1,1,1,1
2020-03-24,08,Castilla-La Mancha,2465,2020-03-24,2465,Castilla-La Mancha,3,2,2,1,1,2,1,4,2,2,2,1,1,1,1,1,1,1,1,1,1
2020-03-25,08,Castilla-La Mancha,2780,2020-03-25,2780,Castilla-La Mancha,3,2,2,1,1,2,1,4,2,2,2,1,1,1,1,1,1,1,1,1,1
2020-02-27,07,Castilla y León,0,2020-02-27,0,Castilla y León,0,0,0,0,0,0,0,0,0,2,2,1,1,0,0,0,0,0,0,0,0
2020-02-28,07,Castilla y León,2,2020-02-28,2,Castilla y León,0,0,0,0,0,0,0,0,0,2,2,1,1,0,0,0,0,0,0,0,0
2020-02-29,07,Castilla y León,2,2020-02-29,2,Castilla y León,0,0,0,0,0,0,0,0,0,2,2,1,1,0,0,0,0,0,0,0,0
2020-03-01,07,Castilla y León,3,2020-03-01,3,Castilla y León,0,0,0,0,0,0,0,0,0,2,2,1,1,0,0,0,0,0,0,0,0
2020-03-02,07,Castilla y León,3,2020-03-02,3,Castilla y León,0,0,0,0,0,0,0,0,0,2,2,1,1,0,0,0,0,0,0,0,0
2020-03-03,07,Castilla y León,8,2020-03-03,8,Castilla y León,0,0,0,0,0,0,0,0,0,2,2,1,1,0,0,0,0,0,0,0,0
2020-03-04,07,Castilla y León,11,2020-03-04,11,Castilla y León,0,0,0,0,0,0,0,0,0,2,2,1,1,0,0,0,0,0,0,0,0
2020-03-05,07,Castilla y León,11,2020-03-05,11,Castilla y León,0,0,0,0,0,0,0,0,0,2,2,1,1,0,0,0,0,0,0,0,0
2020-03-06,07,Castilla y León,14,2020-03-06,14,Castilla y León,0,0,0,0,0,0,0,0,0,2,2,1,1,0,0,0,0,0,0,0,0
2020-03-07,07,Castilla y León,14,2020-03-07,14,Castilla y León,0,0,0,0,0,0,0,0,0,2,2,1,1,0,0,0,0,0,0,0,0
2020-03-08,07,Castilla y León,22,2020-03-08,22,Castilla y León,0,0,0,0,0,0,0,0,0,2,2,1,1,0,0,0,0,0,0,0,0
2020-03-09,07,Castilla y León,23,2020-03-09,23,Castilla y León,3,1,0,0,0,0,1,0,0,2,2,1,1,1,1,0,0,0,0,1,0
2020-03-10,07,Castilla y León,56,2020-03-10,56,Castilla y León,3,1,2,1,0,0,1,3,0,2,2,1,1,1,1,1,1,0,0,1,1
2020-03-11,07,Castilla y León,71,2020-03-11,71,Castilla y León,3,1,2,1,0,0,1,3,0,2,2,1,1,1,1,1,1,0,0,1,1
2020-03-12,07,Castilla y León,92,2020-03-12,92,Castilla y León,3,1,2,1,0,0,1,3,0,2,2,1,1,1,1,1,1,0,0,1,1
2020-03-13,07,Castilla y León,169,2020-03-13,169,Castilla y León,3,1,2,1,0,0,1,3,0,2,2,1,1,1,1,1,1,0,0,1,1
2020-03-14,07,Castilla y León,223,2020-03-14,223,Castilla y León,3,2,2,1,1,2,1,3,0,2,2,1,1,1,1,1,1,1,1,1,1
2020-03-15,07,Castilla y León,292,2020-03-15,292,Castilla y León,3,2,2,1,1,2,1,3,0,2,2,1,1,1,1,1,1,1,1,1,1
2020-03-16,07,Castilla y León,334,2020-03-16,334,Castilla y León,3,2,2,1,1,2,1,3,0,2,2,1,1,1,1,1,1,1,1,1,1
2020-03-17,07,Castilla y León,431,2020-03-17,431,Castilla y León,3,2,2,1,1,2,1,4,0,2,2,1,1,1,1,1,1,1,1,1,1
2020-03-18,07,Castilla y León,668,2020-03-18,668,Castilla y León,3,2,2,1,1,2,1,4,2,2,2,1,1,1,1,1,1,1,1,1,1
2020-03-19,07,Castilla y León,868,2020-03-19,868,Castilla y León,3,2,2,1,1,2,1,4,2,2,2,1,1,1,1,1,1,1,1,1,1
2020-03-20,07,Castilla y León,1147,2020-03-20,1147,Castilla y León,3,2,2,1,1,2,1,4,2,2,2,1,1,1,1,1,1,1,1,1,1
2020-03-21,07,Castilla y León,1466,2020-03-21,1466,Castilla y León,3,2,2,1,1,2,1,4,2,2,2,1,1,1,1,1,1,1,1,1,1
2020-03-22,07,Castilla y León,1744,2020-03-22,1744,Castilla y León,3,2,2,1,1,2,1,4,2,2,2,1,1,1,1,1,1,1,1,1,1
2020-03-23,07,Castilla y León,2055,2020-03-23,2055,Castilla y León,3,2,2,1,1,2,1,4,2,2,2,1,1,1,1,1,1,1,1,1,1
2020-03-24,07,Castilla y León,2460,2020-03-24,2460,Castilla y León,3,2,2,1,1,2,1,4,2,2,2,1,1,1,1,1,1,1,1,1,1
2020-03-25,07,Castilla y León,2940,2020-03-25,2940,Castilla y León,3,2,2,1,1,2,1,4,2,2,2,1,1,1,1,1,1,1,1,1,1
2020-02-27,09,Cataluña,2,2020-02-27,2,Cataluña,0,0,0,0,0,0,0,0,0,2,2,1,1,0,0,0,0,0,0,0,0
2020-02-28,09,Cataluña,3,2020-02-28,3,Cataluña,0,0,0,0,0,0,0,0,0,2,2,1,1,0,0,0,0,0,0,0,0
2020-02-29,09,Cataluña,5,2020-02-29,5,Cataluña,0,0,0,0,0,0,0,0,0,2,2,1,1,0,0,0,0,0,0,0,0
2020-03-01,09,Cataluña,6,2020-03-01,6,Cataluña,0,0,0,0,0,0,0,0,0,2,2,1,1,0,0,0,0,0,0,0,0
2020-03-02,09,Cataluña,15,2020-03-02,15,Cataluña,0,0,0,0,0,0,0,0,0,2,2,1,1,0,0,0,0,0,0,0,0
2020-03-03,09,Cataluña,15,2020-03-03,15,Cataluña,0,0,0,0,0,0,0,0,0,2,2,1,1,0,0,0,0,0,0,0,0
2020-03-04,09,Cataluña,15,2020-03-04,15,Cataluña,0,0,0,0,0,0,0,0,0,2,2,1,1,0,0,0,0,0,0,0,0
2020-03-05,09,Cataluña,24,2020-03-05,24,Cataluña,0,0,0,0,0,0,0,0,0,2,2,1,1,0,0,0,0,0,0,0,0
2020-03-06,09,Cataluña,24,2020-03-06,24,Cataluña,0,0,0,0,0,0,0,0,0,2,2,1,1,0,0,0,0,0,0,0,0
2020-03-07,09,Cataluña,24,2020-03-07,24,Cataluña,0,0,0,0,0,0,0,0,0,2,2,1,1,0,0,0,0,0,0,0,0
2020-03-08,09,Cataluña,49,2020-03-08,49,Cataluña,0,0,0,0,0,0,0,0,0,2,2,1,1,0,0,0,0,0,0,0,0
2020-03-09,09,Cataluña,75,2020-03-09,75,Cataluña,3,1,0,0,0,0,1,0,0,2,2,1,1,1,1,0,0,0,0,1,0
2020-03-10,09,Cataluña,124,2020-03-10,124,Cataluña,3,1,2,1,0,0,1,3,0,2,2,1,1,1,1,1,1,0,0,1,1
2020-03-11,09,Cataluña,156,2020-03-11,156,Cataluña,3,1,2,1,0,0,1,3,0,2,2,1,1,1,1,1,1,0,0,1,1
2020-03-12,09,Cataluña,260,2020-03-12,260,Cataluña,3,1,2,1,0,0,1,3,0,2,2,1,1,1,1,1,1,0,0,1,1
2020-03-13,09,Cataluña,316,2020-03-13,316,Cataluña,3,1,2,1,0,0,1,3,0,2,2,1,1,1,1,1,1,0,0,1,1
2020-03-14,09,Cataluña,509,2020-03-14,509,Cataluña,3,2,2,1,1,2,1,3,0,2,2,1,1,1,1,1,1,1,1,1,1
2020-03-15,09,Cataluña,715,2020-03-15,715,Cataluña,3,2,2,1,1,2,1,3,0,2,2,1,1,1,1,1,1,1,1,1,1
2020-03-16,09,Cataluña,903,2020-03-16,903,Cataluña,3,2,2,1,1,2,1,3,0,2,2,1,1,1,1,1,1,1,1,1,1
2020-03-17,09,Cataluña,1394,2020-03-17,1394,Cataluña,3,2,2,1,1,2,1,4,0,2,2,1,1,1,1,1,1,1,1,1,1
2020-03-18,09,Cataluña,1866,2020-03-18,1866,Cataluña,3,2,2,1,1,2,1,4,2,2,2,1,1,1,1,1,1,1,1,1,1
2020-03-19,09,Cataluña,2702,2020-03-19,2702,Cataluña,3,2,2,1,1,2,1,4,2,2,2,1,1,1,1,1,1,1,1,1,1
2020-03-20,09,Cataluña,3270,2020-03-20,3270,Cataluña,3,2,2,1,1,2,1,4,2,2,2,1,1,1,1,1,1,1,1,1,1
2020-03-21,09,Cataluña,4203,2020-03-21,4203,Cataluña,3,2,2,1,1,2,1,4,2,2,2,1,1,1,1,1,1,1,1,1,1
2020-03-22,09,Cataluña,4704,2020-03-22,4704,Cataluña,3,2,2,1,1,2,1,4,2,2,2,1,1,1,1,1,1,1,1,1,1
2020-03-23,09,Cataluña,5925,2020-03-23,5925,Cataluña,3,2,2,1,1,2,1,4,2,2,2,1,1,1,1,1,1,1,1,1,1
2020-03-24,09,Cataluña,7864,2020-03-24,7864,Cataluña,3,2,2,1,1,2,1,4,2,2,2,1,1,1,1,1,1,1,1,1,1
2020-03-25,09,Cataluña,9937,2020-03-25,9937,Cataluña,3,2,2,1,1,2,1,4,2,2,2,1,1,1,1,1,1,1,1,1,1
2020-02-27,18,Ceuta,0,2020-02-27,0,Ceuta,0,0,0,0,0,0,0,0,0,2,2,1,1,0,0,0,0,0,0,0,0
2020-02-28,18,Ceuta,0,2020-02-28,0,Ceuta,0,0,0,0,0,0,0,0,0,2,2,1,1,0,0,0,0,0,0,0,0
2020-02-29,18,Ceuta,0,2020-02-29,0,Ceuta,0,0,0,0,0,0,0,0,0,2,2,1,1,0,0,0,0,0,0,0,0
2020-03-01,18,Ceuta,0,2020-03-01,0,Ceuta,0,0,0,0,0,0,0,0,0,2,2,1,1,0,0,0,0,0,0,0,0
2020-03-02,18,Ceuta,0,2020-03-02,0,Ceuta,0,0,0,0,0,0,0,0,0,2,2,1,1,0,0,0,0,0,0,0,0
2020-03-03,18,Ceuta,0,2020-03-03,0,Ceuta,0,0,0,0,0,0,0,0,0,2,2,1,1,0,0,0,0,0,0,0,0
2020-03-04,18,Ceuta,0,2020-03-04,0,Ceuta,0,0,0,0,0,0,0,0,0,2,2,1,1,0,0,0,0,0,0,0,0
2020-03-05,18,Ceuta,0,2020-03-05,0,Ceuta,0,0,0,0,0,0,0,0,0,2,2,1,1,0,0,0,0,0,0,0,0
2020-03-06,18,Ceuta,0,2020-03-06,0,Ceuta,0,0,0,0,0,0,0,0,0,2,2,1,1,0,0,0,0,0,0,0,0
2020-03-07,18,Ceuta,0,2020-03-07,0,Ceuta,0,0,0,0,0,0,0,0,0,2,2,1,1,0,0,0,0,0,0,0,0
2020-03-08,18,Ceuta,0,2020-03-08,0,Ceuta,0,0,0,0,0,0,0,0,0,2,2,1,1,0,0,0,0,0,0,0,0
2020-03-09,18,Ceuta,0,2020-03-09,0,Ceuta,3,1,0,0,0,0,1,0,0,2,2,1,1,1,1,0,0,0,0,1,0
2020-03-10,18,Ceuta,0,2020-03-10,0,Ceuta,3,1,2,1,0,0,1,3,0,2,2,1,1,1,1,1,1,0,0,1,1
2020-03-11,18,Ceuta,0,2020-03-11,0,Ceuta,3,1,2,1,0,0,1,3,0,2,2,1,1,1,1,1,1,0,0,1,1
2020-03-12,18,Ceuta,0,2020-03-12,0,Ceuta,3,1,2,1,0,0,1,3,0,2,2,1,1,1,1,1,1,0,0,1,1
2020-03-13,18,Ceuta,0,2020-03-13,0,Ceuta,3,1,2,1,0,0,1,3,0,2,2,1,1,1,1,1,1,0,0,1,1
2020-03-14,18,Ceuta,0,2020-03-14,0,Ceuta,3,2,2,1,1,2,1,3,0,2,2,1,1,1,1,1,1,1,1,1,1
2020-03-15,18,Ceuta,1,2020-03-15,1,Ceuta,3,2,2,1,1,2,1,3,0,2,2,1,1,1,1,1,1,1,1,1,1
2020-03-16,18,Ceuta,1,2020-03-16,1,Ceuta,3,2,2,1,1,2,1,3,0,2,2,1,1,1,1,1,1,1,1,1,1
2020-03-17,18,Ceuta,1,2020-03-17,1,Ceuta,3,2,2,1,1,2,1,4,0,2,2,1,1,1,1,1,1,1,1,1,1
2020-03-18,18,Ceuta,1,2020-03-18,1,Ceuta,3,2,2,1,1,2,1,4,2,2,2,1,1,1,1,1,1,1,1,1,1
2020-03-19,18,Ceuta,1,2020-03-19,1,Ceuta,3,2,2,1,1,2,1,4,2,2,2,1,1,1,1,1,1,1,1,1,1
2020-03-20,18,Ceuta,5,2020-03-20,5,Ceuta,3,2,2,1,1,2,1,4,2,2,2,1,1,1,1,1,1,1,1,1,1
2020-03-21,18,Ceuta,5,2020-03-21,5,Ceuta,3,2,2,1,1,2,1,4,2,2,2,1,1,1,1,1,1,1,1,1,1
2020-03-22,18,Ceuta,5,2020-03-22,5,Ceuta,3,2,2,1,1,2,1,4,2,2,2,1,1,1,1,1,1,1,1,1,1
2020-03-23,18,Ceuta,6,2020-03-23,6,Ceuta,3,2,2,1,1,2,1,4,2,2,2,1,1,1,1,1,1,1,1,1,1
2020-03-24,18,Ceuta,6,2020-03-24,6,Ceuta,3,2,2,1,1,2,1,4,2,2,2,1,1,1,1,1,1,1,1,1,1
2020-03-25,18,Ceuta,9,2020-03-25,9,Ceuta,3,2,2,1,1,2,1,4,2,2,2,1,1,1,1,1,1,1,1,1,1
2020-02-27,10,C. Valenciana,2,2020-02-27,2,C. Valenciana,0,0,0,0,0,0,0,0,0,2,2,1,1,0,0,0,0,0,0,0,0
2020-02-28,10,C. Valenciana,8,2020-02-28,8,C. Valenciana,0,0,0,0,0,0,0,0,0,2,2,1,1,0,0,0,0,0,0,0,0
2020-02-29,10,C. Valenciana,10,2020-02-29,10,C. Valenciana,0,0,0,0,0,0,0,0,0,2,2,1,1,0,0,0,0,0,0,0,0
2020-03-01,10,C. Valenciana,15,2020-03-01,15,C. Valenciana,0,0,0,0,0,0,0,0,0,2,2,1,1,0,0,0,0,0,0,0,0
2020-03-02,10,C. Valenciana,15,2020-03-02,15,C. Valenciana,0,0,0,0,0,0,0,0,0,2,2,1,1,0,0,0,0,0,0,0,0
2020-03-03,10,C. Valenciana,15,2020-03-03,15,C. Valenciana,0,0,0,0,0,0,0,0,0,2,2,1,1,0,0,0,0,0,0,0,0
2020-03-04,10,C. Valenciana,19,2020-03-04,19,C. Valenciana,0,0,0,0,0,0,0,0,0,2,2,1,1,0,0,0,0,0,0,0,0
2020-03-05,10,C. Valenciana,19,2020-03-05,19,C. Valenciana,0,0,0,0,0,0,0,0,0,2,2,1,1,0,0,0,0,0,0,0,0
2020-03-06,10,C. Valenciana,30,2020-03-06,30,C. Valenciana,0,0,0,0,0,0,0,0,0,2,2,1,1,0,0,0,0,0,0,0,0
2020-03-07,10,C. Valenciana,30,2020-03-07,30,C. Valenciana,0,0,0,0,0,0,0,0,0,2,2,1,1,0,0,0,0,0,0,0,0
2020-03-08,10,C. Valenciana,37,2020-03-08,37,C. Valenciana,0,0,0,0,0,0,0,0,0,2,2,1,1,0,0,0,0,0,0,0,0
2020-03-09,10,C. Valenciana,37,2020-03-09,37,C. Valenciana,3,1,0,0,0,0,1,0,0,2,2,1,1,1,1,0,0,0,0,1,0
2020-03-10,10,C. Valenciana,50,2020-03-10,50,C. Valenciana,3,1,2,1,0,0,1,3,0,2,2,1,1,1,1,1,1,0,0,1,1
2020-03-11,10,C. Valenciana,65,2020-03-11,65,C. Valenciana,3,1,2,1,0,0,1,3,0,2,2,1,1,1,1,1,1,0,0,1,1
2020-03-12,10,C. Valenciana,76,2020-03-12,76,C. Valenciana,3,1,2,1,0,0,1,3,0,2,2,1,1,1,1,1,1,0,0,1,1
2020-03-13,10,C. Valenciana,94,2020-03-13,94,C. Valenciana,3,1,2,1,0,0,1,3,0,2,2,1,1,1,1,1,1,0,0,1,1
2020-03-14,10,C. Valenciana,130,2020-03-14,130,C. Valenciana,3,2,2,1,1,2,1,3,0,2,2,1,1,1,1,1,1,1,1,1,1
2020-03-15,10,C. Valenciana,409,2020-03-15,409,C. Valenciana,3,2,2,1,1,2,1,3,0,2,2,1,1,1,1,1,1,1,1,1,1
2020-03-16,10,C. Valenciana,409,2020-03-16,409,C. Valenciana,3,2,2,1,1,2,1,3,0,2,2,1,1,1,1,1,1,1,1,1,1
2020-03-17,10,C. Valenciana,541,2020-03-17,541,C. Valenciana,3,2,2,1,1,2,1,4,0,2,2,1,1,1,1,1,1,1,1,1,1
2020-03-18,10,C. Valenciana,726,2020-03-18,726,C. Valenciana,3,2,2,1,1,2,1,4,2,2,2,1,1,1,1,1,1,1,1,1,1
2020-03-19,10,C. Valenciana,921,2020-03-19,921,C. Valenciana,3,2,2,1,1,2,1,4,2,2,2,1,1,1,1,1,1,1,1,1,1
2020-03-20,10,C. Valenciana,1105,2020-03-20,1105,C. Valenciana,3,2,2,1,1,2,1,4,2,2,2,1,1,1,1,1,1,1,1,1,1
2020-03-21,10,C. Valenciana,1363,2020-03-21,1363,C. Valenciana,3,2,2,1,1,2,1,4,2,2,2,1,1,1,1,1,1,1,1,1,1
2020-03-22,10,C. Valenciana,1604,2020-03-22,1604,C. Valenciana,3,2,2,1,1,2,1,4,2,2,2,1,1,1,1,1,1,1,1,1,1
2020-03-23,10,C. Valenciana,1901,2020-03-23,1901,C. Valenciana,3,2,2,1,1,2,1,4,2,2,2,1,1,1,1,1,1,1,1,1,1
2020-03-24,10,C. Valenciana,2167,2020-03-24,2167,C. Valenciana,3,2,2,1,1,2,1,4,2,2,2,1,1,1,1,1,1,1,1,1,1
2020-03-25,10,C. Valenciana,2616,2020-03-25,2616,C. Valenciana,3,2,2,1,1,2,1,4,2,2,2,1,1,1,1,1,1,1,1,1,1
2020-02-27,11,Extremadura,0,2020-02-27,0,Extremadura,0,0,0,0,0,0,0,0,0,2,2,1,1,0,0,0,0,0,0,0,0
2020-02-28,11,Extremadura,0,2020-02-28,0,Extremadura,0,0,0,0,0,0,0,0,0,2,2,1,1,0,0,0,0,0,0,0,0
2020-02-29,11,Extremadura,0,2020-02-29,0,Extremadura,0,0,0,0,0,0,0,0,0,2,2,1,1,0,0,0,0,0,0,0,0
2020-03-01,11,Extremadura,4,2020-03-01,4,Extremadura,0,0,0,0,0,0,0,0,0,2,2,1,1,0,0,0,0,0,0,0,0
2020-03-02,11,Extremadura,6,2020-03-02,6,Extremadura,0,0,0,0,0,0,0,0,0,2,2,1,1,0,0,0,0,0,0,0,0
2020-03-03,11,Extremadura,6,2020-03-03,6,Extremadura,0,0,0,0,0,0,0,0,0,2,2,1,1,0,0,0,0,0,0,0,0
2020-03-04,11,Extremadura,6,2020-03-04,6,Extremadura,0,0,0,0,0,0,0,0,0,2,2,1,1,0,0,0,0,0,0,0,0
2020-03-05,11,Extremadura,6,2020-03-05,6,Extremadura,0,0,0,0,0,0,0,0,0,2,2,1,1,0,0,0,0,0,0,0,0
2020-03-06,11,Extremadura,6,2020-03-06,6,Extremadura,0,0,0,0,0,0,0,0,0,2,2,1,1,0,0,0,0,0,0,0,0
2020-03-07,11,Extremadura,6,2020-03-07,6,Extremadura,0,0,0,0,0,0,0,0,0,2,2,1,1,0,0,0,0,0,0,0,0
2020-03-08,11,Extremadura,6,2020-03-08,6,Extremadura,0,0,0,0,0,0,0,0,0,2,2,1,1,0,0,0,0,0,0,0,0
2020-03-09,11,Extremadura,7,2020-03-09,7,Extremadura,3,1,0,0,0,0,1,0,0,2,2,1,1,1,1,0,0,0,0,1,0
2020-03-10,11,Extremadura,8,2020-03-10,8,Extremadura,3,1,2,1,0,0,1,3,0,2,2,1,1,1,1,1,1,0,0,1,1
2020-03-11,11,Extremadura,9,2020-03-11,9,Extremadura,3,1,2,1,0,0,1,3,0,2,2,1,1,1,1,1,1,0,0,1,1
2020-03-12,11,Extremadura,19,2020-03-12,19,Extremadura,3,1,2,1,0,0,1,3,0,2,2,1,1,1,1,1,1,0,0,1,1
2020-03-13,11,Extremadura,39,2020-03-13,39,Extremadura,3,1,2,1,0,0,1,3,0,2,2,1,1,1,1,1,1,0,0,1,1
2020-03-14,11,Extremadura,66,2020-03-14,66,Extremadura,3,2,2,1,1,2,1,3,0,2,2,1,1,1,1,1,1,1,1,1,1
2020-03-15,11,Extremadura,95,2020-03-15,95,Extremadura,3,2,2,1,1,2,1,3,0,2,2,1,1,1,1,1,1,1,1,1,1
2020-03-16,11,Extremadura,111,2020-03-16,111,Extremadura,3,2,2,1,1,2,1,3,0,2,2,1,1,1,1,1,1,1,1,1,1
2020-03-17,11,Extremadura,153,2020-03-17,153,Extremadura,3,2,2,1,1,2,1,4,0,2,2,1,1,1,1,1,1,1,1,1,1
2020-03-18,11,Extremadura,194,2020-03-18,194,Extremadura,3,2,2,1,1,2,1,4,2,2,2,1,1,1,1,1,1,1,1,1,1
2020-03-19,11,Extremadura,241,2020-03-19,241,Extremadura,3,2,2,1,1,2,1,4,2,2,2,1,1,1,1,1,1,1,1,1,1
2020-03-20,11,Extremadura,297,2020-03-20,297,Extremadura,3,2,2,1,1,2,1,4,2,2,2,1,1,1,1,1,1,1,1,1,1
2020-03-21,11,Extremadura,354,2020-03-21,354,Extremadura,3,2,2,1,1,2,1,4,2,2,2,1,1,1,1,1,1,1,1,1,1
2020-03-22,11,Extremadura,384,2020-03-22,384,Extremadura,3,2,2,1,1,2,1,4,2,2,2,1,1,1,1,1,1,1,1,1,1
2020-03-23,11,Extremadura,493,2020-03-23,493,Extremadura,3,2,2,1,1,2,1,4,2,2,2,1,1,1,1,1,1,1,1,1,1
2020-03-24,11,Extremadura,636,2020-03-24,636,Extremadura,3,2,2,1,1,2,1,4,2,2,2,1,1,1,1,1,1,1,1,1,1
2020-03-25,11,Extremadura,742,2020-03-25,742,Extremadura,3,2,2,1,1,2,1,4,2,2,2,1,1,1,1,1,1,1,1,1,1
2020-02-27,12,Galicia,0,2020-02-27,0,Galicia,0,0,0,0,0,0,0,0,0,2,2,1,1,0,0,0,0,0,0,0,0
2020-02-28,12,Galicia,0,2020-02-28,0,Galicia,0,0,0,0,0,0,0,0,0,2,2,1,1,0,0,0,0,0,0,0,0
2020-02-29,12,Galicia,0,2020-02-29,0,Galicia,0,0,0,0,0,0,0,0,0,2,2,1,1,0,0,0,0,0,0,0,0
2020-03-01,12,Galicia,0,2020-03-01,0,Galicia,0,0,0,0,0,0,0,0,0,2,2,1,1,0,0,0,0,0,0,0,0
2020-03-02,12,Galicia,0,2020-03-02,0,Galicia,0,0,0,0,0,0,0,0,0,2,2,1,1,0,0,0,0,0,0,0,0
2020-03-03,12,Galicia,0,2020-03-03,0,Galicia,0,0,0,0,0,0,0,0,0,2,2,1,1,0,0,0,0,0,0,0,0
2020-03-04,12,Galicia,1,2020-03-04,1,Galicia,0,0,0,0,0,0,0,0,0,2,2,1,1,0,0,0,0,0,0,0,0
2020-03-05,12,Galicia,1,2020-03-05,1,Galicia,0,0,0,0,0,0,0,0,0,2,2,1,1,0,0,0,0,0,0,0,0
2020-03-06,12,Galicia,3,2020-03-06,3,Galicia,0,0,0,0,0,0,0,0,0,2,2,1,1,0,0,0,0,0,0,0,0
2020-03-07,12,Galicia,3,2020-03-07,3,Galicia,0,0,0,0,0,0,0,0,0,2,2,1,1,0,0,0,0,0,0,0,0
2020-03-08,12,Galicia,5,2020-03-08,5,Galicia,0,0,0,0,0,0,0,0,0,2,2,1,1,0,0,0,0,0,0,0,0
2020-03-09,12,Galicia,6,2020-03-09,6,Galicia,3,1,0,0,0,0,1,0,0,2,2,1,1,1,1,0,0,0,0,1,0
2020-03-10,12,Galicia,22,2020-03-10,22,Galicia,3,1,2,1,0,0,1,3,0,2,2,1,1,1,1,1,1,0,0,1,1
2020-03-11,12,Galicia,39,2020-03-11,39,Galicia,3,1,2,1,0,0,1,3,0,2,2,1,1,1,1,1,1,0,0,1,1
2020-03-12,12,Galicia,35,2020-03-12,35,Galicia,3,1,2,1,0,0,1,3,0,2,2,1,1,1,1,1,1,0,0,1,1
2020-03-13,12,Galicia,85,2020-03-13,85,Galicia,3,1,2,1,0,0,1,3,0,2,2,1,1,1,1,1,1,0,0,1,1
2020-03-14,12,Galicia,115,2020-03-14,115,Galicia,3,2,2,1,1,2,1,3,0,2,2,1,1,1,1,1,1,1,1,1,1
2020-03-15,12,Galicia,195,2020-03-15,195,Galicia,3,2,2,1,1,2,1,3,0,2,2,1,1,1,1,1,1,1,1,1,1
2020-03-16,12,Galicia,245,2020-03-16,245,Galicia,3,2,2,1,1,2,1,3,0,2,2,1,1,1,1,1,1,1,1,1,1
2020-03-17,12,Galicia,292,2020-03-17,292,Galicia,3,2,2,1,1,2,1,4,0,2,2,1,1,1,1,1,1,1,1,1,1
2020-03-18,12,Galicia,341,2020-03-18,341,Galicia,3,2,2,1,1,2,1,4,2,2,2,1,1,1,1,1,1,1,1,1,1
2020-03-19,12,Galicia,453,2020-03-19,453,Galicia,3,2,2,1,1,2,1,4,2,2,2,1,1,1,1,1,1,1,1,1,1
2020-03-20,12,Galicia,578,2020-03-20,578,Galicia,3,2,2,1,1,2,1,4,2,2,2,1,1,1,1,1,1,1,1,1,1
2020-03-21,12,Galicia,739,2020-03-21,739,Galicia,3,2,2,1,1,2,1,4,2,2,2,1,1,1,1,1,1,1,1,1,1
2020-03-22,12,Galicia,915,2020-03-22,915,Galicia,3,2,2,1,1,2,1,4,2,2,2,1,1,1,1,1,1,1,1,1,1
2020-03-23,12,Galicia,1208,2020-03-23,1208,Galicia,3,2,2,1,1,2,1,4,2,2,2,1,1,1,1,1,1,1,1,1,1
2020-03-24,12,Galicia,1415,2020-03-24,1415,Galicia,3,2,2,1,1,2,1,4,2,2,2,1,1,1,1,1,1,1,1,1,1
2020-03-25,12,Galicia,1653,2020-03-25,1653,Galicia,3,2,2,1,1,2,1,4,2,2,2,1,1,1,1,1,1,1,1,1,1
2020-02-27,13,Madrid,4,2020-02-27,4,Madrid,0,0,0,0,0,0,0,0,0,2,2,1,1,0,0,0,0,0,0,0,0
2020-02-28,13,Madrid,5,2020-02-28,5,Madrid,0,0,0,0,0,0,0,0,0,2,2,1,1,0,0,0,0,0,0,0,0
2020-02-29,13,Madrid,8,2020-02-29,8,Madrid,0,0,0,0,0,0,0,0,0,2,2,1,1,0,0,0,0,0,0,0,0
2020-03-01,13,Madrid,10,2020-03-01,10,Madrid,0,0,0,0,0,0,0,0,0,2,2,1,1,0,0,0,0,0,0,0,0
2020-03-02,13,Madrid,29,2020-03-02,29,Madrid,0,0,0,0,0,0,0,0,0,2,2,1,1,0,0,0,0,0,0,0,0
2020-03-03,13,Madrid,49,2020-03-03,49,Madrid,0,0,0,0,0,0,0,0,0,2,2,1,1,0,0,0,0,0,0,0,0
2020-03-04,13,Madrid,70,2020-03-04,70,Madrid,0,0,0,0,0,0,0,0,0,2,2,1,1,0,0,0,0,0,0,0,0
2020-03-05,13,Madrid,90,2020-03-05,90,Madrid,0,0,0,0,0,0,0,0,0,2,2,1,1,0,0,0,0,0,0,0,0
2020-03-06,13,Madrid,137,2020-03-06,137,Madrid,0,0,0,0,0,0,0,0,0,2,2,1,1,0,0,0,0,0,0,0,0
2020-03-07,13,Madrid,174,2020-03-07,174,Madrid,0,0,0,0,0,0,0,0,0,2,2,1,1,0,0,0,0,0,0,0,0
2020-03-08,13,Madrid,202,2020-03-08,202,Madrid,0,0,0,0,0,0,0,0,0,2,2,1,1,0,0,0,0,0,0,0,0
2020-03-09,13,Madrid,469,2020-03-09,469,Madrid,3,1,0,0,0,0,1,0,0,2,2,1,1,1,1,0,0,0,0,1,0
2020-03-10,13,Madrid,782,2020-03-10,782,Madrid,3,1,2,1,0,0,1,3,0,2,2,1,1,1,1,1,1,0,0,1,1
2020-03-11,13,Madrid,1024,2020-03-11,1024,Madrid,3,1,2,1,0,0,1,3,0,2,2,1,1,1,1,1,1,0,0,1,1
2020-03-12,13,Madrid,1388,2020-03-12,1388,Madrid,3,1,2,1,0,0,1,3,0,2,2,1,1,1,1,1,1,0,0,1,1
2020-03-13,13,Madrid,1990,2020-03-13,1990,Madrid,3,1,2,1,0,0,1,3,0,2,2,1,1,1,1,1,1,0,0,1,1
2020-03-14,13,Madrid,2940,2020-03-14,2940,Madrid,3,2,2,1,1,2,1,3,0,2,2,1,1,1,1,1,1,1,1,1,1
2020-03-15,13,Madrid,3544,2020-03-15,3544,Madrid,3,2,2,1,1,2,1,3,0,2,2,1,1,1,1,1,1,1,1,1,1
2020-03-16,13,Madrid,4165,2020-03-16,4165,Madrid,3,2,2,1,1,2,1,3,0,2,2,1,1,1,1,1,1,1,1,1,1
2020-03-17,13,Madrid,4871,2020-03-17,4871,Madrid,3,2,2,1,1,2,1,4,0,2,2,1,1,1,1,1,1,1,1,1,1
2020-03-18,13,Madrid,5637,2020-03-18,5637,Madrid,3,2,2,1,1,2,1,4,2,2,2,1,1,1,1,1,1,1,1,1,1
2020-03-19,13,Madrid,6777,2020-03-19,6777,Madrid,3,2,2,1,1,2,1,4,2,2,2,1,1,1,1,1,1,1,1,1,1
2020-03-20,13,Madrid,7165,2020-03-20,7165,Madrid,3,2,2,1,1,2,1,4,2,2,2,1,1,1,1,1,1,1,1,1,1
2020-03-21,13,Madrid,8921,2020-03-21,8921,Madrid,3,2,2,1,1,2,1,4,2,2,2,1,1,1,1,1,1,1,1,1,1
2020-03-22,13,Madrid,9702,2020-03-22,9702,Madrid,3,2,2,1,1,2,1,4,2,2,2,1,1,1,1,1,1,1,1,1,1
2020-03-23,13,Madrid,10575,2020-03-23,10575,Madrid,3,2,2,1,1,2,1,4,2,2,2,1,1,1,1,1,1,1,1,1,1
2020-03-24,13,Madrid,12352,2020-03-24,12352,Madrid,3,2,2,1,1,2,1,4,2,2,2,1,1,1,1,1,1,1,1,1,1
2020-03-25,13,Madrid,14597,2020-03-25,14597,Madrid,3,2,2,1,1,2,1,4,2,2,2,1,1,1,1,1,1,1,1,1,1
2020-02-27,19,Melilla,0,2020-02-27,0,Melilla,0,0,0,0,0,0,0,0,0,2,2,1,1,0,0,0,0,0,0,0,0
2020-02-28,19,Melilla,0,2020-02-28,0,Melilla,0,0,0,0,0,0,0,0,0,2,2,1,1,0,0,0,0,0,0,0,0
2020-02-29,19,Melilla,0,2020-02-29,0,Melilla,0,0,0,0,0,0,0,0,0,2,2,1,1,0,0,0,0,0,0,0,0
2020-03-01,19,Melilla,0,2020-03-01,0,Melilla,0,0,0,0,0,0,0,0,0,2,2,1,1,0,0,0,0,0,0,0,0
2020-03-02,19,Melilla,0,2020-03-02,0,Melilla,0,0,0,0,0,0,0,0,0,2,2,1,1,0,0,0,0,0,0,0,0
2020-03-03,19,Melilla,0,2020-03-03,0,Melilla,0,0,0,0,0,0,0,0,0,2,2,1,1,0,0,0,0,0,0,0,0
2020-03-04,19,Melilla,0,2020-03-04,0,Melilla,0,0,0,0,0,0,0,0,0,2,2,1,1,0,0,0,0,0,0,0,0
2020-03-05,19,Melilla,0,2020-03-05,0,Melilla,0,0,0,0,0,0,0,0,0,2,2,1,1,0,0,0,0,0,0,0,0
2020-03-06,19,Melilla,0,2020-03-06,0,Melilla,0,0,0,0,0,0,0,0,0,2,2,1,1,0,0,0,0,0,0,0,0
2020-03-07,19,Melilla,0,2020-03-07,0,Melilla,0,0,0,0,0,0,0,0,0,2,2,1,1,0,0,0,0,0,0,0,0
2020-03-08,19,Melilla,0,2020-03-08,0,Melilla,0,0,0,0,0,0,0,0,0,2,2,1,1,0,0,0,0,0,0,0,0
2020-03-09,19,Melilla,0,2020-03-09,0,Melilla,3,1,0,0,0,0,1,0,0,2,2,1,1,1,1,0,0,0,0,1,0
2020-03-10,19,Melilla,0,2020-03-10,0,Melilla,3,1,2,1,0,0,1,3,0,2,2,1,1,1,1,1,1,0,0,1,1
2020-03-11,19,Melilla,0,2020-03-11,0,Melilla,3,1,2,1,0,0,1,3,0,2,2,1,1,1,1,1,1,0,0,1,1
2020-03-12,19,Melilla,0,2020-03-12,0,Melilla,3,1,2,1,0,0,1,3,0,2,2,1,1,1,1,1,1,0,0,1,1
2020-03-13,19,Melilla,2,2020-03-13,2,Melilla,3,1,2,1,0,0,1,3,0,2,2,1,1,1,1,1,1,0,0,1,1
2020-03-14,19,Melilla,3,2020-03-14,3,Melilla,3,2,2,1,1,2,1,3,0,2,2,1,1,1,1,1,1,1,1,1,1
2020-03-15,19,Melilla,8,2020-03-15,8,Melilla,3,2,2,1,1,2,1,3,0,2,2,1,1,1,1,1,1,1,1,1,1
2020-03-16,19,Melilla,8,2020-03-16,8,Melilla,3,2,2,1,1,2,1,3,0,2,2,1,1,1,1,1,1,1,1,1,1
2020-03-17,19,Melilla,17,2020-03-17,17,Melilla,3,2,2,1,1,2,1,4,0,2,2,1,1,1,1,1,1,1,1,1,1
2020-03-18,19,Melilla,20,2020-03-18,20,Melilla,3,2,2,1,1,2,1,4,2,2,2,1,1,1,1,1,1,1,1,1,1
2020-03-19,19,Melilla,23,2020-03-19,23,Melilla,3,2,2,1,1,2,1,4,2,2,2,1,1,1,1,1,1,1,1,1,1
2020-03-20,19,Melilla,24,2020-03-20,24,Melilla,3,2,2,1,1,2,1,4,2,2,2,1,1,1,1,1,1,1,1,1,1
2020-03-21,19,Melilla,25,2020-03-21,25,Melilla,3,2,2,1,1,2,1,4,2,2,2,1,1,1,1,1,1,1,1,1,1
2020-03-22,19,Melilla,25,2020-03-22,25,Melilla,3,2,2,1,1,2,1,4,2,2,2,1,1,1,1,1,1,1,1,1,1
2020-03-23,19,Melilla,28,2020-03-23,28,Melilla,3,2,2,1,1,2,1,4,2,2,2,1,1,1,1,1,1,1,1,1,1
2020-03-24,19,Melilla,28,2020-03-24,28,Melilla,3,2,2,1,1,2,1,4,2,2,2,1,1,1,1,1,1,1,1,1,1
2020-03-25,19,Melilla,38,2020-03-25,38,Melilla,3,2,2,1,1,2,1,4,2,2,2,1,1,1,1,1,1,1,1,1,1
2020-02-27,14,Murcia,0,2020-02-27,0,Murcia,0,0,0,0,0,0,0,0,0,2,2,1,1,0,0,0,0,0,0,0,0
2020-02-28,14,Murcia,0,2020-02-28,0,Murcia,0,0,0,0,0,0,0,0,0,2,2,1,1,0,0,0,0,0,0,0,0
2020-02-29,14,Murcia,0,2020-02-29,0,Murcia,0,0,0,0,0,0,0,0,0,2,2,1,1,0,0,0,0,0,0,0,0
2020-03-01,14,Murcia,0,2020-03-01,0,Murcia,0,0,0,0,0,0,0,0,0,2,2,1,1,0,0,0,0,0,0,0,0
2020-03-02,14,Murcia,0,2020-03-02,0,Murcia,0,0,0,0,0,0,0,0,0,2,2,1,1,0,0,0,0,0,0,0,0
2020-03-03,14,Murcia,0,2020-03-03,0,Murcia,0,0,0,0,0,0,0,0,0,2,2,1,1,0,0,0,0,0,0,0,0
2020-03-04,14,Murcia,0,2020-03-04,0,Murcia,0,0,0,0,0,0,0,0,0,2,2,1,1,0,0,0,0,0,0,0,0
2020-03-05,14,Murcia,0,2020-03-05,0,Murcia,0,0,0,0,0,0,0,0,0,2,2,1,1,0,0,0,0,0,0,0,0
2020-03-06,14,Murcia,0,2020-03-06,0,Murcia,0,0,0,0,0,0,0,0,0,2,2,1,1,0,0,0,0,0,0,0,0
2020-03-07,14,Murcia,0,2020-03-07,0,Murcia,0,0,0,0,0,0,0,0,0,2,2,1,1,0,0,0,0,0,0,0,0
2020-03-08,14,Murcia,1,2020-03-08,1,Murcia,0,0,0,0,0,0,0,0,0,2,2,1,1,0,0,0,0,0,0,0,0
2020-03-09,14,Murcia,4,2020-03-09,4,Murcia,3,1,0,0,0,0,1,0,0,2,2,1,1,1,1,0,0,0,0,1,0
2020-03-10,14,Murcia,9,2020-03-10,9,Murcia,3,1,2,1,0,0,1,3,0,2,2,1,1,1,1,1,1,0,0,1,1
2020-03-11,14,Murcia,11,2020-03-11,11,Murcia,3,1,2,1,0,0,1,3,0,2,2,1,1,1,1,1,1,0,0,1,1
2020-03-12,14,Murcia,26,2020-03-12,26,Murcia,3,1,2,1,0,0,1,3,0,2,2,1,1,1,1,1,1,0,0,1,1
2020-03-13,14,Murcia,35,2020-03-13,35,Murcia,3,1,2,1,0,0,1,3,0,2,2,1,1,1,1,1,1,0,0,1,1
2020-03-14,14,Murcia,47,2020-03-14,47,Murcia,3,2,2,1,1,2,1,3,0,2,2,1,1,1,1,1,1,1,1,1,1
2020-03-15,14,Murcia,71,2020-03-15,71,Murcia,3,2,2,1,1,2,1,3,0,2,2,1,1,1,1,1,1,1,1,1,1
2020-03-16,14,Murcia,77,2020-03-16,77,Murcia,3,2,2,1,1,2,1,3,0,2,2,1,1,1,1,1,1,1,1,1,1
2020-03-17,14,Murcia,97,2020-03-17,97,Murcia,3,2,2,1,1,2,1,4,0,2,2,1,1,1,1,1,1,1,1,1,1
2020-03-18,14,Murcia,122,2020-03-18,122,Murcia,3,2,2,1,1,2,1,4,2,2,2,1,1,1,1,1,1,1,1,1,1
2020-03-19,14,Murcia,167,2020-03-19,167,Murcia,3,2,2,1,1,2,1,4,2,2,2,1,1,1,1,1,1,1,1,1,1
2020-03-20,14,Murcia,204,2020-03-20,204,Murcia,3,2,2,1,1,2,1,4,2,2,2,1,1,1,1,1,1,1,1,1,1
2020-03-21,14,Murcia,240,2020-03-21,240,Murcia,3,2,2,1,1,2,1,4,2,2,2,1,1,1,1,1,1,1,1,1,1
2020-03-22,14,Murcia,296,2020-03-22,296,Murcia,3,2,2,1,1,2,1,4,2,2,2,1,1,1,1,1,1,1,1,1,1
2020-03-23,14,Murcia,345,2020-03-23,345,Murcia,3,2,2,1,1,2,1,4,2,2,2,1,1,1,1,1,1,1,1,1,1
2020-03-24,14,Murcia,385,2020-03-24,385,Murcia,3,2,2,1,1,2,1,4,2,2,2,1,1,1,1,1,1,1,1,1,1
2020-03-25,14,Murcia,477,2020-03-25,477,Murcia,3,2,2,1,1,2,1,4,2,2,2,1,1,1,1,1,1,1,1,1,1
2020-02-27,15,Navarra,0,2020-02-27,0,Navarra,0,0,0,0,0,0,0,0,0,2,2,1,1,0,0,0,0,0,0,0,0
2020-02-28,15,Navarra,0,2020-02-28,0,Navarra,0,0,0,0,0,0,0,0,0,2,2,1,1,0,0,0,0,0,0,0,0
2020-02-29,15,Navarra,0,2020-02-29,0,Navarra,0,0,0,0,0,0,0,0,0,2,2,1,1,0,0,0,0,0,0,0,0
2020-03-01,15,Navarra,1,2020-03-01,1,Navarra,0,0,0,0,0,0,0,0,0,2,2,1,1,0,0,0,0,0,0,0,0
2020-03-02,15,Navarra,1,2020-03-02,1,Navarra,0,0,0,0,0,0,0,0,0,2,2,1,1,0,0,0,0,0,0,0,0
2020-03-03,15,Navarra,1,2020-03-03,1,Navarra,0,0,0,0,0,0,0,0,0,2,2,1,1,0,0,0,0,0,0,0,0
2020-03-04,15,Navarra,3,2020-03-04,3,Navarra,0,0,0,0,0,0,0,0,0,2,2,1,1,0,0,0,0,0,0,0,0
2020-03-05,15,Navarra,3,2020-03-05,3,Navarra,0,0,0,0,0,0,0,0,0,2,2,1,1,0,0,0,0,0,0,0,0
2020-03-06,15,Navarra,3,2020-03-06,3,Navarra,0,0,0,0,0,0,0,0,0,2,2,1,1,0,0,0,0,0,0,0,0
2020-03-07,15,Navarra,3,2020-03-07,3,Navarra,0,0,0,0,0,0,0,0,0,2,2,1,1,0,0,0,0,0,0,0,0
2020-03-08,15,Navarra,3,2020-03-08,3,Navarra,0,0,0,0,0,0,0,0,0,2,2,1,1,0,0,0,0,0,0,0,0
2020-03-09,15,Navarra,3,2020-03-09,3,Navarra,3,1,0,0,0,0,1,0,0,2,2,1,1,1,1,0,0,0,0,1,0
2020-03-10,15,Navarra,12,2020-03-10,12,Navarra,3,1,2,1,0,0,1,3,0,2,2,1,1,1,1,1,1,0,0,1,1
2020-03-11,15,Navarra,46,2020-03-11,46,Navarra,3,1,2,1,0,0,1,3,0,2,2,1,1,1,1,1,1,0,0,1,1
2020-03-12,15,Navarra,73,2020-03-12,73,Navarra,3,1,2,1,0,0,1,3,0,2,2,1,1,1,1,1,1,0,0,1,1
2020-03-13,15,Navarra,130,2020-03-13,130,Navarra,3,1,2,1,0,0,1,3,0,2,2,1,1,1,1,1,1,0,0,1,1
2020-03-14,15,Navarra,146,2020-03-14,146,Navarra,3,2,2,1,1,2,1,3,0,2,2,1,1,1,1,1,1,1,1,1,1
2020-03-15,15,Navarra,183,2020-03-15,183,Navarra,3,2,2,1,1,2,1,3,0,2,2,1,1,1,1,1,1,1,1,1,1
2020-03-16,15,Navarra,274,2020-03-16,274,Navarra,3,2,2,1,1,2,1,3,0,2,2,1,1,1,1,1,1,1,1,1,1
2020-03-17,15,Navarra,313,2020-03-17,313,Navarra,3,2,2,1,1,2,1,4,0,2,2,1,1,1,1,1,1,1,1,1,1
2020-03-18,15,Navarra,386,2020-03-18,386,Navarra,3,2,2,1,1,2,1,4,2,2,2,1,1,1,1,1,1,1,1,1,1
2020-03-19,15,Navarra,482,2020-03-19,482,Navarra,3,2,2,1,1,2,1,4,2,2,2,1,1,1,1,1,1,1,1,1,1
2020-03-20,15,Navarra,554,2020-03-20,554,Navarra,3,2,2,1,1,2,1,4,2,2,2,1,1,1,1,1,1,1,1,1,1
2020-03-21,15,Navarra,664,2020-03-21,664,Navarra,3,2,2,1,1,2,1,4,2,2,2,1,1,1,1,1,1,1,1,1,1
2020-03-22,15,Navarra,794,2020-03-22,794,Navarra,3,2,2,1,1,2,1,4,2,2,2,1,1,1,1,1,1,1,1,1,1
2020-03-23,15,Navarra,886,2020-03-23,886,Navarra,3,2,2,1,1,2,1,4,2,2,2,1,1,1,1,1,1,1,1,1,1
2020-03-24,15,Navarra,1014,2020-03-24,1014,Navarra,3,2,2,1,1,2,1,4,2,2,2,1,1,1,1,1,1,1,1,1,1
2020-03-25,15,Navarra,1197,2020-03-25,1197,Navarra,3,2,2,1,1,2,1,4,2,2,2,1,1,1,1,1,1,1,1,1,1
2020-02-27,16,País Vasco,0,2020-02-27,0,País Vasco,0,0,0,0,0,0,0,0,0,2,2,1,1,0,0,0,0,0,0,0,0
2020-02-28,16,País Vasco,0,2020-02-28,0,País Vasco,0,0,0,0,0,0,0,0,0,2,2,1,1,0,0,0,0,0,0,0,0
2020-02-29,16,País Vasco,2,2020-02-29,2,País Vasco,0,0,0,0,0,0,0,0,0,2,2,1,1,0,0,0,0,0,0,0,0
2020-03-01,16,País Vasco,3,2020-03-01,3,País Vasco,0,0,0,0,0,0,0,0,0,2,2,1,1,0,0,0,0,0,0,0,0
2020-03-02,16,País Vasco,9,2020-03-02,9,País Vasco,0,0,0,0,0,0,0,0,0,2,2,1,1,0,0,0,0,0,0,0,0
2020-03-03,16,País Vasco,13,2020-03-03,13,País Vasco,0,0,0,0,0,0,0,0,0,2,2,1,1,0,0,0,0,0,0,0,0
2020-03-04,16,País Vasco,17,2020-03-04,17,País Vasco,0,0,0,0,0,0,0,0,0,2,2,1,1,0,0,0,0,0,0,0,0
2020-03-05,16,País Vasco,17,2020-03-05,17,País Vasco,0,0,0,0,0,0,0,0,0,2,2,1,1,0,0,0,0,0,0,0,0
2020-03-06,16,País Vasco,45,2020-03-06,45,País Vasco,0,0,0,0,0,0,0,0,0,2,2,1,1,0,0,0,0,0,0,0,0
2020-03-07,16,País Vasco,45,2020-03-07,45,País Vasco,0,0,0,0,0,0,0,0,0,2,2,1,1,0,0,0,0,0,0,0,0
2020-03-08,16,País Vasco,102,2020-03-08,102,País Vasco,0,0,0,0,0,0,0,0,0,2,2,1,1,0,0,0,0,0,0,0,0
2020-03-09,16,País Vasco,149,2020-03-09,149,País Vasco,3,1,0,0,0,0,1,0,0,2,2,1,1,1,1,0,0,0,0,1,0
2020-03-10,16,País Vasco,195,2020-03-10,195,País Vasco,3,1,2,1,0,0,1,3,0,2,2,1,1,1,1,1,1,0,0,1,1
2020-03-11,16,País Vasco,225,2020-03-11,225,País Vasco,3,1,2,1,0,0,1,3,0,2,2,1,1,1,1,1,1,0,0,1,1
2020-03-12,16,País Vasco,346,2020-03-12,346,País Vasco,3,1,2,1,0,0,1,3,0,2,2,1,1,1,1,1,1,0,0,1,1
2020-03-13,16,País Vasco,417,2020-03-13,417,País Vasco,3,1,2,1,0,0,1,3,0,2,2,1,1,1,1,1,1,0,0,1,1
2020-03-14,16,País Vasco,417,2020-03-14,417,País Vasco,3,2,2,1,1,2,1,3,0,2,2,1,1,1,1,1,1,1,1,1,1
2020-03-15,16,País Vasco,630,2020-03-15,630,País Vasco,3,2,2,1,1,2,1,3,0,2,2,1,1,1,1,1,1,1,1,1,1
2020-03-16,16,País Vasco,630,2020-03-16,630,País Vasco,3,2,2,1,1,2,1,3,0,2,2,1,1,1,1,1,1,1,1,1,1
2020-03-17,16,País Vasco,765,2020-03-17,765,País Vasco,3,2,2,1,1,2,1,4,0,2,2,1,1,1,1,1,1,1,1,1,1
2020-03-18,16,País Vasco,973,2020-03-18,973,País Vasco,3,2,2,1,1,2,1,4,2,2,2,1,1,1,1,1,1,1,1,1,1
2020-03-19,16,País Vasco,1190,2020-03-19,1190,País Vasco,3,2,2,1,1,2,1,4,2,2,2,1,1,1,1,1,1,1,1,1,1
2020-03-20,16,País Vasco,1465,2020-03-20,1465,País Vasco,3,2,2,1,1,2,1,4,2,2,2,1,1,1,1,1,1,1,1,1,1
2020-03-21,16,País Vasco,1725,2020-03-21,1725,País Vasco,3,2,2,1,1,2,1,4,2,2,2,1,1,1,1,1,1,1,1,1,1
2020-03-22,16,País Vasco,2097,2020-03-22,2097,País Vasco,3,2,2,1,1,2,1,4,2,2,2,1,1,1,1,1,1,1,1,1,1
2020-03-23,16,País Vasco,2421,2020-03-23,2421,País Vasco,3,2,2,1,1,2,1,4,2,2,2,1,1,1,1,1,1,1,1,1,1
2020-03-24,16,País Vasco,2728,2020-03-24,2728,País Vasco,3,2,2,1,1,2,1,4,2,2,2,1,1,1,1,1,1,1,1,1,1
2020-03-25,16,País Vasco,3271,2020-03-25,3271,País Vasco,3,2,2,1,1,2,1,4,2,2,2,1,1,1,1,1,1,1,1,1,1
2020-02-27,17,La Rioja,0,2020-02-27,0,La Rioja,0,0,0,0,0,0,0,0,0,2,2,1,1,0,0,0,0,0,0,0,0
2020-02-28,17,La Rioja,0,2020-02-28,0,La Rioja,0,0,0,0,0,0,0,0,0,2,2,1,1,0,0,0,0,0,0,0,0
2020-02-29,17,La Rioja,0,2020-02-29,0,La Rioja,0,0,0,0,0,0,0,0,0,2,2,1,1,0,0,0,0,0,0,0,0
2020-03-01,17,La Rioja,0,2020-03-01,0,La Rioja,0,0,0,0,0,0,0,0,0,2,2,1,1,0,0,0,0,0,0,0,0
2020-03-02,17,La Rioja,1,2020-03-02,1,La Rioja,0,0,0,0,0,0,0,0,0,2,2,1,1,0,0,0,0,0,0,0,0
2020-03-03,17,La Rioja,3,2020-03-03,3,La Rioja,0,0,0,0,0,0,0,0,0,2,2,1,1,0,0,0,0,0,0,0,0
2020-03-04,17,La Rioja,7,2020-03-04,7,La Rioja,0,0,0,0,0,0,0,0,0,2,2,1,1,0,0,0,0,0,0,0,0
2020-03-05,17,La Rioja,11,2020-03-05,11,La Rioja,0,0,0,0,0,0,0,0,0,2,2,1,1,0,0,0,0,0,0,0,0
2020-03-06,17,La Rioja,29,2020-03-06,29,La Rioja,0,0,0,0,0,0,0,0,0,2,2,1,1,0,0,0,0,0,0,0,0
2020-03-07,17,La Rioja,39,2020-03-07,39,La Rioja,0,0,0,0,0,0,0,0,0,2,2,1,1,0,0,0,0,0,0,0,0
2020-03-08,17,La Rioja,55,2020-03-08,55,La Rioja,0,0,0,0,0,0,0,0,0,2,2,1,1,0,0,0,0,0,0,0,0
2020-03-09,17,La Rioja,81,2020-03-09,81,La Rioja,3,1,0,0,0,0,1,0,0,2,2,1,1,1,1,0,0,0,0,1,0
2020-03-10,17,La Rioja,144,2020-03-10,144,La Rioja,3,1,2,1,0,0,1,3,0,2,2,1,1,1,1,1,1,0,0,1,1
2020-03-11,17,La Rioja,179,2020-03-11,179,La Rioja,3,1,2,1,0,0,1,3,0,2,2,1,1,1,1,1,1,0,0,1,1
2020-03-12,17,La Rioja,205,2020-03-12,205,La Rioja,3,1,2,1,0,0,1,3,0,2,2,1,1,1,1,1,1,0,0,1,1
2020-03-13,17,La Rioja,243,2020-03-13,243,La Rioja,3,1,2,1,0,0,1,3,0,2,2,1,1,1,1,1,1,0,0,1,1
2020-03-14,17,La Rioja,278,2020-03-14,278,La Rioja,3,2,2,1,1,2,1,3,0,2,2,1,1,1,1,1,1,1,1,1,1
2020-03-15,17,La Rioja,300,2020-03-15,300,La Rioja,3,2,2,1,1,2,1,3,0,2,2,1,1,1,1,1,1,1,1,1,1
2020-03-16,17,La Rioja,312,2020-03-16,312,La Rioja,3,2,2,1,1,2,1,3,0,2,2,1,1,1,1,1,1,1,1,1,1
2020-03-17,17,La Rioja,355,2020-03-17,355,La Rioja,3,2,2,1,1,2,1,4,0,2,2,1,1,1,1,1,1,1,1,1,1
2020-03-18,17,La Rioja,419,2020-03-18,419,La Rioja,3,2,2,1,1,2,1,4,2,2,2,1,1,1,1,1,1,1,1,1,1
2020-03-19,17,La Rioja,468,2020-03-19,468,La Rioja,3,2,2,1,1,2,1,4,2,2,2,1,1,1,1,1,1,1,1,1,1
2020-03-20,17,La Rioja,497,2020-03-20,497,La Rioja,3,2,2,1,1,2,1,4,2,2,2,1,1,1,1,1,1,1,1,1,1
2020-03-21,17,La Rioja,564,2020-03-21,564,La Rioja,3,2,2,1,1,2,1,4,2,2,2,1,1,1,1,1,1,1,1,1,1
2020-03-22,17,La Rioja,654,2020-03-22,654,La Rioja,3,2,2,1,1,2,1,4,2,2,2,1,1,1,1,1,1,1,1,1,1
2020-03-23,17,La Rioja,747,2020-03-23,747,La Rioja,3,2,2,1,1,2,1,4,2,2,2,1,1,1,1,1,1,1,1,1,1
2020-03-24,17,La Rioja,802,2020-03-24,802,La Rioja,3,2,2,1,1,2,1,4,2,2,2,1,1,1,1,1,1,1,1,1,1
2020-03-25,17,La Rioja,928,2020-03-25,928,La Rioja,3,2,2,1,1,2,1,4,2,2,2,1,1,1,1,1,1,1,1,1,1
2020-02-27,00,Total,16,2020-02-27,16,Total,0,0,0,0,0,0,0,0,0,2,2,1,1,0,0,0,0,0,0,0,0
2020-02-28,00,Total,32,2020-02-28,32,Total,0,0,0,0,0,0,0,0,0,2,2,1,1,0,0,0,0,0,0,0,0
2020-02-29,00,Total,44,2020-02-29,44,Total,0,0,0,0,0,0,0,0,0,2,2,1,1,0,0,0,0,0,0,0,0
2020-03-01,00,Total,66,2020-03-01,66,Total,0,0,0,0,0,0,0,0,0,2,2,1,1,0,0,0,0,0,0,0,0
2020-03-02,00,Total,114,2020-03-02,114,Total,0,0,0,0,0,0,0,0,0,2,2,1,1,0,0,0,0,0,0,0,0
2020-03-03,00,Total,150,2020-03-03,150,Total,0,0,0,0,0,0,0,0,0,2,2,1,1,0,0,0,0,0,0,0,0
2020-03-04,00,Total,198,2020-03-04,198,Total,0,0,0,0,0,0,0,0,0,2,2,1,1,0,0,0,0,0,0,0,0
2020-03-05,00,Total,237,2020-03-05,237,Total,0,0,0,0,0,0,0,0,0,2,2,1,1,0,0,0,0,0,0,0,0
2020-03-06,00,Total,365,2020-03-06,365,Total,0,0,0,0,0,0,0,0,0,2,2,1,1,0,0,0,0,0,0,0,0
2020-03-07,00,Total,430,2020-03-07,430,Total,0,0,0,0,0,0,0,0,0,2,2,1,1,0,0,0,0,0,0,0,0
2020-03-08,00,Total,589,2020-03-08,589,Total,0,0,0,0,0,0,0,0,0,2,2,1,1,0,0,0,0,0,0,0,0
2020-03-09,00,Total,999,2020-03-09,999,Total,3,1,0,0,0,0,1,0,0,2,2,1,1,1,1,0,0,0,0,1,0
2020-03-10,00,Total,1622,2020-03-10,1622,Total,3,1,2,1,0,0,1,3,0,2,2,1,1,1,1,1,1,0,0,1,1
2020-03-11,00,Total,2128,2020-03-11,2128,Total,3,1,2,1,0,0,1,3,0,2,2,1,1,1,1,1,1,0,0,1,1
2020-03-12,00,Total,2950,2020-03-12,2950,Total,3,1,2,1,0,0,1,3,0,2,2,1,1,1,1,1,1,0,0,1,1
2020-03-13,00,Total,4209,2020-03-13,4209,Total,3,1,2,1,0,0,1,3,0,2,2,1,1,1,1,1,1,0,0,1,1
2020-03-14,00,Total,5753,2020-03-14,5753,Total,3,2,2,1,1,2,1,3,0,2,2,1,1,1,1,1,1,1,1,1,1
2020-03-15,00,Total,7753,2020-03-15,7753,Total,3,2,2,1,1,2,1,3,0,2,2,1,1,1,1,1,1,1,1,1,1
2020-03-16,00,Total,9191,2020-03-16,9191,Total,3,2,2,1,1,2,1,3,0,2,2,1,1,1,1,1,1,1,1,1,1
2020-03-17,00,Total,11178,2020-03-17,11178,Total,3,2,2,1,1,2,1,4,0,2,2,1,1,1,1,1,1,1,1,1,1
2020-03-18,00,Total,13716,2020-03-18,13716,Total,3,2,2,1,1,2,1,4,2,2,2,1,1,1,1,1,1,1,1,1,1
2020-03-19,00,Total,17147,2020-03-19,17147,Total,3,2,2,1,1,2,1,4,2,2,2,1,1,1,1,1,1,1,1,1,1
2020-03-20,00,Total,19980,2020-03-20,19980,Total,3,2,2,1,1,2,1,4,2,2,2,1,1,1,1,1,1,1,1,1,1
2020-03-21,00,Total,24926,2020-03-21,24926,Total,3,2,2,1,1,2,1,4,2,2,2,1,1,1,1,1,1,1,1,1,1
2020-03-22,00,Total,28572,2020-03-22,28572,Total,3,2,2,1,1,2,1,4,2,2,2,1,1,1,1,1,1,1,1,1,1
2020-03-23,00,Total,33089,2020-03-23,33089,Total,3,2,2,1,1,2,1,4,2,2,2,1,1,1,1,1,1,1,1,1,1
2020-03-24,00,Total,39673,2020-03-24,39673,Total,3,2,2,1,1,2,1,4,2,2,2,1,1,1,1,1,1,1,1,1,1
2020-03-25,00,Total,47610,2020-03-25,47610,Total,3,2,2,1,1,2,1,4,2,2,2,1,1,1,1,1,1,1,1,1,1
