Datum,Provincienaam,Aantal,date,adm1_name,cum_confirmed_cases,c1_schoolclosing,c2_workplaceclosing,c3_cancelpublicevents,c4_restrictionsongatherings,c5_closepublictransport,c6_stayathomerequirements,c7_domestictravel,c8_internationaltravel,e1_incomesupport,e2_debtcontractrelief,h1_publicinfocampaign,h2_testingpolicy,h3_contacttracing,school_closure,work_from_home,no_public_gathering,no_private_gathering,home_isolation,travel_ban_local,travel_ban_intl
2020-03-01,Drenthe,1,2020-03-01,Drenthe,1,0,0,0,0,0,0,0,0,0,0,0,1,2,0,0,0,0,0,0,0
2020-03-02,Drenthe,1,2020-03-02,Drenthe,2,0,0,0,0,0,0,0,0,0,0,0,1,2,0,0,0,0,0,0,0
2020-03-03,Drenthe,2,2020-03-03,Drenthe,4,0,0,0,0,0,0,0,0,0,0,0,1,2,0,0,0,0,0,0,0
2020-03-04,Drenthe,2,2020-03-04,Drenthe,6,0,0,0,0,0,0,0,0,0,0,0,1,2,0,0,0,0,0,0,0
2020-03-05,Drenthe,3,2020-03-05,Drenthe,9,0,0,0,0,0,0,0,0,0,0,0,1,2,0,0,0,0,0,0,0
2020-03-06,Drenthe,3,2020-03-06,Drenthe,12,0,0,0,0,0,1,0,0,0,0,0,1,2,0,0,0,0,1,0,0
2020-03-07,Drenthe,3,2020-03-07,Drenthe,15,0,0,0,0,0,1,0,0,0,0,0,1,2,0,0,0,0,1,0,0
2020-03-08,Drenthe,8,2020-03-08,Drenthe,23,0,0,0,0,0,1,0,0,0,0,0,1,2,0,0,0,0,1,0,0
2020-03-09,Drenthe,10,2020-03-09,Drenthe,33,0,0,0,0,0,1,0,0,0,0,2,1,2,0,0,0,0,1,0,0
2020-03-10,Drenthe,12,2020-03-10,Drenthe,45,0,0,2,0,0,1,0,0,0,0,2,1,2,0,0,1,0,1,0,0
2020-03-11,Drenthe,12,2020-03-11,Drenthe,57,0,0,2,0,0,1,0,0,0,0,2,1,2,0,0,1,0,1,0,0
2020-03-12,Drenthe,13,2020-03-12,Drenthe,70,1,1,2,3,0,1,0,0,0,0,2,1,1,1,1,1,1,1,0,0
2020-03-13,Drenthe,13,2020-03-13,Drenthe,83,1,1,2,3,0,1,0,0,0,0,2,1,1,1,1,1,1,1,0,0
2020-03-14,Drenthe,15,2020-03-14,Drenthe,98,1,1,2,3,0,1,0,0,0,0,2,1,1,1,1,1,1,1,0,0
2020-03-15,Drenthe,15,2020-03-15,Drenthe,113,1,3,2,3,0,1,1,0,0,0,2,1,1,1,1,1,1,1,1,0
2020-03-16,Drenthe,16,2020-03-16,Drenthe,129,3,3,2,3,0,1,1,0,0,0,2,1,1,1,1,1,1,1,1,0
2020-03-17,Drenthe,17,2020-03-17,Drenthe,146,3,3,2,3,0,1,1,0,2,0,2,1,1,1,1,1,1,1,1,0
2020-03-18,Drenthe,22,2020-03-18,Drenthe,168,3,3,2,3,0,1,1,0,2,0,2,1,1,1,1,1,1,1,1,0
2020-03-19,Drenthe,25,2020-03-19,Drenthe,193,3,3,2,3,0,1,1,3,2,0,2,1,1,1,1,1,1,1,1,1
2020-03-20,Drenthe,32,2020-03-20,Drenthe,225,3,3,2,3,0,1,1,3,2,0,2,1,1,1,1,1,1,1,1,1
2020-03-21,Drenthe,38,2020-03-21,Drenthe,263,3,3,2,3,0,1,1,3,2,0,2,1,1,1,1,1,1,1,1,1
2020-03-22,Drenthe,41,2020-03-22,Drenthe,304,3,3,2,3,0,1,1,3,2,0,2,1,1,1,1,1,1,1,1,1
2020-03-23,Drenthe,48,2020-03-23,Drenthe,352,3,3,2,3,0,2,1,3,2,0,2,1,1,1,1,1,1,1,1,1
2020-03-24,Drenthe,54,2020-03-24,Drenthe,406,3,3,2,3,0,2,1,3,2,0,2,1,1,1,1,1,1,1,1,1
2020-03-25,Drenthe,59,2020-03-25,Drenthe,465,3,3,2,3,0,2,1,3,2,0,2,1,1,1,1,1,1,1,1,1
2020-03-26,Drenthe,70,2020-03-26,Drenthe,535,3,3,2,3,0,2,1,3,2,0,2,1,1,1,1,1,1,1,1,1
2020-03-27,Drenthe,78,2020-03-27,Drenthe,613,3,3,2,3,0,2,1,3,2,0,2,1,1,1,1,1,1,1,1,1
2020-03-28,Drenthe,96,2020-03-28,Drenthe,709,3,3,2,3,0,2,1,3,2,1,2,1,1,1,1,1,1,1,1,1
2020-03-29,Drenthe,111,2020-03-29,Drenthe,820,3,3,2,3,0,2,1,3,2,1,2,1,1,1,1,1,1,1,1,1
2020-03-30,Drenthe,115,2020-03-30,Drenthe,935,3,3,2,3,0,2,1,3,2,1,2,1,1,1,1,1,1,1,1,1
2020-03-31,Drenthe,126,2020-03-31,Drenthe,1061,3,3,2,3,1,2,1,3,2,1,2,1,1,1,1,1,1,1,1,1
2020-04-01,Drenthe,146,2020-04-01,Drenthe,1207,3,3,2,3,1,2,1,3,2,1,2,1,1,1,1,1,1,1,1,1
2020-03-05,Flevoland,1,2020-03-05,Flevoland,1,0,0,0,0,0,0,0,0,0,0,0,1,2,0,0,0,0,0,0,0
2020-03-06,Flevoland,2,2020-03-06,Flevoland,3,0,0,0,0,0,1,0,0,0,0,0,1,2,0,0,0,0,1,0,0
2020-03-07,Flevoland,2,2020-03-07,Flevoland,5,0,0,0,0,0,1,0,0,0,0,0,1,2,0,0,0,0,1,0,0
2020-03-08,Flevoland,2,2020-03-08,Flevoland,7,0,0,0,0,0,1,0,0,0,0,0,1,2,0,0,0,0,1,0,0
2020-03-09,Flevoland,2,2020-03-09,Flevoland,9,0,0,0,0,0,1,0,0,0,0,2,1,2,0,0,0,0,1,0,0
2020-03-10,Flevoland,2,2020-03-10,Flevoland,11,0,0,2,0,0,1,0,0,0,0,2,1,2,0,0,1,0,1,0,0
2020-03-11,Flevoland,3,2020-03-11,Flevoland,14,0,0,2,0,0,1,0,0,0,0,2,1,2,0,0,1,0,1,0,0
2020-03-12,Flevoland,3,2020-03-12,Flevoland,17,1,1,2,3,0,1,0,0,0,0,2,1,1,1,1,1,1,1,0,0
2020-03-13,Flevoland,7,2020-03-13,Flevoland,24,1,1,2,3,0,1,0,0,0,0,2,1,1,1,1,1,1,1,0,0
2020-03-14,Flevoland,14,2020-03-14,Flevoland,38,1,1,2,3,0,1,0,0,0,0,2,1,1,1,1,1,1,1,0,0
2020-03-15,Flevoland,19,2020-03-15,Flevoland,57,1,3,2,3,0,1,1,0,0,0,2,1,1,1,1,1,1,1,1,0
2020-03-16,Flevoland,22,2020-03-16,Flevoland,79,3,3,2,3,0,1,1,0,0,0,2,1,1,1,1,1,1,1,1,0
2020-03-17,Flevoland,24,2020-03-17,Flevoland,103,3,3,2,3,0,1,1,0,2,0,2,1,1,1,1,1,1,1,1,0
2020-03-18,Flevoland,30,2020-03-18,Flevoland,133,3,3,2,3,0,1,1,0,2,0,2,1,1,1,1,1,1,1,1,0
2020-03-19,Flevoland,36,2020-03-19,Flevoland,169,3,3,2,3,0,1,1,3,2,0,2,1,1,1,1,1,1,1,1,1
2020-03-20,Flevoland,41,2020-03-20,Flevoland,210,3,3,2,3,0,1,1,3,2,0,2,1,1,1,1,1,1,1,1,1
2020-03-21,Flevoland,50,2020-03-21,Flevoland,260,3,3,2,3,0,1,1,3,2,0,2,1,1,1,1,1,1,1,1,1
2020-03-22,Flevoland,57,2020-03-22,Flevoland,317,3,3,2,3,0,1,1,3,2,0,2,1,1,1,1,1,1,1,1,1
2020-03-23,Flevoland,64,2020-03-23,Flevoland,381,3,3,2,3,0,2,1,3,2,0,2,1,1,1,1,1,1,1,1,1
2020-03-24,Flevoland,71,2020-03-24,Flevoland,452,3,3,2,3,0,2,1,3,2,0,2,1,1,1,1,1,1,1,1,1
2020-03-25,Flevoland,82,2020-03-25,Flevoland,534,3,3,2,3,0,2,1,3,2,0,2,1,1,1,1,1,1,1,1,1
2020-03-26,Flevoland,92,2020-03-26,Flevoland,626,3,3,2,3,0,2,1,3,2,0,2,1,1,1,1,1,1,1,1,1
2020-03-27,Flevoland,105,2020-03-27,Flevoland,731,3,3,2,3,0,2,1,3,2,0,2,1,1,1,1,1,1,1,1,1
2020-03-28,Flevoland,117,2020-03-28,Flevoland,848,3,3,2,3,0,2,1,3,2,1,2,1,1,1,1,1,1,1,1,1
2020-03-29,Flevoland,134,2020-03-29,Flevoland,982,3,3,2,3,0,2,1,3,2,1,2,1,1,1,1,1,1,1,1,1
2020-03-30,Flevoland,141,2020-03-30,Flevoland,1123,3,3,2,3,0,2,1,3,2,1,2,1,1,1,1,1,1,1,1,1
2020-03-31,Flevoland,166,2020-03-31,Flevoland,1289,3,3,2,3,1,2,1,3,2,1,2,1,1,1,1,1,1,1,1,1
2020-04-01,Flevoland,189,2020-04-01,Flevoland,1478,3,3,2,3,1,2,1,3,2,1,2,1,1,1,1,1,1,1,1,1
2020-03-10,Friesland,2,2020-03-10,Friesland,2,0,0,2,0,0,1,0,0,0,0,2,1,2,0,0,1,0,1,0,0
2020-03-11,Friesland,3,2020-03-11,Friesland,5,0,0,2,0,0,1,0,0,0,0,2,1,2,0,0,1,0,1,0,0
2020-03-12,Friesland,6,2020-03-12,Friesland,11,1,1,2,3,0,1,0,0,0,0,2,1,1,1,1,1,1,1,0,0
2020-03-13,Friesland,7,2020-03-13,Friesland,18,1,1,2,3,0,1,0,0,0,0,2,1,1,1,1,1,1,1,0,0
2020-03-14,Friesland,8,2020-03-14,Friesland,26,1,1,2,3,0,1,0,0,0,0,2,1,1,1,1,1,1,1,0,0
2020-03-15,Friesland,10,2020-03-15,Friesland,36,1,3,2,3,0,1,1,0,0,0,2,1,1,1,1,1,1,1,1,0
2020-03-16,Friesland,13,2020-03-16,Friesland,49,3,3,2,3,0,1,1,0,0,0,2,1,1,1,1,1,1,1,1,0
2020-03-17,Friesland,14,2020-03-17,Friesland,63,3,3,2,3,0,1,1,0,2,0,2,1,1,1,1,1,1,1,1,0
2020-03-18,Friesland,18,2020-03-18,Friesland,81,3,3,2,3,0,1,1,0,2,0,2,1,1,1,1,1,1,1,1,0
2020-03-19,Friesland,20,2020-03-19,Friesland,101,3,3,2,3,0,1,1,3,2,0,2,1,1,1,1,1,1,1,1,1
2020-03-20,Friesland,22,2020-03-20,Friesland,123,3,3,2,3,0,1,1,3,2,0,2,1,1,1,1,1,1,1,1,1
2020-03-21,Friesland,33,2020-03-21,Friesland,156,3,3,2,3,0,1,1,3,2,0,2,1,1,1,1,1,1,1,1,1
2020-03-22,Friesland,34,2020-03-22,Friesland,190,3,3,2,3,0,1,1,3,2,0,2,1,1,1,1,1,1,1,1,1
2020-03-23,Friesland,39,2020-03-23,Friesland,229,3,3,2,3,0,2,1,3,2,0,2,1,1,1,1,1,1,1,1,1
2020-03-24,Friesland,41,2020-03-24,Friesland,270,3,3,2,3,0,2,1,3,2,0,2,1,1,1,1,1,1,1,1,1
2020-03-25,Friesland,51,2020-03-25,Friesland,321,3,3,2,3,0,2,1,3,2,0,2,1,1,1,1,1,1,1,1,1
2020-03-26,Friesland,68,2020-03-26,Friesland,389,3,3,2,3,0,2,1,3,2,0,2,1,1,1,1,1,1,1,1,1
2020-03-27,Friesland,81,2020-03-27,Friesland,470,3,3,2,3,0,2,1,3,2,0,2,1,1,1,1,1,1,1,1,1
2020-03-28,Friesland,96,2020-03-28,Friesland,566,3,3,2,3,0,2,1,3,2,1,2,1,1,1,1,1,1,1,1,1
2020-03-29,Friesland,118,2020-03-29,Friesland,684,3,3,2,3,0,2,1,3,2,1,2,1,1,1,1,1,1,1,1,1
2020-03-30,Friesland,123,2020-03-30,Friesland,807,3,3,2,3,0,2,1,3,2,1,2,1,1,1,1,1,1,1,1,1
2020-03-31,Friesland,130,2020-03-31,Friesland,937,3,3,2,3,1,2,1,3,2,1,2,1,1,1,1,1,1,1,1,1
2020-04-01,Friesland,144,2020-04-01,Friesland,1081,3,3,2,3,1,2,1,3,2,1,2,1,1,1,1,1,1,1,1,1
2020-03-04,Gelderland,1,2020-03-04,Gelderland,1,0,0,0,0,0,0,0,0,0,0,0,1,2,0,0,0,0,0,0,0
2020-03-05,Gelderland,2,2020-03-05,Gelderland,3,0,0,0,0,0,0,0,0,0,0,0,1,2,0,0,0,0,0,0,0
2020-03-06,Gelderland,10,2020-03-06,Gelderland,13,0,0,0,0,0,1,0,0,0,0,0,1,2,0,0,0,0,1,0,0
2020-03-07,Gelderland,13,2020-03-07,Gelderland,26,0,0,0,0,0,1,0,0,0,0,0,1,2,0,0,0,0,1,0,0
2020-03-08,Gelderland,26,2020-03-08,Gelderland,52,0,0,0,0,0,1,0,0,0,0,0,1,2,0,0,0,0,1,0,0
2020-03-09,Gelderland,27,2020-03-09,Gelderland,79,0,0,0,0,0,1,0,0,0,0,2,1,2,0,0,0,0,1,0,0
2020-03-10,Gelderland,30,2020-03-10,Gelderland,109,0,0,2,0,0,1,0,0,0,0,2,1,2,0,0,1,0,1,0,0
2020-03-11,Gelderland,36,2020-03-11,Gelderland,145,0,0,2,0,0,1,0,0,0,0,2,1,2,0,0,1,0,1,0,0
2020-03-12,Gelderland,48,2020-03-12,Gelderland,193,1,1,2,3,0,1,0,0,0,0,2,1,1,1,1,1,1,1,0,0
2020-03-13,Gelderland,64,2020-03-13,Gelderland,257,1,1,2,3,0,1,0,0,0,0,2,1,1,1,1,1,1,1,0,0
2020-03-14,Gelderland,76,2020-03-14,Gelderland,333,1,1,2,3,0,1,0,0,0,0,2,1,1,1,1,1,1,1,0,0
2020-03-15,Gelderland,100,2020-03-15,Gelderland,433,1,3,2,3,0,1,1,0,0,0,2,1,1,1,1,1,1,1,1,0
2020-03-16,Gelderland,135,2020-03-16,Gelderland,568,3,3,2,3,0,1,1,0,0,0,2,1,1,1,1,1,1,1,1,0
2020-03-17,Gelderland,173,2020-03-17,Gelderland,741,3,3,2,3,0,1,1,0,2,0,2,1,1,1,1,1,1,1,1,0
2020-03-18,Gelderland,210,2020-03-18,Gelderland,951,3,3,2,3,0,1,1,0,2,0,2,1,1,1,1,1,1,1,1,0
2020-03-19,Gelderland,240,2020-03-19,Gelderland,1191,3,3,2,3,0,1,1,3,2,0,2,1,1,1,1,1,1,1,1,1
2020-03-20,Gelderland,303,2020-03-20,Gelderland,1494,3,3,2,3,0,1,1,3,2,0,2,1,1,1,1,1,1,1,1,1
2020-03-21,Gelderland,362,2020-03-21,Gelderland,1856,3,3,2,3,0,1,1,3,2,0,2,1,1,1,1,1,1,1,1,1
2020-03-22,Gelderland,421,2020-03-22,Gelderland,2277,3,3,2,3,0,1,1,3,2,0,2,1,1,1,1,1,1,1,1,1
2020-03-23,Gelderland,502,2020-03-23,Gelderland,2779,3,3,2,3,0,2,1,3,2,0,2,1,1,1,1,1,1,1,1,1
2020-03-24,Gelderland,576,2020-03-24,Gelderland,3355,3,3,2,3,0,2,1,3,2,0,2,1,1,1,1,1,1,1,1,1
2020-03-25,Gelderland,675,2020-03-25,Gelderland,4030,3,3,2,3,0,2,1,3,2,0,2,1,1,1,1,1,1,1,1,1
2020-03-26,Gelderland,797,2020-03-26,Gelderland,4827,3,3,2,3,0,2,1,3,2,0,2,1,1,1,1,1,1,1,1,1
2020-03-27,Gelderland,926,2020-03-27,Gelderland,5753,3,3,2,3,0,2,1,3,2,0,2,1,1,1,1,1,1,1,1,1
2020-03-28,Gelderland,1058,2020-03-28,Gelderland,6811,3,3,2,3,0,2,1,3,2,1,2,1,1,1,1,1,1,1,1,1
2020-03-29,Gelderland,1235,2020-03-29,Gelderland,8046,3,3,2,3,0,2,1,3,2,1,2,1,1,1,1,1,1,1,1,1
2020-03-30,Gelderland,1337,2020-03-30,Gelderland,9383,3,3,2,3,0,2,1,3,2,1,2,1,1,1,1,1,1,1,1,1
2020-03-31,Gelderland,1475,2020-03-31,Gelderland,10858,3,3,2,3,1,2,1,3,2,1,2,1,1,1,1,1,1,1,1,1
2020-04-01,Gelderland,1615,2020-04-01,Gelderland,12473,3,3,2,3,1,2,1,3,2,1,2,1,1,1,1,1,1,1,1,1
2020-03-12,Groningen,3,2020-03-12,Groningen,3,1,1,2,3,0,1,0,0,0,0,2,1,1,1,1,1,1,1,0,0
2020-03-13,Groningen,4,2020-03-13,Groningen,7,1,1,2,3,0,1,0,0,0,0,2,1,1,1,1,1,1,1,0,0
2020-03-14,Groningen,4,2020-03-14,Groningen,11,1,1,2,3,0,1,0,0,0,0,2,1,1,1,1,1,1,1,0,0
2020-03-15,Groningen,9,2020-03-15,Groningen,20,1,3,2,3,0,1,1,0,0,0,2,1,1,1,1,1,1,1,1,0
2020-03-16,Groningen,10,2020-03-16,Groningen,30,3,3,2,3,0,1,1,0,0,0,2,1,1,1,1,1,1,1,1,0
2020-03-17,Groningen,10,2020-03-17,Groningen,40,3,3,2,3,0,1,1,0,2,0,2,1,1,1,1,1,1,1,1,0
2020-03-18,Groningen,15,2020-03-18,Groningen,55,3,3,2,3,0,1,1,0,2,0,2,1,1,1,1,1,1,1,1,0
2020-03-19,Groningen,29,2020-03-19,Groningen,84,3,3,2,3,0,1,1,3,2,0,2,1,1,1,1,1,1,1,1,1
2020-03-20,Groningen,33,2020-03-20,Groningen,117,3,3,2,3,0,1,1,3,2,0,2,1,1,1,1,1,1,1,1,1
2020-03-21,Groningen,46,2020-03-21,Groningen,163,3,3,2,3,0,1,1,3,2,0,2,1,1,1,1,1,1,1,1,1
2020-03-22,Groningen,56,2020-03-22,Groningen,219,3,3,2,3,0,1,1,3,2,0,2,1,1,1,1,1,1,1,1,1
2020-03-23,Groningen,67,2020-03-23,Groningen,286,3,3,2,3,0,2,1,3,2,0,2,1,1,1,1,1,1,1,1,1
2020-03-24,Groningen,67,2020-03-24,Groningen,353,3,3,2,3,0,2,1,3,2,0,2,1,1,1,1,1,1,1,1,1
2020-03-25,Groningen,80,2020-03-25,Groningen,433,3,3,2,3,0,2,1,3,2,0,2,1,1,1,1,1,1,1,1,1
2020-03-26,Groningen,109,2020-03-26,Groningen,542,3,3,2,3,0,2,1,3,2,0,2,1,1,1,1,1,1,1,1,1
2020-03-27,Groningen,120,2020-03-27,Groningen,662,3,3,2,3,0,2,1,3,2,0,2,1,1,1,1,1,1,1,1,1
2020-03-28,Groningen,133,2020-03-28,Groningen,795,3,3,2,3,0,2,1,3,2,1,2,1,1,1,1,1,1,1,1,1
2020-03-29,Groningen,140,2020-03-29,Groningen,935,3,3,2,3,0,2,1,3,2,1,2,1,1,1,1,1,1,1,1,1
2020-03-30,Groningen,146,2020-03-30,Groningen,1081,3,3,2,3,0,2,1,3,2,1,2,1,1,1,1,1,1,1,1,1
2020-03-31,Groningen,161,2020-03-31,Groningen,1242,3,3,2,3,1,2,1,3,2,1,2,1,1,1,1,1,1,1,1,1
2020-04-01,Groningen,169,2020-04-01,Groningen,1411,3,3,2,3,1,2,1,3,2,1,2,1,1,1,1,1,1,1,1,1
2020-03-05,Limburg,2,2020-03-05,Limburg,2,0,0,0,0,0,0,0,0,0,0,0,1,2,0,0,0,0,0,0,0
2020-03-06,Limburg,9,2020-03-06,Limburg,11,0,0,0,0,0,1,0,0,0,0,0,1,2,0,0,0,0,1,0,0
2020-03-07,Limburg,11,2020-03-07,Limburg,22,0,0,0,0,0,1,0,0,0,0,0,1,2,0,0,0,0,1,0,0
2020-03-08,Limburg,16,2020-03-08,Limburg,38,0,0,0,0,0,1,0,0,0,0,0,1,2,0,0,0,0,1,0,0
2020-03-09,Limburg,23,2020-03-09,Limburg,61,0,0,0,0,0,1,0,0,0,0,2,1,2,0,0,0,0,1,0,0
2020-03-10,Limburg,32,2020-03-10,Limburg,93,0,0,2,0,0,1,0,0,0,0,2,1,2,0,0,1,0,1,0,0
2020-03-11,Limburg,48,2020-03-11,Limburg,141,0,0,2,0,0,1,0,0,0,0,2,1,2,0,0,1,0,1,0,0
2020-03-12,Limburg,53,2020-03-12,Limburg,194,1,1,2,3,0,1,0,0,0,0,2,1,1,1,1,1,1,1,0,0
2020-03-13,Limburg,67,2020-03-13,Limburg,261,1,1,2,3,0,1,0,0,0,0,2,1,1,1,1,1,1,1,0,0
2020-03-14,Limburg,104,2020-03-14,Limburg,365,1,1,2,3,0,1,0,0,0,0,2,1,1,1,1,1,1,1,0,0
2020-03-15,Limburg,129,2020-03-15,Limburg,494,1,3,2,3,0,1,1,0,0,0,2,1,1,1,1,1,1,1,1,0
2020-03-16,Limburg,149,2020-03-16,Limburg,643,3,3,2,3,0,1,1,0,0,0,2,1,1,1,1,1,1,1,1,0
2020-03-17,Limburg,197,2020-03-17,Limburg,840,3,3,2,3,0,1,1,0,2,0,2,1,1,1,1,1,1,1,1,0
2020-03-18,Limburg,258,2020-03-18,Limburg,1098,3,3,2,3,0,1,1,0,2,0,2,1,1,1,1,1,1,1,1,0
2020-03-19,Limburg,291,2020-03-19,Limburg,1389,3,3,2,3,0,1,1,3,2,0,2,1,1,1,1,1,1,1,1,1
2020-03-20,Limburg,357,2020-03-20,Limburg,1746,3,3,2,3,0,1,1,3,2,0,2,1,1,1,1,1,1,1,1,1
2020-03-21,Limburg,408,2020-03-21,Limburg,2154,3,3,2,3,0,1,1,3,2,0,2,1,1,1,1,1,1,1,1,1
2020-03-22,Limburg,437,2020-03-22,Limburg,2591,3,3,2,3,0,1,1,3,2,0,2,1,1,1,1,1,1,1,1,1
2020-03-23,Limburg,479,2020-03-23,Limburg,3070,3,3,2,3,0,2,1,3,2,0,2,1,1,1,1,1,1,1,1,1
2020-03-24,Limburg,670,2020-03-24,Limburg,3740,3,3,2,3,0,2,1,3,2,0,2,1,1,1,1,1,1,1,1,1
2020-03-25,Limburg,765,2020-03-25,Limburg,4505,3,3,2,3,0,2,1,3,2,0,2,1,1,1,1,1,1,1,1,1
2020-03-26,Limburg,858,2020-03-26,Limburg,5363,3,3,2,3,0,2,1,3,2,0,2,1,1,1,1,1,1,1,1,1
2020-03-27,Limburg,943,2020-03-27,Limburg,6306,3,3,2,3,0,2,1,3,2,0,2,1,1,1,1,1,1,1,1,1
2020-03-28,Limburg,1073,2020-03-28,Limburg,7379,3,3,2,3,0,2,1,3,2,1,2,1,1,1,1,1,1,1,1,1
2020-03-29,Limburg,1168,2020-03-29,Limburg,8547,3,3,2,3,0,2,1,3,2,1,2,1,1,1,1,1,1,1,1,1
2020-03-30,Limburg,1281,2020-03-30,Limburg,9828,3,3,2,3,0,2,1,3,2,1,2,1,1,1,1,1,1,1,1,1
2020-03-31,Limburg,1426,2020-03-31,Limburg,11254,3,3,2,3,1,2,1,3,2,1,2,1,1,1,1,1,1,1,1,1
2020-04-01,Limburg,1513,2020-04-01,Limburg,12767,3,3,2,3,1,2,1,3,2,1,2,1,1,1,1,1,1,1,1,1
2020-02-27,Noord-Brabant,1,2020-02-27,Noord-Brabant,1,0,0,0,0,0,0,0,0,0,0,0,1,2,0,0,0,0,0,0,0
2020-02-28,Noord-Brabant,1,2020-02-28,Noord-Brabant,2,0,0,0,0,0,0,0,0,0,0,0,1,2,0,0,0,0,0,0,0
2020-02-29,Noord-Brabant,3,2020-02-29,Noord-Brabant,5,0,0,0,0,0,0,0,0,0,0,0,1,2,0,0,0,0,0,0,0
2020-03-01,Noord-Brabant,5,2020-03-01,Noord-Brabant,10,0,0,0,0,0,0,0,0,0,0,0,1,2,0,0,0,0,0,0,0
2020-03-02,Noord-Brabant,5,2020-03-02,Noord-Brabant,15,0,0,0,0,0,0,0,0,0,0,0,1,2,0,0,0,0,0,0,0
2020-03-03,Noord-Brabant,12,2020-03-03,Noord-Brabant,27,0,0,0,0,0,0,0,0,0,0,0,1,2,0,0,0,0,0,0,0
2020-03-04,Noord-Brabant,17,2020-03-04,Noord-Brabant,44,0,0,0,0,0,0,0,0,0,0,0,1,2,0,0,0,0,0,0,0
2020-03-05,Noord-Brabant,24,2020-03-05,Noord-Brabant,68,0,0,0,0,0,0,0,0,0,0,0,1,2,0,0,0,0,0,0,0
2020-03-06,Noord-Brabant,34,2020-03-06,Noord-Brabant,102,0,0,0,0,0,1,0,0,0,0,0,1,2,0,0,0,0,1,0,0
2020-03-07,Noord-Brabant,57,2020-03-07,Noord-Brabant,159,0,0,0,0,0,1,0,0,0,0,0,1,2,0,0,0,0,1,0,0
2020-03-08,Noord-Brabant,93,2020-03-08,Noord-Brabant,252,0,0,0,0,0,1,0,0,0,0,0,1,2,0,0,0,0,1,0,0
2020-03-09,Noord-Brabant,135,2020-03-09,Noord-Brabant,387,0,0,0,0,0,1,0,0,0,0,2,1,2,0,0,0,0,1,0,0
2020-03-10,Noord-Brabant,157,2020-03-10,Noord-Brabant,544,0,0,2,0,0,1,0,0,0,0,2,1,2,0,0,1,0,1,0,0
2020-03-11,Noord-Brabant,218,2020-03-11,Noord-Brabant,762,0,0,2,0,0,1,0,0,0,0,2,1,2,0,0,1,0,1,0,0
2020-03-12,Noord-Brabant,266,2020-03-12,Noord-Brabant,1028,1,1,2,3,0,1,0,0,0,0,2,1,1,1,1,1,1,1,0,0
2020-03-13,Noord-Brabant,360,2020-03-13,Noord-Brabant,1388,1,1,2,3,0,1,0,0,0,0,2,1,1,1,1,1,1,1,0,0
2020-03-14,Noord-Brabant,403,2020-03-14,Noord-Brabant,1791,1,1,2,3,0,1,0,0,0,0,2,1,1,1,1,1,1,1,0,0
2020-03-15,Noord-Brabant,446,2020-03-15,Noord-Brabant,2237,1,3,2,3,0,1,1,0,0,0,2,1,1,1,1,1,1,1,1,0
2020-03-16,Noord-Brabant,554,2020-03-16,Noord-Brabant,2791,3,3,2,3,0,1,1,0,0,0,2,1,1,1,1,1,1,1,1,0
2020-03-17,Noord-Brabant,634,2020-03-17,Noord-Brabant,3425,3,3,2,3,0,1,1,0,2,0,2,1,1,1,1,1,1,1,1,0
2020-03-18,Noord-Brabant,728,2020-03-18,Noord-Brabant,4153,3,3,2,3,0,1,1,0,2,0,2,1,1,1,1,1,1,1,1,0
2020-03-19,Noord-Brabant,842,2020-03-19,Noord-Brabant,4995,3,3,2,3,0,1,1,3,2,0,2,1,1,1,1,1,1,1,1,1
2020-03-20,Noord-Brabant,971,2020-03-20,Noord-Brabant,5966,3,3,2,3,0,1,1,3,2,0,2,1,1,1,1,1,1,1,1,1
2020-03-21,Noord-Brabant,1139,2020-03-21,Noord-Brabant,7105,3,3,2,3,0,1,1,3,2,0,2,1,1,1,1,1,1,1,1,1
2020-03-22,Noord-Brabant,1358,2020-03-22,Noord-Brabant,8463,3,3,2,3,0,1,1,3,2,0,2,1,1,1,1,1,1,1,1,1
2020-03-23,Noord-Brabant,1508,2020-03-23,Noord-Brabant,9971,3,3,2,3,0,2,1,3,2,0,2,1,1,1,1,1,1,1,1,1
2020-03-24,Noord-Brabant,1685,2020-03-24,Noord-Brabant,11656,3,3,2,3,0,2,1,3,2,0,2,1,1,1,1,1,1,1,1,1
2020-03-25,Noord-Brabant,1861,2020-03-25,Noord-Brabant,13517,3,3,2,3,0,2,1,3,2,0,2,1,1,1,1,1,1,1,1,1
2020-03-26,Noord-Brabant,2100,2020-03-26,Noord-Brabant,15617,3,3,2,3,0,2,1,3,2,0,2,1,1,1,1,1,1,1,1,1
2020-03-27,Noord-Brabant,2426,2020-03-27,Noord-Brabant,18043,3,3,2,3,0,2,1,3,2,0,2,1,1,1,1,1,1,1,1,1
2020-03-28,Noord-Brabant,2678,2020-03-28,Noord-Brabant,20721,3,3,2,3,0,2,1,3,2,1,2,1,1,1,1,1,1,1,1,1
2020-03-29,Noord-Brabant,2950,2020-03-29,Noord-Brabant,23671,3,3,2,3,0,2,1,3,2,1,2,1,1,1,1,1,1,1,1,1
2020-03-30,Noord-Brabant,3162,2020-03-30,Noord-Brabant,26833,3,3,2,3,0,2,1,3,2,1,2,1,1,1,1,1,1,1,1,1
2020-03-31,Noord-Brabant,3412,2020-03-31,Noord-Brabant,30245,3,3,2,3,1,2,1,3,2,1,2,1,1,1,1,1,1,1,1,1
2020-04-01,Noord-Brabant,3560,2020-04-01,Noord-Brabant,33805,3,3,2,3,1,2,1,3,2,1,2,1,1,1,1,1,1,1,1,1
2020-02-28,Noord-Holland,1,2020-02-28,Noord-Holland,1,0,0,0,0,0,0,0,0,0,0,0,1,2,0,0,0,0,0,0,0
2020-02-29,Noord-Holland,3,2020-02-29,Noord-Holland,4,0,0,0,0,0,0,0,0,0,0,0,1,2,0,0,0,0,0,0,0
2020-03-01,Noord-Holland,3,2020-03-01,Noord-Holland,7,0,0,0,0,0,0,0,0,0,0,0,1,2,0,0,0,0,0,0,0
2020-03-02,Noord-Holland,3,2020-03-02,Noord-Holland,10,0,0,0,0,0,0,0,0,0,0,0,1,2,0,0,0,0,0,0,0
2020-03-03,Noord-Holland,4,2020-03-03,Noord-Holland,14,0,0,0,0,0,0,0,0,0,0,0,1,2,0,0,0,0,0,0,0
2020-03-04,Noord-Holland,7,2020-03-04,Noord-Holland,21,0,0,0,0,0,0,0,0,0,0,0,1,2,0,0,0,0,0,0,0
2020-03-05,Noord-Holland,9,2020-03-05,Noord-Holland,30,0,0,0,0,0,0,0,0,0,0,0,1,2,0,0,0,0,0,0,0
2020-03-06,Noord-Holland,10,2020-03-06,Noord-Holland,40,0,0,0,0,0,1,0,0,0,0,0,1,2,0,0,0,0,1,0,0
2020-03-07,Noord-Holland,17,2020-03-07,Noord-Holland,57,0,0,0,0,0,1,0,0,0,0,0,1,2,0,0,0,0,1,0,0
2020-03-08,Noord-Holland,22,2020-03-08,Noord-Holland,79,0,0,0,0,0,1,0,0,0,0,0,1,2,0,0,0,0,1,0,0
2020-03-09,Noord-Holland,23,2020-03-09,Noord-Holland,102,0,0,0,0,0,1,0,0,0,0,2,1,2,0,0,0,0,1,0,0
2020-03-10,Noord-Holland,30,2020-03-10,Noord-Holland,132,0,0,2,0,0,1,0,0,0,0,2,1,2,0,0,1,0,1,0,0
2020-03-11,Noord-Holland,35,2020-03-11,Noord-Holland,167,0,0,2,0,0,1,0,0,0,0,2,1,2,0,0,1,0,1,0,0
2020-03-12,Noord-Holland,42,2020-03-12,Noord-Holland,209,1,1,2,3,0,1,0,0,0,0,2,1,1,1,1,1,1,1,0,0
2020-03-13,Noord-Holland,63,2020-03-13,Noord-Holland,272,1,1,2,3,0,1,0,0,0,0,2,1,1,1,1,1,1,1,0,0
2020-03-14,Noord-Holland,83,2020-03-14,Noord-Holland,355,1,1,2,3,0,1,0,0,0,0,2,1,1,1,1,1,1,1,0,0
2020-03-15,Noord-Holland,90,2020-03-15,Noord-Holland,445,1,3,2,3,0,1,1,0,0,0,2,1,1,1,1,1,1,1,1,0
2020-03-16,Noord-Holland,115,2020-03-16,Noord-Holland,560,3,3,2,3,0,1,1,0,0,0,2,1,1,1,1,1,1,1,1,0
2020-03-17,Noord-Holland,151,2020-03-17,Noord-Holland,711,3,3,2,3,0,1,1,0,2,0,2,1,1,1,1,1,1,1,1,0
2020-03-18,Noord-Holland,173,2020-03-18,Noord-Holland,884,3,3,2,3,0,1,1,0,2,0,2,1,1,1,1,1,1,1,1,0
2020-03-19,Noord-Holland,244,2020-03-19,Noord-Holland,1128,3,3,2,3,0,1,1,3,2,0,2,1,1,1,1,1,1,1,1,1
2020-03-20,Noord-Holland,327,2020-03-20,Noord-Holland,1455,3,3,2,3,0,1,1,3,2,0,2,1,1,1,1,1,1,1,1,1
2020-03-21,Noord-Holland,429,2020-03-21,Noord-Holland,1884,3,3,2,3,0,1,1,3,2,0,2,1,1,1,1,1,1,1,1,1
2020-03-22,Noord-Holland,499,2020-03-22,Noord-Holland,2383,3,3,2,3,0,1,1,3,2,0,2,1,1,1,1,1,1,1,1,1
2020-03-23,Noord-Holland,560,2020-03-23,Noord-Holland,2943,3,3,2,3,0,2,1,3,2,0,2,1,1,1,1,1,1,1,1,1
2020-03-24,Noord-Holland,696,2020-03-24,Noord-Holland,3639,3,3,2,3,0,2,1,3,2,0,2,1,1,1,1,1,1,1,1,1
2020-03-25,Noord-Holland,825,2020-03-25,Noord-Holland,4464,3,3,2,3,0,2,1,3,2,0,2,1,1,1,1,1,1,1,1,1
2020-03-26,Noord-Holland,982,2020-03-26,Noord-Holland,5446,3,3,2,3,0,2,1,3,2,0,2,1,1,1,1,1,1,1,1,1
2020-03-27,Noord-Holland,1175,2020-03-27,Noord-Holland,6621,3,3,2,3,0,2,1,3,2,0,2,1,1,1,1,1,1,1,1,1
2020-03-28,Noord-Holland,1335,2020-03-28,Noord-Holland,7956,3,3,2,3,0,2,1,3,2,1,2,1,1,1,1,1,1,1,1,1
2020-03-29,Noord-Holland,1484,2020-03-29,Noord-Holland,9440,3,3,2,3,0,2,1,3,2,1,2,1,1,1,1,1,1,1,1,1
2020-03-30,Noord-Holland,1629,2020-03-30,Noord-Holland,11069,3,3,2,3,0,2,1,3,2,1,2,1,1,1,1,1,1,1,1,1
2020-03-31,Noord-Holland,1845,2020-03-31,Noord-Holland,12914,3,3,2,3,1,2,1,3,2,1,2,1,1,1,1,1,1,1,1,1
2020-04-01,Noord-Holland,2017,2020-04-01,Noord-Holland,14931,3,3,2,3,1,2,1,3,2,1,2,1,1,1,1,1,1,1,1,1
2020-03-05,Overijssel,1,2020-03-05,Overijssel,1,0,0,0,0,0,0,0,0,0,0,0,1,2,0,0,0,0,0,0,0
2020-03-06,Overijssel,1,2020-03-06,Overijssel,2,0,0,0,0,0,1,0,0,0,0,0,1,2,0,0,0,0,1,0,0
2020-03-07,Overijssel,4,2020-03-07,Overijssel,6,0,0,0,0,0,1,0,0,0,0,0,1,2,0,0,0,0,1,0,0
2020-03-08,Overijssel,9,2020-03-08,Overijssel,15,0,0,0,0,0,1,0,0,0,0,0,1,2,0,0,0,0,1,0,0
2020-03-09,Overijssel,10,2020-03-09,Overijssel,25,0,0,0,0,0,1,0,0,0,0,2,1,2,0,0,0,0,1,0,0
2020-03-10,Overijssel,10,2020-03-10,Overijssel,35,0,0,2,0,0,1,0,0,0,0,2,1,2,0,0,1,0,1,0,0
2020-03-11,Overijssel,12,2020-03-11,Overijssel,47,0,0,2,0,0,1,0,0,0,0,2,1,2,0,0,1,0,1,0,0
2020-03-12,Overijssel,13,2020-03-12,Overijssel,60,1,1,2,3,0,1,0,0,0,0,2,1,1,1,1,1,1,1,0,0
2020-03-13,Overijssel,18,2020-03-13,Overijssel,78,1,1,2,3,0,1,0,0,0,0,2,1,1,1,1,1,1,1,0,0
2020-03-14,Overijssel,23,2020-03-14,Overijssel,101,1,1,2,3,0,1,0,0,0,0,2,1,1,1,1,1,1,1,0,0
2020-03-15,Overijssel,28,2020-03-15,Overijssel,129,1,3,2,3,0,1,1,0,0,0,2,1,1,1,1,1,1,1,1,0
2020-03-16,Overijssel,36,2020-03-16,Overijssel,165,3,3,2,3,0,1,1,0,0,0,2,1,1,1,1,1,1,1,1,0
2020-03-17,Overijssel,45,2020-03-17,Overijssel,210,3,3,2,3,0,1,1,0,2,0,2,1,1,1,1,1,1,1,1,0
2020-03-18,Overijssel,58,2020-03-18,Overijssel,268,3,3,2,3,0,1,1,0,2,0,2,1,1,1,1,1,1,1,1,0
2020-03-19,Overijssel,73,2020-03-19,Overijssel,341,3,3,2,3,0,1,1,3,2,0,2,1,1,1,1,1,1,1,1,1
2020-03-20,Overijssel,98,2020-03-20,Overijssel,439,3,3,2,3,0,1,1,3,2,0,2,1,1,1,1,1,1,1,1,1
2020-03-21,Overijssel,161,2020-03-21,Overijssel,600,3,3,2,3,0,1,1,3,2,0,2,1,1,1,1,1,1,1,1,1
2020-03-22,Overijssel,187,2020-03-22,Overijssel,787,3,3,2,3,0,1,1,3,2,0,2,1,1,1,1,1,1,1,1,1
2020-03-23,Overijssel,216,2020-03-23,Overijssel,1003,3,3,2,3,0,2,1,3,2,0,2,1,1,1,1,1,1,1,1,1
2020-03-24,Overijssel,247,2020-03-24,Overijssel,1250,3,3,2,3,0,2,1,3,2,0,2,1,1,1,1,1,1,1,1,1
2020-03-25,Overijssel,316,2020-03-25,Overijssel,1566,3,3,2,3,0,2,1,3,2,0,2,1,1,1,1,1,1,1,1,1
2020-03-26,Overijssel,385,2020-03-26,Overijssel,1951,3,3,2,3,0,2,1,3,2,0,2,1,1,1,1,1,1,1,1,1
2020-03-27,Overijssel,443,2020-03-27,Overijssel,2394,3,3,2,3,0,2,1,3,2,0,2,1,1,1,1,1,1,1,1,1
2020-03-28,Overijssel,511,2020-03-28,Overijssel,2905,3,3,2,3,0,2,1,3,2,1,2,1,1,1,1,1,1,1,1,1
2020-03-29,Overijssel,583,2020-03-29,Overijssel,3488,3,3,2,3,0,2,1,3,2,1,2,1,1,1,1,1,1,1,1,1
2020-03-30,Overijssel,640,2020-03-30,Overijssel,4128,3,3,2,3,0,2,1,3,2,1,2,1,1,1,1,1,1,1,1,1
2020-03-31,Overijssel,698,2020-03-31,Overijssel,4826,3,3,2,3,1,2,1,3,2,1,2,1,1,1,1,1,1,1,1,1
2020-04-01,Overijssel,779,2020-04-01,Overijssel,5605,3,3,2,3,1,2,1,3,2,1,2,1,1,1,1,1,1,1,1,1
2020-03-03,Utrecht,3,2020-03-03,Utrecht,3,0,0,0,0,0,0,0,0,0,0,0,1,2,0,0,0,0,0,0,0
2020-03-04,Utrecht,3,2020-03-04,Utrecht,6,0,0,0,0,0,0,0,0,0,0,0,1,2,0,0,0,0,0,0,0
2020-03-05,Utrecht,23,2020-03-05,Utrecht,29,0,0,0,0,0,0,0,0,0,0,0,1,2,0,0,0,0,0,0,0
2020-03-06,Utrecht,33,2020-03-06,Utrecht,62,0,0,0,0,0,1,0,0,0,0,0,1,2,0,0,0,0,1,0,0
2020-03-07,Utrecht,47,2020-03-07,Utrecht,109,0,0,0,0,0,1,0,0,0,0,0,1,2,0,0,0,0,1,0,0
2020-03-08,Utrecht,52,2020-03-08,Utrecht,161,0,0,0,0,0,1,0,0,0,0,0,1,2,0,0,0,0,1,0,0
2020-03-09,Utrecht,52,2020-03-09,Utrecht,213,0,0,0,0,0,1,0,0,0,0,2,1,2,0,0,0,0,1,0,0
2020-03-10,Utrecht,55,2020-03-10,Utrecht,268,0,0,2,0,0,1,0,0,0,0,2,1,2,0,0,1,0,1,0,0
2020-03-11,Utrecht,67,2020-03-11,Utrecht,335,0,0,2,0,0,1,0,0,0,0,2,1,2,0,0,1,0,1,0,0
2020-03-12,Utrecht,80,2020-03-12,Utrecht,415,1,1,2,3,0,1,0,0,0,0,2,1,1,1,1,1,1,1,0,0
2020-03-13,Utrecht,83,2020-03-13,Utrecht,498,1,1,2,3,0,1,0,0,0,0,2,1,1,1,1,1,1,1,0,0
2020-03-14,Utrecht,87,2020-03-14,Utrecht,585,1,1,2,3,0,1,0,0,0,0,2,1,1,1,1,1,1,1,0,0
2020-03-15,Utrecht,109,2020-03-15,Utrecht,694,1,3,2,3,0,1,1,0,0,0,2,1,1,1,1,1,1,1,1,0
2020-03-16,Utrecht,140,2020-03-16,Utrecht,834,3,3,2,3,0,1,1,0,0,0,2,1,1,1,1,1,1,1,1,0
2020-03-17,Utrecht,173,2020-03-17,Utrecht,1007,3,3,2,3,0,1,1,0,2,0,2,1,1,1,1,1,1,1,1,0
2020-03-18,Utrecht,197,2020-03-18,Utrecht,1204,3,3,2,3,0,1,1,0,2,0,2,1,1,1,1,1,1,1,1,0
2020-03-19,Utrecht,237,2020-03-19,Utrecht,1441,3,3,2,3,0,1,1,3,2,0,2,1,1,1,1,1,1,1,1,1
2020-03-20,Utrecht,267,2020-03-20,Utrecht,1708,3,3,2,3,0,1,1,3,2,0,2,1,1,1,1,1,1,1,1,1
2020-03-21,Utrecht,313,2020-03-21,Utrecht,2021,3,3,2,3,0,1,1,3,2,0,2,1,1,1,1,1,1,1,1,1
2020-03-22,Utrecht,344,2020-03-22,Utrecht,2365,3,3,2,3,0,1,1,3,2,0,2,1,1,1,1,1,1,1,1,1
2020-03-23,Utrecht,401,2020-03-23,Utrecht,2766,3,3,2,3,0,2,1,3,2,0,2,1,1,1,1,1,1,1,1,1
2020-03-24,Utrecht,458,2020-03-24,Utrecht,3224,3,3,2,3,0,2,1,3,2,0,2,1,1,1,1,1,1,1,1,1
2020-03-25,Utrecht,547,2020-03-25,Utrecht,3771,3,3,2,3,0,2,1,3,2,0,2,1,1,1,1,1,1,1,1,1
2020-03-26,Utrecht,628,2020-03-26,Utrecht,4399,3,3,2,3,0,2,1,3,2,0,2,1,1,1,1,1,1,1,1,1
2020-03-27,Utrecht,716,2020-03-27,Utrecht,5115,3,3,2,3,0,2,1,3,2,0,2,1,1,1,1,1,1,1,1,1
2020-03-28,Utrecht,797,2020-03-28,Utrecht,5912,3,3,2,3,0,2,1,3,2,1,2,1,1,1,1,1,1,1,1,1
2020-03-29,Utrecht,880,2020-03-29,Utrecht,6792,3,3,2,3,0,2,1,3,2,1,2,1,1,1,1,1,1,1,1,1
2020-03-30,Utrecht,952,2020-03-30,Utrecht,7744,3,3,2,3,0,2,1,3,2,1,2,1,1,1,1,1,1,1,1,1
2020-03-31,Utrecht,1046,2020-03-31,Utrecht,8790,3,3,2,3,1,2,1,3,2,1,2,1,1,1,1,1,1,1,1,1
2020-04-01,Utrecht,1111,2020-04-01,Utrecht,9901,3,3,2,3,1,2,1,3,2,1,2,1,1,1,1,1,1,1,1,1
2020-03-07,Zeeland,1,2020-03-07,Zeeland,1,0,0,0,0,0,1,0,0,0,0,0,1,2,0,0,0,0,1,0,0
2020-03-08,Zeeland,1,2020-03-08,Zeeland,2,0,0,0,0,0,1,0,0,0,0,0,1,2,0,0,0,0,1,0,0
2020-03-09,Zeeland,1,2020-03-09,Zeeland,3,0,0,0,0,0,1,0,0,0,0,2,1,2,0,0,0,0,1,0,0
2020-03-10,Zeeland,3,2020-03-10,Zeeland,6,0,0,2,0,0,1,0,0,0,0,2,1,2,0,0,1,0,1,0,0
2020-03-11,Zeeland,6,2020-03-11,Zeeland,12,0,0,2,0,0,1,0,0,0,0,2,1,2,0,0,1,0,1,0,0
2020-03-12,Zeeland,9,2020-03-12,Zeeland,21,1,1,2,3,0,1,0,0,0,0,2,1,1,1,1,1,1,1,0,0
2020-03-13,Zeeland,9,2020-03-13,Zeeland,30,1,1,2,3,0,1,0,0,0,0,2,1,1,1,1,1,1,1,0,0
2020-03-14,Zeeland,10,2020-03-14,Zeeland,40,1,1,2,3,0,1,0,0,0,0,2,1,1,1,1,1,1,1,0,0
2020-03-15,Zeeland,12,2020-03-15,Zeeland,52,1,3,2,3,0,1,1,0,0,0,2,1,1,1,1,1,1,1,1,0
2020-03-16,Zeeland,17,2020-03-16,Zeeland,69,3,3,2,3,0,1,1,0,0,0,2,1,1,1,1,1,1,1,1,0
2020-03-17,Zeeland,20,2020-03-17,Zeeland,89,3,3,2,3,0,1,1,0,2,0,2,1,1,1,1,1,1,1,1,0
2020-03-18,Zeeland,26,2020-03-18,Zeeland,115,3,3,2,3,0,1,1,0,2,0,2,1,1,1,1,1,1,1,1,0
2020-03-19,Zeeland,31,2020-03-19,Zeeland,146,3,3,2,3,0,1,1,3,2,0,2,1,1,1,1,1,1,1,1,1
2020-03-20,Zeeland,36,2020-03-20,Zeeland,182,3,3,2,3,0,1,1,3,2,0,2,1,1,1,1,1,1,1,1,1
2020-03-21,Zeeland,46,2020-03-21,Zeeland,228,3,3,2,3,0,1,1,3,2,0,2,1,1,1,1,1,1,1,1,1
2020-03-22,Zeeland,48,2020-03-22,Zeeland,276,3,3,2,3,0,1,1,3,2,0,2,1,1,1,1,1,1,1,1,1
2020-03-23,Zeeland,54,2020-03-23,Zeeland,330,3,3,2,3,0,2,1,3,2,0,2,1,1,1,1,1,1,1,1,1
2020-03-24,Zeeland,62,2020-03-24,Zeeland,392,3,3,2,3,0,2,1,3,2,0,2,1,1,1,1,1,1,1,1,1
2020-03-25,Zeeland,76,2020-03-25,Zeeland,468,3,3,2,3,0,2,1,3,2,0,2,1,1,1,1,1,1,1,1,1
2020-03-26,Zeeland,90,2020-03-26,Zeeland,558,3,3,2,3,0,2,1,3,2,0,2,1,1,1,1,1,1,1,1,1
2020-03-27,Zeeland,108,2020-03-27,Zeeland,666,3,3,2,3,0,2,1,3,2,0,2,1,1,1,1,1,1,1,1,1
2020-03-28,Zeeland,119,2020-03-28,Zeeland,785,3,3,2,3,0,2,1,3,2,1,2,1,1,1,1,1,1,1,1,1
2020-03-29,Zeeland,133,2020-03-29,Zeeland,918,3,3,2,3,0,2,1,3,2,1,2,1,1,1,1,1,1,1,1,1
2020-03-30,Zeeland,147,2020-03-30,Zeeland,1065,3,3,2,3,0,2,1,3,2,1,2,1,1,1,1,1,1,1,1,1
2020-03-31,Zeeland,161,2020-03-31,Zeeland,1226,3,3,2,3,1,2,1,3,2,1,2,1,1,1,1,1,1,1,1,1
2020-04-01,Zeeland,178,2020-04-01,Zeeland,1404,3,3,2,3,1,2,1,3,2,1,2,1,1,1,1,1,1,1,1,1
2020-02-29,Zuid-Holland,1,2020-02-29,Zuid-Holland,1,0,0,0,0,0,0,0,0,0,0,0,1,2,0,0,0,0,0,0,0
2020-03-01,Zuid-Holland,1,2020-03-01,Zuid-Holland,2,0,0,0,0,0,0,0,0,0,0,0,1,2,0,0,0,0,0,0,0
2020-03-02,Zuid-Holland,1,2020-03-02,Zuid-Holland,3,0,0,0,0,0,0,0,0,0,0,0,1,2,0,0,0,0,0,0,0
2020-03-03,Zuid-Holland,3,2020-03-03,Zuid-Holland,6,0,0,0,0,0,0,0,0,0,0,0,1,2,0,0,0,0,0,0,0
2020-03-04,Zuid-Holland,7,2020-03-04,Zuid-Holland,13,0,0,0,0,0,0,0,0,0,0,0,1,2,0,0,0,0,0,0,0
2020-03-05,Zuid-Holland,12,2020-03-05,Zuid-Holland,25,0,0,0,0,0,0,0,0,0,0,0,1,2,0,0,0,0,0,0,0
2020-03-06,Zuid-Holland,22,2020-03-06,Zuid-Holland,47,0,0,0,0,0,1,0,0,0,0,0,1,2,0,0,0,0,1,0,0
2020-03-07,Zuid-Holland,29,2020-03-07,Zuid-Holland,76,0,0,0,0,0,1,0,0,0,0,0,1,2,0,0,0,0,1,0,0
2020-03-08,Zuid-Holland,34,2020-03-08,Zuid-Holland,110,0,0,0,0,0,1,0,0,0,0,0,1,2,0,0,0,0,1,0,0
2020-03-09,Zuid-Holland,37,2020-03-09,Zuid-Holland,147,0,0,0,0,0,1,0,0,0,0,2,1,2,0,0,0,0,1,0,0
2020-03-10,Zuid-Holland,47,2020-03-10,Zuid-Holland,194,0,0,2,0,0,1,0,0,0,0,2,1,2,0,0,1,0,1,0,0
2020-03-11,Zuid-Holland,57,2020-03-11,Zuid-Holland,251,0,0,2,0,0,1,0,0,0,0,2,1,2,0,0,1,0,1,0,0
2020-03-12,Zuid-Holland,65,2020-03-12,Zuid-Holland,316,1,1,2,3,0,1,0,0,0,0,2,1,1,1,1,1,1,1,0,0
2020-03-13,Zuid-Holland,81,2020-03-13,Zuid-Holland,397,1,1,2,3,0,1,0,0,0,0,2,1,1,1,1,1,1,1,0,0
2020-03-14,Zuid-Holland,95,2020-03-14,Zuid-Holland,492,1,1,2,3,0,1,0,0,0,0,2,1,1,1,1,1,1,1,0,0
2020-03-15,Zuid-Holland,110,2020-03-15,Zuid-Holland,602,1,3,2,3,0,1,1,0,0,0,2,1,1,1,1,1,1,1,1,0
2020-03-16,Zuid-Holland,136,2020-03-16,Zuid-Holland,738,3,3,2,3,0,1,1,0,0,0,2,1,1,1,1,1,1,1,1,0
2020-03-17,Zuid-Holland,175,2020-03-17,Zuid-Holland,913,3,3,2,3,0,1,1,0,2,0,2,1,1,1,1,1,1,1,1,0
2020-03-18,Zuid-Holland,232,2020-03-18,Zuid-Holland,1145,3,3,2,3,0,1,1,0,2,0,2,1,1,1,1,1,1,1,1,0
2020-03-19,Zuid-Holland,303,2020-03-19,Zuid-Holland,1448,3,3,2,3,0,1,1,3,2,0,2,1,1,1,1,1,1,1,1,1
2020-03-20,Zuid-Holland,395,2020-03-20,Zuid-Holland,1843,3,3,2,3,0,1,1,3,2,0,2,1,1,1,1,1,1,1,1,1
2020-03-21,Zuid-Holland,469,2020-03-21,Zuid-Holland,2312,3,3,2,3,0,1,1,3,2,0,2,1,1,1,1,1,1,1,1,1
2020-03-22,Zuid-Holland,567,2020-03-22,Zuid-Holland,2879,3,3,2,3,0,1,1,3,2,0,2,1,1,1,1,1,1,1,1,1
2020-03-23,Zuid-Holland,627,2020-03-23,Zuid-Holland,3506,3,3,2,3,0,2,1,3,2,0,2,1,1,1,1,1,1,1,1,1
2020-03-24,Zuid-Holland,733,2020-03-24,Zuid-Holland,4239,3,3,2,3,0,2,1,3,2,0,2,1,1,1,1,1,1,1,1,1
2020-03-25,Zuid-Holland,862,2020-03-25,Zuid-Holland,5101,3,3,2,3,0,2,1,3,2,0,2,1,1,1,1,1,1,1,1,1
2020-03-26,Zuid-Holland,1015,2020-03-26,Zuid-Holland,6116,3,3,2,3,0,2,1,3,2,0,2,1,1,1,1,1,1,1,1,1
2020-03-27,Zuid-Holland,1217,2020-03-27,Zuid-Holland,7333,3,3,2,3,0,2,1,3,2,0,2,1,1,1,1,1,1,1,1,1
2020-03-28,Zuid-Holland,1470,2020-03-28,Zuid-Holland,8803,3,3,2,3,0,2,1,3,2,1,2,1,1,1,1,1,1,1,1,1
2020-03-29,Zuid-Holland,1625,2020-03-29,Zuid-Holland,10428,3,3,2,3,0,2,1,3,2,1,2,1,1,1,1,1,1,1,1,1
2020-03-30,Zuid-Holland,1767,2020-03-30,Zuid-Holland,12195,3,3,2,3,0,2,1,3,2,1,2,1,1,1,1,1,1,1,1,1
2020-03-31,Zuid-Holland,1949,2020-03-31,Zuid-Holland,14144,3,3,2,3,1,2,1,3,2,1,2,1,1,1,1,1,1,1,1,1
2020-04-01,Zuid-Holland,2193,2020-04-01,Zuid-Holland,16337,3,3,2,3,1,2,1,3,2,1,2,1,1,1,1,1,1,1,1,1
2020-03-02,NA,8,2020-03-02,NA,8,0,0,0,0,0,0,0,0,0,0,0,1,2,0,0,0,0,0,0,0
2020-03-04,NA,1,2020-03-04,NA,9,0,0,0,0,0,0,0,0,0,0,0,1,2,0,0,0,0,0,0,0
2020-03-05,NA,5,2020-03-05,NA,14,0,0,0,0,0,0,0,0,0,0,0,1,2,0,0,0,0,0,0,0
2020-03-06,NA,4,2020-03-06,NA,18,0,0,0,0,0,1,0,0,0,0,0,1,2,0,0,0,0,1,0,0
2020-03-07,NA,4,2020-03-07,NA,22,0,0,0,0,0,1,0,0,0,0,0,1,2,0,0,0,0,1,0,0
2020-03-08,NA,2,2020-03-08,NA,24,0,0,0,0,0,1,0,0,0,0,0,1,2,0,0,0,0,1,0,0
2020-03-09,NA,1,2020-03-09,NA,25,0,0,0,0,0,1,0,0,0,0,2,1,2,0,0,0,0,1,0,0
2020-03-10,NA,2,2020-03-10,NA,27,0,0,2,0,0,1,0,0,0,0,2,1,2,0,0,1,0,1,0,0
2020-03-11,NA,6,2020-03-11,NA,33,0,0,2,0,0,1,0,0,0,0,2,1,2,0,0,1,0,1,0,0
2020-03-12,NA,12,2020-03-12,NA,45,1,1,2,3,0,1,0,0,0,0,2,1,1,1,1,1,1,1,0,0
2020-03-13,NA,28,2020-03-13,NA,73,1,1,2,3,0,1,0,0,0,0,2,1,1,1,1,1,1,1,0,0
2020-03-14,NA,37,2020-03-14,NA,110,1,1,2,3,0,1,0,0,0,0,2,1,1,1,1,1,1,1,0,0
2020-03-15,NA,58,2020-03-15,NA,168,1,3,2,3,0,1,1,0,0,0,2,1,1,1,1,1,1,1,1,0
2020-03-16,NA,70,2020-03-16,NA,238,3,3,2,3,0,1,1,0,0,0,2,1,1,1,1,1,1,1,1,0
2020-03-17,NA,70,2020-03-17,NA,308,3,3,2,3,0,1,1,0,2,0,2,1,1,1,1,1,1,1,1,0
2020-03-18,NA,84,2020-03-18,NA,392,3,3,2,3,0,1,1,0,2,0,2,1,1,1,1,1,1,1,1,0
2020-03-19,NA,89,2020-03-19,NA,481,3,3,2,3,0,1,1,3,2,0,2,1,1,1,1,1,1,1,1,1
2020-03-20,NA,112,2020-03-20,NA,593,3,3,2,3,0,1,1,3,2,0,2,1,1,1,1,1,1,1,1,1
2020-03-21,NA,137,2020-03-21,NA,730,3,3,2,3,0,1,1,3,2,0,2,1,1,1,1,1,1,1,1,1
2020-03-22,NA,155,2020-03-22,NA,885,3,3,2,3,0,1,1,3,2,0,2,1,1,1,1,1,1,1,1,1
2020-03-23,NA,184,2020-03-23,NA,1069,3,3,2,3,0,2,1,3,2,0,2,1,1,1,1,1,1,1,1,1
2020-03-24,NA,200,2020-03-24,NA,1269,3,3,2,3,0,2,1,3,2,0,2,1,1,1,1,1,1,1,1,1
2020-03-25,NA,213,2020-03-25,NA,1482,3,3,2,3,0,2,1,3,2,0,2,1,1,1,1,1,1,1,1,1
2020-03-26,NA,237,2020-03-26,NA,1719,3,3,2,3,0,2,1,3,2,0,2,1,1,1,1,1,1,1,1,1
2020-03-27,NA,265,2020-03-27,NA,1984,3,3,2,3,0,2,1,3,2,0,2,1,1,1,1,1,1,1,1,1
2020-03-28,NA,279,2020-03-28,NA,2263,3,3,2,3,0,2,1,3,2,1,2,1,1,1,1,1,1,1,1,1
2020-03-29,NA,305,2020-03-29,NA,2568,3,3,2,3,0,2,1,3,2,1,2,1,1,1,1,1,1,1,1,1
2020-03-30,NA,310,2020-03-30,NA,2878,3,3,2,3,0,2,1,3,2,1,2,1,1,1,1,1,1,1,1,1
2020-03-31,NA,0,2020-03-31,NA,2878,3,3,2,3,1,2,1,3,2,1,2,1,1,1,1,1,1,1,1,1
2020-04-01,NA,0,2020-04-01,NA,2878,3,3,2,3,1,2,1,3,2,1,2,1,1,1,1,1,1,1,1,1
