adm0_name,adm1_name,date,cum_confirmed_cases,cum_confirmed_cases_imputed,population,cum_hospitalized,event_cancel,event_cancel_popwt,home_isolation,home_isolation_popwt,no_gathering_popwt,no_gathering_inside,no_gathering_inside_popwt,social_distance,social_distance_popwt,social_distance_opt,business_closure,no_gathering,testing_regime,no_gathering_size,school_closure,school_closure_popwt,t,dow,month,year,day,adm1_id,longest_series,l_cum_confirmed_cases,D_l_cum_confirmed_cases,l_cum_hospitalized,D_l_cum_hospitalized,sample_avg,day_avg,testing_change_fra_15mar2020,p_fra_1,no_gathering_5000,no_gathering_1000,no_gathering_100,p_fra_2,p_fra_3,_reghdfe_resid,__hdfe1__,__hdfe2__
"FRA","AuvergneRhôneAlpes","2020-03-03",40,40,8032377,12,0,0,0,0,0,0,0,0,0,0,0,1,0,5000,1,.1031332,03mar2020,2,3,2020,3,"AuvergneRhôneAlpes",0,3.688879,.0779617,2.484907,.1823215,.2057971,,0,0,1,0,0,0,1,-.15960579,-.04979619,-.04618515
"FRA","AuvergneRhôneAlpes","2020-03-04",49,49,8032377,14,0,0,0,0,0,0,0,0,0,0,0,1,0,5000,1,.1031332,04mar2020,3,3,2020,4,"AuvergneRhôneAlpes",0,3.89182,.2029407,2.639057,.1541507,.2057971,,0,0,1,0,0,0,1,-.07244197,-.04979619,-.00836996
"FRA","AuvergneRhôneAlpes","2020-03-05",64,64,8032377,15,0,0,0,0,0,0,0,0,0,0,0,1,0,5000,1,.1031332,05mar2020,4,3,2020,5,"AuvergneRhôneAlpes",0,4.158883,.2670629,2.70805,.0689929,.2057971,,0,0,1,0,0,0,1,-.05520332,-.04979619,.03851358
"FRA","AuvergneRhôneAlpes","2020-03-06",75,75,8032377,18,0,0,0,0,0,0,0,0,0,0,0,1,0,5000,1,.1031332,06mar2020,5,3,2020,6,"AuvergneRhôneAlpes",0,4.317488,.1586051,2.890372,.1823215,.2057971,,0,0,1,0,0,0,1,-.16684069,-.04979619,.04169315
"FRA","AuvergneRhôneAlpes","2020-03-07",102,102,8032377,22,0,0,0,0,0,0,0,0,0,0,0,1,0,5000,1,.1031332,07mar2020,6,3,2020,7,"AuvergneRhôneAlpes",0,4.624973,.3074846,3.091043,.2006707,.2057971,,0,0,1,0,0,0,1,.00130991,-.04979619,.02242208
"FRA","AuvergneRhôneAlpes","2020-03-08",146,146,8032377,25,0,0,0,0,0,0,0,0,0,0,0,1,0,1000,1,.1031332,08mar2020,0,3,2020,8,"AuvergneRhôneAlpes",0,4.983607,.358634,3.218876,.1278334,.2057971,,0,0,1,1,0,1,1,.0968633,-.04979619,.02659879
"FRA","AuvergneRhôneAlpes","2020-03-09",182,182,8032377,39,0,0,0,0,0,0,0,0,0,0,0,1,0,1000,1,.1031332,09mar2020,1,3,2020,9,"AuvergneRhôneAlpes",0,5.204007,.2203999,3.663562,.4446857,.2057971,,0,0,1,1,0,1,1,.04068966,-.04979619,-.0554617
"FRA","AuvergneRhôneAlpes","2020-03-10",211,211,8032377,53,0,0,0,0,0,0,0,0,0,0,0,1,0,1000,1,.1031332,10mar2020,2,3,2020,10,"AuvergneRhôneAlpes",0,5.351858,.1478515,3.970292,.3067303,.2057971,,0,0,1,1,0,1,1,-.04113527,-.04979619,-.04618515
"FRA","AuvergneRhôneAlpes","2020-03-11",264,264,8032377,66,0,0,0,0,0,0,0,.5,.5,0,0,1,0,1000,1,.1031332,11mar2020,3,3,2020,11,"AuvergneRhôneAlpes",0,5.575949,.2240911,4.189655,.219363,.2057971,,0,0,1,1,0,1,1,.02157949,-.04979619,-.00836996
"FRA","AuvergneRhôneAlpes","2020-03-12",329,329,8032377,93,0,0,0,0,0,0,0,.5,.5,0,0,1,0,1000,1,.1031332,12mar2020,4,3,2020,12,"AuvergneRhôneAlpes",0,5.796058,.2201085,4.532599,.3429446,.2057971,,0,0,1,1,0,1,1,-.0292866,-.04979619,.03851358
"FRA","AuvergneRhôneAlpes","2020-03-13",416,416,8032377,130,0,0,0,0,0,0,0,.5,.5,0,0,1,0,100,1,.1031332,13mar2020,5,3,2020,13,"AuvergneRhôneAlpes",0,6.030685,.2346277,4.867535,.3349352,.2057971,,0,0,1,1,1,1,1,.03063378,-.04979619,.04169315
"FRA","AuvergneRhôneAlpes","2020-03-14",454,454,8032377,170,0,0,0,0,0,0,0,.5,.5,0,0,1,0,100,1,.1031332,14mar2020,6,3,2020,14,"AuvergneRhôneAlpes",0,6.118097,.0874119,5.135798,.2682638,.2057971,,0,0,1,1,1,1,1,-.09731099,-.04979619,.02242208
"FRA","AuvergneRhôneAlpes","2020-03-15",523,523,8032377,199,0,0,0,0,0,0,0,.5,.5,0,1,1,1,100,1,.1031332,15mar2020,0,3,2020,15,"AuvergneRhôneAlpes",0,6.259582,.1414843,5.293305,.1575065,.2057971,,1,1,1,1,1,1,1,.02265943,-.04979619,.02659879
"FRA","AuvergneRhôneAlpes","2020-03-16",618,618,8032377,245,0,0,0,0,0,0,0,.5,.5,0,1,1,1,100,1,1,16mar2020,1,3,2020,16,"AuvergneRhôneAlpes",0,6.426488,.1669068,5.501258,.2079535,.2057971,,0,1,1,1,1,1,1,.02681165,-.04979619,-.0554617
"FRA","AuvergneRhôneAlpes","2020-03-17",710,710,8032377,307,1,1,.33,.33,0,1,1,1,1,0,1,1,1,2,1,1,17mar2020,2,3,2020,17,"AuvergneRhôneAlpes",0,6.565265,.1387768,5.726848,.2255893,.2057971,,0,1,1,1,1,1,1,.0971409,-.04979619,-.04618515
"FRA","AuvergneRhôneAlpes","2020-03-18",858,858,8032377,364,1,1,.33,.33,0,1,1,1,1,0,1,1,1,2,1,1,18mar2020,3,3,2020,18,"AuvergneRhôneAlpes",0,6.754604,.1893387,5.897154,.1703062,.2057971,,0,1,1,1,1,1,1,.1098876,-.04979619,-.00836996
"FRA","AuvergneRhôneAlpes","2020-03-19",1014,1014,8032377,446,1,1,.33,.33,0,1,1,1,1,0,1,1,1,2,1,1,19mar2020,4,3,2020,19,"AuvergneRhôneAlpes",0,6.921658,.1670542,6.100319,.2031651,.2057971,,0,1,1,1,1,1,1,.04071955,-.04979619,.03851358
"FRA","AuvergneRhôneAlpes","2020-03-20",1101,1101,8032377,563,1,1,.33,.33,0,1,1,1,1,0,1,1,1,2,1,1,20mar2020,5,3,2020,20,"AuvergneRhôneAlpes",0,7.003974,.0823159,6.33328,.2329607,.2057971,,0,1,1,1,1,1,1,-.04719827,-.04979619,.04169315
"FRA","AuvergneRhôneAlpes","2020-03-21",1266,1266,8032377,668,1,1,.33,.33,0,1,1,1,1,0,1,1,1,2,1,1,21mar2020,6,3,2020,21,"AuvergneRhôneAlpes",0,7.143618,.1396437,6.504288,.1710086,.2057971,,0,1,1,1,1,1,1,.02940055,-.04979619,.02242208
"FRA","AuvergneRhôneAlpes","2020-03-22",1431,1431,8032377,788,1,1,.33,.33,0,1,1,1,1,0,1,1,1,2,1,1,22mar2020,0,3,2020,22,"AuvergneRhôneAlpes",0,7.266129,.1225114,6.669498,.1652098,.2057971,,0,1,1,1,1,1,1,.00809155,-.04979619,.02659879
"FRA","AuvergneRhôneAlpes","2020-03-23",1730,1730,8032377,1008,1,1,1,1,0,1,1,1,1,0,1,1,1,2,1,1,23mar2020,1,3,2020,23,"AuvergneRhôneAlpes",0,7.455877,.1897478,6.915723,.2462254,.2057971,,0,1,1,1,1,1,1,.12954085,-.04979619,-.0554617
"FRA","AuvergneRhôneAlpes","2020-03-24",1857,1857,8032377,1229,1,1,1,1,0,1,1,1,1,0,1,1,1,2,1,1,24mar2020,2,3,2020,24,"AuvergneRhôneAlpes",0,7.526718,.0708408,7.113956,.1982327,.2057971,,0,1,1,1,1,1,1,.00135733,-.04979619,-.04618515
"FRA","AuvergneRhôneAlpes","2020-03-25",2093,2093,8032377,1466,1,1,1,1,0,1,1,1,1,0,1,1,1,2,1,1,25mar2020,3,3,2020,25,"AuvergneRhôneAlpes",0,7.646354,.1196361,7.290293,.1763368,.2057971,,0,1,1,1,1,1,1,.01233735,-.04979619,-.00836996
"FRA","BourgogneFrancheComté","2020-03-04",16,16,2783039,40,0,0,0,0,0,0,0,0,0,0,0,1,0,5000,0,0,04mar2020,3,3,2020,4,"BourgogneFrancheComté",0,2.772589,.2076395,3.688879,.2876821,.2057971,,0,0,1,0,0,0,0,-.13479148,.01629675,-.00836996
"FRA","BourgogneFrancheComté","2020-03-05",39,39,2783039,52,0,0,0,0,0,0,0,0,0,0,0,1,0,5000,0,0,05mar2020,4,3,2020,5,"BourgogneFrancheComté",0,3.663562,.8909729,3.951244,.2623641,.2057971,,0,0,1,0,0,0,0,.50165837,.01629675,.03851358
"FRA","BourgogneFrancheComté","2020-03-06",78,78,2783039,65,0,0,0,0,0,0,0,0,0,0,0,1,0,5000,0,0,06mar2020,5,3,2020,6,"BourgogneFrancheComté",0,4.356709,.6931474,4.174387,.2231438,.2057971,,0,0,1,0,0,0,0,.30065337,.01629675,.04169315
"FRA","BourgogneFrancheComté","2020-03-07",129,129,2783039,80,0,0,0,0,0,0,0,0,0,0,0,1,0,5000,0,0,07mar2020,6,3,2020,7,"BourgogneFrancheComté",0,4.859812,.5031033,4.382027,.2076392,.2057971,,0,0,1,0,0,0,0,.12988028,.01629675,.02242208
"FRA","BourgogneFrancheComté","2020-03-09",119,119,2783039,113,0,0,0,0,0,0,0,0,0,0,0,1,0,1000,0,0,09mar2020,1,3,2020,9,"BourgogneFrancheComté",0,4.779123,.0606246,4.727388,.1222177,.2057971,,0,0,1,1,0,1,0,-.18613385,.01629675,-.0554617
"FRA","BourgogneFrancheComté","2020-03-10",146,146,2783039,141,0,0,0,0,0,0,0,0,0,0,0,1,0,1000,0,0,10mar2020,2,3,2020,10,"BourgogneFrancheComté",0,4.983607,.2044835,4.94876,.2213721,.2057971,,0,0,1,1,0,1,0,-.05155149,.01629675,-.04618515
"FRA","BourgogneFrancheComté","2020-03-11",155,155,2783039,157,0,0,0,0,0,0,0,.5,.5,0,0,1,0,1000,0,0,11mar2020,3,3,2020,11,"BourgogneFrancheComté",0,5.043425,.0598183,5.056246,.1074858,.2057971,,0,0,1,1,0,1,0,-.20974156,.01629675,-.00836996
"FRA","BourgogneFrancheComté","2020-03-12",219,219,2783039,191,0,0,0,0,0,0,0,.5,.5,0,0,1,0,1000,0,0,12mar2020,4,3,2020,12,"BourgogneFrancheComté",0,5.389072,.3456469,5.252274,.1960278,.2057971,,0,0,1,1,0,1,0,.02920349,.01629675,.03851358
"FRA","BourgogneFrancheComté","2020-03-13",272,272,2783039,235,0,0,0,0,0,0,0,.5,.5,0,0,1,0,100,0,0,13mar2020,5,3,2020,13,"BourgogneFrancheComté",0,5.605802,.2167301,5.459586,.2073121,.2057971,,0,0,1,1,1,1,0,-.05431209,.01629675,.04169315
"FRA","BourgogneFrancheComté","2020-03-14",339,339,2783039,264,0,0,0,0,0,0,0,.5,.5,0,0,1,0,100,0,0,14mar2020,6,3,2020,14,"BourgogneFrancheComté",0,5.826,.2201982,5.575949,.1163635,.2057971,,0,0,1,1,1,1,0,-.03157297,.01629675,.02242208
"FRA","BourgogneFrancheComté","2020-03-15",412,412,2783039,292,0,0,0,0,0,0,0,.5,.5,0,1,1,1,100,0,0,15mar2020,0,3,2020,15,"BourgogneFrancheComté",0,6.021023,.1950231,5.676754,.1008048,.2057971,,1,1,1,1,1,1,0,.00914997,.01629675,.02659879
"FRA","BourgogneFrancheComté","2020-03-16",507,507,2783039,330,0,0,0,0,0,0,0,.5,.5,0,1,1,1,100,1,1,16mar2020,1,3,2020,16,"BourgogneFrancheComté",0,6.228511,.2074876,5.799093,.1223388,.2057971,,0,1,1,1,1,1,1,.00129945,.01629675,-.0554617
"FRA","BourgogneFrancheComté","2020-03-17",549,549,2783039,384,1,1,.33,.33,0,1,1,1,1,0,1,1,1,2,1,1,17mar2020,2,3,2020,17,"BourgogneFrancheComté",0,6.308098,.0795875,5.950643,.1515498,.2057971,,0,1,1,1,1,1,1,-.02814138,.01629675,-.04618515
"FRA","BourgogneFrancheComté","2020-03-18",593,593,2783039,449,1,1,.33,.33,0,1,1,1,1,0,1,1,1,2,1,1,18mar2020,3,3,2020,18,"BourgogneFrancheComté",0,6.385194,.077096,6.107023,.1563802,.2057971,,0,1,1,1,1,1,1,-.06844805,.01629675,-.00836996
"FRA","BourgogneFrancheComté","2020-03-19",696,696,2783039,515,1,1,.33,.33,0,1,1,1,1,0,1,1,1,2,1,1,19mar2020,4,3,2020,19,"BourgogneFrancheComté",0,6.54535,.1601553,6.244167,.1371441,.2057971,,0,1,1,1,1,1,1,-.03227229,.01629675,.03851358
"FRA","BourgogneFrancheComté","2020-03-20",770,770,2783039,612,1,1,.33,.33,0,1,1,1,1,0,1,1,1,2,1,1,20mar2020,5,3,2020,20,"BourgogneFrancheComté",0,6.64639,.1010408,6.416732,.1725655,.2057971,,0,1,1,1,1,1,1,-.09456631,.01629675,.04169315
"FRA","BourgogneFrancheComté","2020-03-21",903,903,2783039,681,1,1,.33,.33,0,1,1,1,1,0,1,1,1,2,1,1,21mar2020,6,3,2020,21,"BourgogneFrancheComté",0,6.805723,.1593323,6.523562,.1068301,.2057971,,0,1,1,1,1,1,1,-.0170038,.01629675,.02242208
"FRA","BourgogneFrancheComté","2020-03-22",1178,1178,2783039,762,1,1,.33,.33,0,1,1,1,1,0,1,1,1,2,1,1,22mar2020,0,3,2020,22,"BourgogneFrancheComté",0,7.071573,.2658505,6.635947,.1123843,.2057971,,0,1,1,1,1,1,1,.08533775,.01629675,.02659879
"FRA","BourgogneFrancheComté","2020-03-23",1347,1347,2783039,893,1,1,1,1,0,1,1,1,1,0,1,1,1,2,1,1,23mar2020,1,3,2020,23,"BourgogneFrancheComté",0,7.205635,.1340618,6.794587,.1586399,.2057971,,0,1,1,1,1,1,1,.0077619,.01629675,-.0554617
"FRA","BourgogneFrancheComté","2020-03-24",1510,1510,2783039,1002,1,1,1,1,0,1,1,1,1,0,1,1,1,2,1,1,24mar2020,2,3,2020,24,"BourgogneFrancheComté",0,7.319865,.1142297,6.909753,.1151667,.2057971,,0,1,1,1,1,1,1,-.02134678,.01629675,-.04618515
"FRA","BourgogneFrancheComté","2020-03-25",1569,1569,2783039,1115,1,1,1,1,0,1,1,1,1,0,1,1,1,2,1,1,25mar2020,3,3,2020,25,"BourgogneFrancheComté",0,7.358194,.0383291,7.01661,.1068563,.2057971,,0,1,1,1,1,1,1,-.13506253,.01629675,-.00836996
"FRA","Bretagne","2020-03-03",19,19,3340379,1,0,0,0,0,.2261917,0,0,0,0,0,0,1,0,2,0,0,03mar2020,2,3,2020,3,"Bretagne",0,2.944439,.3794897,0,,.2057971,,0,0,1,1,1,1,0,.21496197,-.02662981,-.04618515
"FRA","Bretagne","2020-03-04",23,23,3340379,1,0,0,0,0,.2261917,0,0,0,0,0,0,1,0,2,0,0,04mar2020,3,3,2020,4,"Bretagne",0,3.135494,.1910553,0,0,.2057971,,0,0,1,1,1,1,0,-.01128759,-.02662981,-.00836996
"FRA","Bretagne","2020-03-05",29,29,3340379,1,0,0,0,0,.2261917,0,0,0,0,0,0,1,0,2,0,0,05mar2020,4,3,2020,5,"Bretagne",0,3.367296,.2318015,0,0,.2057971,,0,0,1,1,1,1,0,-.01742492,-.02662981,.03851358
"FRA","Bretagne","2020-03-06",32,32,3340379,3,0,0,0,0,.2261917,0,0,0,0,0,0,1,0,2,0,0,06mar2020,5,3,2020,6,"Bretagne",0,3.465736,.0984402,1.098612,1.098612,.2057971,,0,0,1,1,1,1,0,-.15396583,-.02662981,.04169315
"FRA","Bretagne","2020-03-07",40,40,3340379,3,0,0,0,0,.2261917,0,0,0,0,0,0,1,0,2,0,0,07mar2020,6,3,2020,7,"Bretagne",0,3.688879,.2231436,1.098612,0,.2057971,,0,0,1,1,1,1,0,-.00999134,-.02662981,.02242208
"FRA","Bretagne","2020-03-08",59,59,3340379,3,0,0,0,0,.2261917,0,0,0,0,0,0,1,0,2,0,0,08mar2020,0,3,2020,8,"Bretagne",0,4.077538,.388658,1.098612,0,.2057971,,0,0,1,1,1,1,0,.15134641,-.02662981,.02659879
"FRA","Bretagne","2020-03-09",71,71,3340379,3,0,0,0,0,.2261917,0,0,0,0,0,0,1,0,2,0,0,09mar2020,1,3,2020,9,"Bretagne",0,4.26268,.1851425,1.098612,0,.2057971,,0,0,1,1,1,1,0,.02989138,-.02662981,-.0554617
"FRA","Bretagne","2020-03-10",81,81,3340379,4,0,0,0,0,.2261917,0,0,0,0,0,0,1,0,2,0,0,10mar2020,2,3,2020,10,"Bretagne",0,4.394449,.1317692,1.386294,.2876821,.2057971,,0,0,1,1,1,1,0,-.03275851,-.02662981,-.04618515
"FRA","Bretagne","2020-03-11",94,94,3340379,4,0,0,0,0,.2261917,0,0,.5,.5,0,0,1,0,2,1,.3239372,11mar2020,3,3,2020,11,"Bretagne",0,4.543295,.1488457,1.386294,0,.2057971,,0,0,1,1,1,1,1,-.02620627,-.02662981,-.00836996
"FRA","Bretagne","2020-03-12",117,117,3340379,7,0,0,0,0,.2261917,0,0,.5,.5,0,0,1,0,2,1,.3239372,12mar2020,4,3,2020,12,"Bretagne",0,4.762174,.2188792,1.94591,.5596157,.2057971,,0,0,1,1,1,1,1,-.00305627,-.02662981,.03851358
"FRA","Bretagne","2020-03-13",157,157,3340379,8,0,0,0,0,.2261917,0,0,.5,.5,0,0,1,0,2,1,.3239372,13mar2020,5,3,2020,13,"Bretagne",0,5.056246,.2940717,2.079442,.1335315,.2057971,,0,0,1,1,1,1,1,.06895662,-.02662981,.04169315
"FRA","Bretagne","2020-03-14",182,182,3340379,15,0,0,0,0,.2261917,0,0,.5,.5,0,0,1,0,2,1,.3239372,14mar2020,6,3,2020,14,"Bretagne",0,5.204007,.1477609,2.70805,.6286087,.2057971,,0,0,1,1,1,1,1,-.05808311,-.02662981,.02242208
"FRA","Bretagne","2020-03-15",207,207,3340379,23,0,0,0,0,.2261917,0,0,.5,.5,0,1,1,1,2,1,.3239372,15mar2020,0,3,2020,15,"Bretagne",0,5.332719,.1287122,3.135494,.427444,.2057971,,1,1,1,1,1,1,1,-.01123377,-.02662981,.02659879
"FRA","Bretagne","2020-03-16",233,233,3340379,37,0,0,0,0,.2261917,0,0,.5,.5,0,1,1,1,2,1,1,16mar2020,1,3,2020,16,"Bretagne",0,5.451038,.1183195,3.610918,.4754236,.2057971,,0,1,1,1,1,1,1,-.04494205,-.02662981,-.0554617
"FRA","Bretagne","2020-03-17",247,247,3340379,57,1,1,.33,.33,.2261917,1,1,1,1,0,1,1,1,2,1,1,17mar2020,2,3,2020,17,"Bretagne",0,5.509388,.0583501,4.043051,.4321334,.2057971,,0,1,1,1,1,1,1,-.00645218,-.02662981,-.04618515
"FRA","Bretagne","2020-03-18",273,273,3340379,71,1,1,.33,.33,.2261917,1,1,1,1,0,1,1,1,2,1,1,18mar2020,3,3,2020,18,"Bretagne",0,5.609472,.1000834,4.26268,.2196288,.2057971,,0,1,1,1,1,1,1,-.00253411,-.02662981,-.00836996
"FRA","Bretagne","2020-03-19",297,297,3340379,96,1,1,.33,.33,.2261917,1,1,1,1,0,1,1,1,2,1,1,19mar2020,4,3,2020,19,"Bretagne",0,5.693732,.0842605,4.564348,.3016682,.2057971,,0,1,1,1,1,1,1,-.06524054,-.02662981,.03851358
"FRA","Bretagne","2020-03-20",346,346,3340379,112,1,1,.33,.33,.2261917,1,1,1,1,0,1,1,1,2,1,1,20mar2020,5,3,2020,20,"Bretagne",0,5.846439,.1527066,4.718499,.1541505,.2057971,,0,1,1,1,1,1,1,.00002605,-.02662981,.04169315
"FRA","Bretagne","2020-03-21",359,359,3340379,137,1,1,.33,.33,.2261917,1,1,1,1,0,1,1,1,2,1,1,21mar2020,6,3,2020,21,"Bretagne",0,5.883322,.0368834,4.919981,.2014823,.2057971,,0,1,1,1,1,1,1,-.09652614,-.02662981,.02242208
"FRA","Bretagne","2020-03-22",397,397,3340379,157,1,1,.33,.33,.2261917,1,1,1,1,0,1,1,1,2,1,1,22mar2020,0,3,2020,22,"Bretagne",0,5.983936,.1006141,5.056246,.1362648,.2057971,,0,1,1,1,1,1,1,-.03697214,-.02662981,.02659879
"FRA","Bretagne","2020-03-23",490,490,3340379,193,1,1,1,1,.2261917,1,1,1,1,0,1,1,1,2,1,1,23mar2020,1,3,2020,23,"Bretagne",0,6.194406,.2104692,5.26269,.2064443,.2057971,,0,1,1,1,1,1,1,.12709591,-.02662981,-.0554617
"FRA","Bretagne","2020-03-24",526,526,3340379,228,1,1,1,1,.2261917,1,1,1,1,0,1,1,1,2,1,1,24mar2020,2,3,2020,24,"Bretagne",0,6.265301,.0708957,5.429346,.1666555,.2057971,,0,1,1,1,1,1,1,-.02175422,-.02662981,-.04618515
"FRA","Bretagne","2020-03-25",603,603,3340379,273,1,1,1,1,.2261917,1,1,1,1,0,1,1,1,2,1,1,25mar2020,3,3,2020,25,"Bretagne",0,6.401917,.1366158,5.609472,.1801262,.2057971,,0,1,1,1,1,1,1,.00615067,-.02662981,-.00836996
"FRA","Centre","2020-03-07",16,16,2559073,0,0,0,0,0,0,0,0,0,0,0,0,1,0,5000,1,.2668505,07mar2020,6,3,2020,7,"Centre",0,2.772589,.3746934,,,.2057971,,0,0,1,0,0,0,1,.01308193,.00715706,.02242208
"FRA","Centre","2020-03-08",16,16,2559073,1,0,0,0,0,0,0,0,0,0,0,0,1,0,1000,1,.2668505,08mar2020,0,3,2020,8,"Centre",0,2.772589,0,0,,.2057971,,0,0,1,1,0,1,1,-.31720744,.00715706,.02659879
"FRA","Centre","2020-03-09",17,17,2559073,2,0,0,0,0,0,0,0,0,0,0,0,1,0,1000,1,.2668505,09mar2020,1,3,2020,9,"Centre",0,2.833213,.0606246,.6931472,.6931472,.2057971,,0,0,1,1,0,1,1,-.17452234,.00715706,-.0554617
"FRA","Centre","2020-03-10",18,18,2559073,3,0,0,0,0,0,0,0,0,0,0,0,1,0,1000,1,.3949575,10mar2020,2,3,2020,10,"Centre",0,2.890372,.0571585,1.098612,.4054651,.2057971,,0,0,1,1,0,1,1,-.18607839,.00715706,-.04618515
"FRA","Centre","2020-03-11",20,20,2559073,3,0,0,0,0,0,0,0,.5,.5,0,0,1,0,1000,1,.3949575,11mar2020,3,3,2020,11,"Centre",0,2.995732,.1053605,1.098612,0,.2057971,,0,0,1,1,0,1,1,-.15140118,.00715706,-.00836996
"FRA","Centre","2020-03-12",30,30,2559073,4,0,0,0,0,0,0,0,.5,.5,0,0,1,0,1000,1,.5107822,12mar2020,4,3,2020,12,"Centre",0,3.401197,.4054651,1.386294,.2876821,.2057971,,0,0,1,1,0,1,1,.10289276,.00715706,.03851358
"FRA","Centre","2020-03-13",33,33,2559073,5,0,0,0,0,0,0,0,.5,.5,0,0,1,0,100,1,.5107822,13mar2020,5,3,2020,13,"Centre",0,3.496508,.0953102,1.609438,.2231436,.2057971,,0,0,1,1,1,1,1,-.16186099,.00715706,.04169315
"FRA","Centre","2020-03-14",54,54,2559073,7,0,0,0,0,0,0,0,.5,.5,0,0,1,0,100,1,.5107822,14mar2020,6,3,2020,14,"Centre",0,3.988984,.4924765,1.94591,.3364722,.2057971,,0,0,1,1,1,1,1,.25457634,.00715706,.02242208
"FRA","Centre","2020-03-15",71,71,2559073,12,0,0,0,0,0,0,0,.5,.5,0,1,1,1,100,1,.5107822,15mar2020,0,3,2020,15,"Centre",0,4.26268,.2736959,2.484907,.5389966,.2057971,,1,1,1,1,1,1,1,.10169386,.00715706,.02659879
"FRA","Centre","2020-03-16",90,90,2559073,18,0,0,0,0,0,0,0,.5,.5,0,1,1,1,100,1,1,16mar2020,1,3,2020,16,"Centre",0,4.49981,.2371297,2.890372,.4054651,.2057971,,0,1,1,1,1,1,1,.04008127,.00715706,-.0554617
"FRA","Centre","2020-03-17",103,103,2559073,28,1,1,.33,.33,0,1,1,1,1,0,1,1,1,2,1,1,17mar2020,2,3,2020,17,"Centre",0,4.634729,.1349192,3.332205,.4418328,.2057971,,0,1,1,1,1,1,1,.03633005,.00715706,-.04618515
"FRA","Centre","2020-03-18",128,128,2559073,33,1,1,.33,.33,0,1,1,1,1,0,1,1,1,2,1,1,18mar2020,3,3,2020,18,"Centre",0,4.85203,.2173014,3.496508,.1643031,.2057971,,0,1,1,1,1,1,1,.08089705,.00715706,-.00836996
"FRA","Centre","2020-03-19",157,157,2559073,46,1,1,.33,.33,0,1,1,1,1,0,1,1,1,2,1,1,19mar2020,4,3,2020,19,"Centre",0,5.056246,.2042155,3.828641,.3321338,.2057971,,0,1,1,1,1,1,1,.02092766,.00715706,.03851358
"FRA","Centre","2020-03-20",219,219,2559073,62,1,1,.33,.33,0,1,1,1,1,0,1,1,1,2,1,1,20mar2020,5,3,2020,20,"Centre",0,5.389072,.3328261,4.127134,.2984929,.2057971,,0,1,1,1,1,1,1,.14635871,.00715706,.04169315
"FRA","Centre","2020-03-21",254,254,2559073,79,1,1,.33,.33,0,1,1,1,1,0,1,1,1,2,1,1,21mar2020,6,3,2020,21,"Centre",0,5.537334,.1482625,4.369448,.2423134,.2057971,,0,1,1,1,1,1,1,-.01893385,.00715706,.02242208
"FRA","Centre","2020-03-22",291,291,2559073,92,1,1,.33,.33,0,1,1,1,1,0,1,1,1,2,1,1,22mar2020,0,3,2020,22,"Centre",0,5.673323,.1359887,4.521789,.1523409,.2057971,,0,1,1,1,1,1,1,-.03538436,.00715706,.02659879
"FRA","Centre","2020-03-23",361,361,2559073,114,1,1,1,1,0,1,1,1,1,0,1,1,1,2,1,1,23mar2020,1,3,2020,23,"Centre",0,5.888878,.2155547,4.736198,.2144098,.2057971,,0,1,1,1,1,1,1,.09839452,.00715706,-.0554617
"FRA","Centre","2020-03-24",450,450,2559073,128,1,1,1,1,0,1,1,1,1,0,1,1,1,2,1,1,24mar2020,2,3,2020,24,"Centre",0,6.109248,.2203698,4.85203,.1158319,.2057971,,0,1,1,1,1,1,1,.09393307,.00715706,-.04618515
"FRA","Centre","2020-03-25",561,561,2559073,141,1,1,1,1,0,1,1,1,1,0,1,1,1,2,1,1,25mar2020,3,3,2020,25,"Centre",0,6.329721,.2204733,4.94876,.0967298,.2057971,,0,1,1,1,1,1,1,.05622135,.00715706,-.00836996
"FRA","Corse","2020-03-10",42,42,344679,121,1,.471224,0,0,0,1,.471224,0,0,0,0,1,0,1000,1,.471224,10mar2020,2,3,2020,10,"Corse",0,3.73767,.4054651,4.795791,.122962,.2057971,,0,0,1,1,0,1,1,.24706471,-.03118813,-.04618515
"FRA","Corse","2020-03-11",51,51,344679,140,1,.471224,0,0,0,1,.471224,.5,.5,0,0,1,0,1000,1,.471224,11mar2020,3,3,2020,11,"Corse",0,3.931826,.1941559,4.941642,.1458516,.2057971,,0,0,1,1,0,1,1,.02223068,-.03118813,-.00836996
"FRA","Corse","2020-03-12",64,64,344679,166,1,.471224,0,0,0,1,.471224,.5,.5,0,0,1,0,1000,1,.471224,12mar2020,4,3,2020,12,"Corse",0,4.158883,.2270575,5.111988,.1703453,.2057971,,0,0,1,1,0,1,1,.00824866,-.03118813,.03851358
"FRA","Corse","2020-03-13",85,85,344679,204,1,.471224,0,0,0,1,.471224,.5,.5,0,0,1,0,100,1,.471224,13mar2020,5,3,2020,13,"Corse",0,4.442651,.2837682,5.31812,.2061324,.2057971,,0,0,1,1,1,1,1,.11036055,-.03118813,.04169315
"FRA","Corse","2020-03-14",106,106,344679,224,1,.471224,0,0,0,1,.471224,.5,.5,0,0,1,0,100,1,.471224,14mar2020,6,3,2020,14,"Corse",0,4.663439,.220788,5.411646,.0935259,.2057971,,0,0,1,1,1,1,1,.06665145,-.03118813,.02242208
"FRA","Corse","2020-03-15",115,115,344679,259,1,.471224,0,0,0,1,.471224,.5,.5,0,1,1,1,100,1,.471224,15mar2020,0,3,2020,15,"Corse",0,4.744932,.0814929,5.556828,.1451821,.2057971,,1,1,1,1,1,1,1,-.00674561,-.03118813,.02659879
"FRA","Corse","2020-03-16",126,126,344679,294,1,.471224,0,0,0,1,.471224,.5,.5,0,1,1,1,100,1,1,16mar2020,1,3,2020,16,"Corse",0,4.836282,.0913496,5.68358,.1267519,.2057971,,0,1,1,1,1,1,1,-.02156882,-.03118813,-.0554617
"FRA","Corse","2020-03-17",145,145,344679,327,1,1,.33,.33,0,1,1,1,1,0,1,1,1,2,1,1,17mar2020,2,3,2020,17,"Corse",0,4.976734,.1404519,5.78996,.1063805,.2057971,,0,1,1,1,1,1,1,.08020798,-.03118813,-.04618515
"FRA","Corse","2020-03-18",152,152,344679,354,1,1,.33,.33,0,1,1,1,1,0,1,1,1,2,1,1,18mar2020,3,3,2020,18,"Corse",0,5.02388,.0471468,5.869297,.0793366,.2057971,,0,1,1,1,1,1,1,-.05091233,-.03118813,-.00836996
"FRA","Corse","2020-03-19",162,162,344679,393,1,1,.33,.33,0,1,1,1,1,0,1,1,1,2,1,1,19mar2020,4,3,2020,19,"Corse",0,5.087596,.0637159,5.97381,.1045127,.2057971,,0,1,1,1,1,1,1,-.08122674,-.03118813,.03851358
"FRA","Corse","2020-03-20",168,168,344679,432,1,1,.33,.33,0,1,1,1,1,0,1,1,1,2,1,1,20mar2020,5,3,2020,20,"Corse",0,5.123964,.0363674,6.068426,.0946159,.2057971,,0,1,1,1,1,1,1,-.11175483,-.03118813,.04169315
"FRA","Corse","2020-03-21",173,173,344679,456,1,1,.33,.33,0,1,1,1,1,0,1,1,1,2,1,1,21mar2020,6,3,2020,21,"Corse",0,5.153292,.0293279,6.122493,.0540671,.2057971,,0,1,1,1,1,1,1,-.0995233,-.03118813,.02242208
"FRA","Corse","2020-03-22",183,183,344679,496,1,1,.33,.33,0,1,1,1,1,0,1,1,1,2,1,1,22mar2020,0,3,2020,22,"Corse",0,5.209486,.0561943,6.206576,.0840831,.2057971,,0,1,1,1,1,1,1,-.07683358,-.03118813,.02659879
"FRA","Corse","2020-03-23",194,194,344679,587,1,1,1,1,0,1,1,1,1,0,1,1,1,2,1,1,23mar2020,1,3,2020,23,"Corse",0,5.267858,.058372,6.375025,.1684489,.2057971,,0,1,1,1,1,1,1,-.02044299,-.03118813,-.0554617
"FRA","Corse","2020-03-24",217,217,344679,682,1,1,1,1,0,1,1,1,1,0,1,1,1,2,1,1,24mar2020,2,3,2020,24,"Corse",0,5.379897,.1120391,6.52503,.1500049,.2057971,,0,1,1,1,1,1,1,.02394753,-.03118813,-.04618515
"FRA","Corse","2020-03-25",225,225,344679,729,1,1,1,1,0,1,1,1,1,0,1,1,1,2,1,1,25mar2020,3,3,2020,25,"Corse",0,5.416101,.0362034,6.591674,.0666442,.2057971,,0,1,1,1,1,1,1,-.08970337,-.03118813,-.00836996
"FRA","GrandEst","2020-03-03",13,13,5511747,4,0,0,0,0,0,0,0,0,0,0,0,1,0,5000,0,0,03mar2020,2,3,2020,3,"GrandEst",0,2.564949,.0800426,1.386294,.6931472,.2057971,,0,0,1,0,0,0,0,-.25787433,.04959796,-.04618515
"FRA","GrandEst","2020-03-04",38,38,5511747,8,0,0,0,0,0,0,0,0,0,0,0,1,0,5000,1,.1384686,04mar2020,3,3,2020,4,"GrandEst",0,3.637586,1.072637,2.079442,.6931472,.2057971,,0,0,1,0,0,0,1,.69818732,.04959796,-.00836996
"FRA","GrandEst","2020-03-05",77,77,5511747,16,0,0,0,0,0,0,0,0,0,0,0,1,0,5000,1,.1384686,05mar2020,4,3,2020,5,"GrandEst",0,4.343805,.7062192,2.772589,.6931472,.2057971,,0,0,1,0,0,0,1,.28488613,.04959796,.03851358
"FRA","GrandEst","2020-03-06",136,136,5511747,30,1,.1384686,0,0,0,1,.1384686,.5,.0692343,0,0,1,0,5000,1,.1384686,06mar2020,5,3,2020,6,"GrandEst",0,4.912655,.5688496,3.401197,.6286087,.2057971,,0,0,1,0,0,1,1,.1611542,.04959796,.04169315
"FRA","GrandEst","2020-03-07",250,250,5511747,53,1,.1384686,0,0,0,1,.1384686,.5,.0692343,0,0,1,0,5000,1,.1384686,07mar2020,6,3,2020,7,"GrandEst",0,5.521461,.6088061,3.970292,.5690944,.2057971,,0,0,1,0,0,1,1,.22038185,.04959796,.02242208
"FRA","GrandEst","2020-03-08",250,250,5511747,66,1,.1384686,0,0,0,1,.1384686,.5,.0692343,0,0,1,0,1000,1,.1384686,08mar2020,0,3,2020,8,"GrandEst",0,5.521461,0,4.189655,.219363,.2057971,,0,0,1,1,0,1,1,-.34402027,.04959796,.02659879
"FRA","GrandEst","2020-03-09",310,310,5511747,86,1,.1384686,0,0,0,1,.1384686,.5,.0692343,0,0,1,0,1000,1,.1384686,09mar2020,1,3,2020,9,"GrandEst",0,5.736572,.2151113,4.454347,.2646923,.2057971,,0,0,1,1,0,1,1,-.04684851,.04959796,-.0554617
"FRA","GrandEst","2020-03-10",464,464,5511747,116,1,.1384686,0,0,0,1,.1384686,.5,.0692343,0,0,1,0,1000,1,.1384686,10mar2020,2,3,2020,10,"GrandEst",0,6.139884,.4033122,4.75359,.299243,.2057971,,0,0,1,1,0,1,1,.13207589,.04959796,-.04618515
"FRA","GrandEst","2020-03-11",578,578,5511747,152,1,.1384686,0,0,0,1,.1384686,1,.5692343,0,0,1,0,1000,1,.1384686,11mar2020,3,3,2020,11,"GrandEst",0,6.359574,.2196894,5.02388,.2702904,.2057971,,0,0,1,1,0,1,1,-.06507177,.04959796,-.00836996
"FRA","GrandEst","2020-03-12",699,699,5511747,181,1,.1384686,0,0,0,1,.1384686,1,.5692343,0,0,1,0,1000,1,.1384686,12mar2020,4,3,2020,12,"GrandEst",0,6.549651,.1900768,5.198497,.1746163,.2057971,,0,0,1,1,0,1,1,-.14156786,.04959796,.03851358
"FRA","GrandEst","2020-03-13",911,911,5511747,238,1,.1384686,0,0,0,1,.1384686,1,.5692343,0,0,1,0,100,1,.1384686,13mar2020,5,3,2020,13,"GrandEst",0,6.814543,.2648921,5.47227,.2737737,.2057971,,0,0,1,1,1,1,1,-.02135141,.04959796,.04169315
"FRA","GrandEst","2020-03-14",1085,1085,5511747,301,1,.1384686,0,0,0,1,.2054897,1,.5692343,0,0,1,0,100,1,.1384686,14mar2020,6,3,2020,14,"GrandEst",0,6.989335,.1747923,5.70711,.2348399,.2057971,,0,0,1,1,1,1,1,-.08892422,.04959796,.02242208
"FRA","GrandEst","2020-03-15",1378,1378,5511747,378,1,.1384686,0,0,0,1,.2054897,1,.5692343,0,1,1,1,100,1,.1384686,15mar2020,0,3,2020,15,"GrandEst",0,7.228388,.2390532,5.934894,.2277837,.2057971,,1,1,1,1,1,1,1,.04123477,.04959796,.02659879
"FRA","GrandEst","2020-03-16",1543,1543,5511747,503,1,.1384686,0,0,0,1,.2054897,1,.5692343,0,1,1,1,100,1,1,16mar2020,1,3,2020,16,"GrandEst",0,7.341484,.1130958,6.22059,.285696,.2057971,,0,1,1,1,1,1,1,-.10632037,.04959796,-.0554617
"FRA","GrandEst","2020-03-17",1820,1820,5511747,605,1,1,.33,.33,0,1,1,1,1,0,1,1,1,2,1,1,17mar2020,2,3,2020,17,"GrandEst",0,7.506592,.1651077,6.405229,.1846385,.2057971,,0,1,1,1,1,1,1,.0240777,.04959796,-.04618515
"FRA","GrandEst","2020-03-18",2163,2163,5511747,753,1,1,.33,.33,0,1,1,1,1,0,1,1,1,2,1,1,18mar2020,3,3,2020,18,"GrandEst",0,7.679251,.1726594,6.624065,.2188368,.2057971,,0,1,1,1,1,1,1,-.00618583,.04959796,-.00836996
"FRA","GrandEst","2020-03-19",2643,2643,5511747,899,1,1,.33,.33,0,1,1,1,1,0,1,1,1,2,1,1,19mar2020,4,3,2020,19,"GrandEst",0,7.87967,.2004189,6.801283,.1772175,.2057971,,0,1,1,1,1,1,1,-.02530982,.04959796,.03851358
"FRA","GrandEst","2020-03-20",3006,3006,5511747,1111,1,1,.33,.33,0,1,1,1,1,0,1,1,1,2,1,1,20mar2020,5,3,2020,20,"GrandEst",0,8.008366,.1286955,7.013016,.2117329,.2057971,,0,1,1,1,1,1,1,-.10021285,.04959796,.04169315
"FRA","GrandEst","2020-03-21",3089,3089,5511747,1301,1,1,.33,.33,0,1,1,1,1,0,1,1,1,2,1,1,21mar2020,6,3,2020,21,"GrandEst",0,8.035603,.0272369,7.170888,.1578727,.2057971,,0,1,1,1,1,1,1,-.18240033,.04959796,.02242208
"FRA","GrandEst","2020-03-22",3395,3395,5511747,1508,1,1,.33,.33,0,1,1,1,1,0,1,1,1,2,1,1,22mar2020,0,3,2020,22,"GrandEst",0,8.130059,.0944567,7.31854,.1476512,.2057971,,0,1,1,1,1,1,1,-.11935731,.04959796,.02659879
"FRA","GrandEst","2020-03-23",4256,4256,5511747,1871,1,1,1,1,0,1,1,1,1,0,1,1,1,2,1,1,23mar2020,1,3,2020,23,"GrandEst",0,8.356085,.2260256,7.534228,.2156887,.2057971,,0,1,1,1,1,1,1,.06642448,.04959796,-.0554617
"FRA","GrandEst","2020-03-24",4922,4922,5511747,2157,1,1,1,1,0,1,1,1,1,0,1,1,1,2,1,1,24mar2020,2,3,2020,24,"GrandEst",0,8.501471,.1453857,7.676474,.1422453,.2057971,,0,1,1,1,1,1,1,-.02349191,.04959796,-.04618515
"FRA","GrandEst","2020-03-25",5479,5479,5511747,2437,1,1,1,1,0,1,1,1,1,0,1,1,1,2,1,1,25mar2020,3,3,2020,25,"GrandEst",0,8.608678,.1072073,7.798523,.1220493,.2057971,,0,1,1,1,1,1,1,-.09948555,.04959796,-.00836996
"FRA","HautsdeFrance","2020-03-03",59,59,5962662,9,0,0,0,0,.1383739,0,0,0,0,0,0,1,0,2,0,0,03mar2020,2,3,2020,3,"HautsdeFrance",0,4.077538,.270875,2.197225,.1177831,.2057971,,0,0,1,1,1,1,0,.11027081,-.03055333,-.04618515
"FRA","HautsdeFrance","2020-03-04",65,65,5962662,10,0,0,0,0,.1383739,0,0,0,0,0,0,1,0,2,0,0,04mar2020,3,3,2020,4,"HautsdeFrance",0,4.174387,.0968499,2.302585,.1053605,.2057971,,0,0,1,1,1,1,0,-.10156945,-.03055333,-.00836996
"FRA","HautsdeFrance","2020-03-05",74,74,5962662,13,0,0,0,0,.1383739,0,0,0,0,0,0,1,0,2,0,0,05mar2020,4,3,2020,5,"HautsdeFrance",0,4.304065,.1296778,2.564949,.2623641,.2057971,,0,0,1,1,1,1,0,-.11562514,-.03055333,.03851358
"FRA","HautsdeFrance","2020-03-06",97,97,5962662,15,0,0,0,0,.1383739,0,0,0,0,0,0,1,0,2,1,.4342,06mar2020,5,3,2020,6,"HautsdeFrance",0,4.574711,.2706456,2.70805,.143101,.2057971,,0,0,1,1,1,1,1,.02618506,-.03055333,.04169315
"FRA","HautsdeFrance","2020-03-07",173,173,5962662,18,0,0,0,0,.1383739,0,0,0,0,0,0,1,0,2,1,.4342,07mar2020,6,3,2020,7,"HautsdeFrance",0,5.153292,.5785809,2.890372,.1823215,.2057971,,0,0,1,1,1,1,1,.35339137,-.03055333,.02242208
"FRA","HautsdeFrance","2020-03-08",173,173,5962662,21,0,0,0,0,.1383739,0,0,0,0,0,0,1,0,2,1,.4342,08mar2020,0,3,2020,8,"HautsdeFrance",0,5.153292,0,3.044523,.1541507,.2057971,,0,0,1,1,1,1,1,-.2293662,-.03055333,.02659879
"FRA","HautsdeFrance","2020-03-09",181,181,5962662,27,0,0,0,0,.1383739,1,.1383739,0,0,0,0,1,0,2,1,.4342,09mar2020,1,3,2020,9,"HautsdeFrance",0,5.198497,.0452051,3.295837,.2513144,.2057971,,0,0,1,1,1,1,1,-.09537827,-.03055333,-.0554617
"FRA","HautsdeFrance","2020-03-10",209,209,5962662,37,0,0,0,0,.1383739,1,.1383739,0,0,0,0,1,0,2,1,.5297562,10mar2020,2,3,2020,10,"HautsdeFrance",0,5.342334,.1438375,3.610918,.3150809,.2057971,,0,0,1,1,1,1,1,-.00513737,-.03055333,-.04618515
"FRA","HautsdeFrance","2020-03-11",263,263,5962662,50,0,0,0,0,.1383739,1,.1383739,.5,.5,0,0,1,0,2,1,.5297562,11mar2020,3,3,2020,11,"HautsdeFrance",0,5.572154,.2298198,3.912023,.3011053,.2057971,,0,0,1,1,1,1,1,.06732013,-.03055333,-.00836996
"FRA","HautsdeFrance","2020-03-12",349,349,5962662,60,0,0,0,0,.1383739,1,.1383739,.5,.5,0,0,1,0,2,1,.5297562,12mar2020,4,3,2020,12,"HautsdeFrance",0,5.855072,.282918,4.094345,.1823215,.2057971,,0,0,1,1,1,1,1,.07353478,-.03055333,.03851358
"FRA","HautsdeFrance","2020-03-13",417,417,5962662,80,0,0,0,0,.1383739,1,.1383739,.5,.5,0,0,1,0,2,1,.5297562,13mar2020,5,3,2020,13,"HautsdeFrance",0,6.033086,.1780143,4.382027,.2876821,.2057971,,0,0,1,1,1,1,1,-.03454848,-.03055333,.04169315
"FRA","HautsdeFrance","2020-03-14",466,466,5962662,100,0,0,0,0,.1383739,1,.1383739,.5,.5,0,0,1,0,2,1,.5297562,14mar2020,6,3,2020,14,"HautsdeFrance",0,6.144186,.1110992,4.60517,.2231436,.2057971,,0,0,1,1,1,1,1,-.08219244,-.03055333,.02242208
"FRA","HautsdeFrance","2020-03-15",507,507,5962662,120,0,0,0,0,.1383739,1,.1383739,.5,.5,0,1,1,1,2,1,.5297562,15mar2020,0,3,2020,15,"HautsdeFrance",0,6.228511,.0843253,4.787492,.1823215,.2057971,,1,1,1,1,1,1,1,-.04306834,-.03055333,.02659879
"FRA","HautsdeFrance","2020-03-16",585,585,5962662,153,0,0,0,0,.1383739,1,.1383739,.5,.5,0,1,1,1,2,1,1,16mar2020,1,3,2020,16,"HautsdeFrance",0,6.371612,.1431012,5.030438,.2429461,.2057971,,0,1,1,1,1,1,1,-.00951452,-.03055333,-.0554617
"FRA","HautsdeFrance","2020-03-17",612,612,5962662,195,1,1,.33,.33,.1383739,1,1,1,1,0,1,1,1,2,1,1,17mar2020,2,3,2020,17,"HautsdeFrance",0,6.416732,.0451202,5.273,.2425618,.2057971,,0,1,1,1,1,1,1,-.01575851,-.03055333,-.04618515
"FRA","HautsdeFrance","2020-03-18",665,665,5962662,245,1,1,.33,.33,.1383739,1,1,1,1,0,1,1,1,2,1,1,18mar2020,3,3,2020,18,"HautsdeFrance",0,6.499787,.0830545,5.501258,.2282586,.2057971,,0,1,1,1,1,1,1,-.0156394,-.03055333,-.00836996
"FRA","HautsdeFrance","2020-03-19",700,700,5962662,295,1,1,.33,.33,.1383739,1,1,1,1,0,1,1,1,2,1,1,19mar2020,4,3,2020,19,"HautsdeFrance",0,6.55108,.0512934,5.686975,.1857171,.2057971,,0,1,1,1,1,1,1,-.09428412,-.03055333,.03851358
"FRA","HautsdeFrance","2020-03-20",759,759,5962662,353,1,1,.33,.33,.1383739,1,1,1,1,0,1,1,1,2,1,1,20mar2020,5,3,2020,20,"HautsdeFrance",0,6.632002,.0809216,5.866468,.1794925,.2057971,,0,1,1,1,1,1,1,-.0678354,-.03055333,.04169315
"FRA","HautsdeFrance","2020-03-21",791,791,5962662,405,1,1,.33,.33,.1383739,1,1,1,1,0,1,1,1,2,1,1,21mar2020,6,3,2020,21,"HautsdeFrance",0,6.673298,.041296,6.003887,.1374192,.2057971,,0,1,1,1,1,1,1,-.08818997,-.03055333,.02242208
"FRA","HautsdeFrance","2020-03-22",936,936,5962662,453,1,1,.33,.33,.1383739,1,1,1,1,0,1,1,1,2,1,1,22mar2020,0,3,2020,22,"HautsdeFrance",0,6.841616,.1683178,6.115892,.1120048,.2057971,,0,1,1,1,1,1,1,.0346551,-.03055333,.02659879
"FRA","HautsdeFrance","2020-03-23",1269,1269,5962662,565,1,1,1,1,.1383739,1,1,1,1,0,1,1,1,2,1,1,23mar2020,1,3,2020,23,"HautsdeFrance",0,7.145985,.304369,6.336826,.2209339,.2057971,,0,1,1,1,1,1,1,.22491915,-.03055333,-.0554617
"FRA","HautsdeFrance","2020-03-24",1532,1532,5962662,663,1,1,1,1,.1383739,1,1,1,1,0,1,1,1,2,1,1,24mar2020,2,3,2020,24,"HautsdeFrance",0,7.334329,.1883445,6.496775,.1599493,.2057971,,0,1,1,1,1,1,1,.09961811,-.03055333,-.04618515
"FRA","HautsdeFrance","2020-03-25",1753,1753,5962662,770,1,1,1,1,.1383739,1,1,1,1,0,1,1,1,2,1,1,25mar2020,3,3,2020,25,"HautsdeFrance",0,7.469084,.1347547,6.64639,.1496153,.2057971,,0,1,1,1,1,1,1,.00821309,-.03055333,-.00836996
"FRA","IledeFrance","2020-03-03",37,37,12278210,12,0,0,0,0,0,0,0,0,0,0,0,1,0,5000,0,0,03mar2020,2,3,2020,3,"IledeFrance",1,3.610918,.0845573,2.484907,.6931472,,.1785852,0,0,1,0,0,0,0,-.21683719,.01307551,-.04618515
"FRA","IledeFrance","2020-03-04",55,55,12278210,23,0,0,0,0,0,0,0,0,0,0,0,1,0,5000,0,0,04mar2020,3,3,2020,4,"IledeFrance",1,4.007333,.3964155,3.135494,.6505876,,.3471288,0,0,1,0,0,0,0,.05720579,.01307551,-.00836996
"FRA","IledeFrance","2020-03-05",76,76,12278210,37,0,0,0,0,0,0,0,0,0,0,0,1,0,5000,0,0,05mar2020,4,3,2020,5,"IledeFrance",1,4.330733,.3234,3.610918,.4754236,,.410651,0,0,1,0,0,0,0,-.06269321,.01307551,.03851358
"FRA","IledeFrance","2020-03-06",89,89,12278210,59,0,0,0,0,0,0,0,0,0,0,0,1,0,5000,1,.1360254,06mar2020,5,3,2020,6,"IledeFrance",1,4.488636,.1579032,4.077538,.4666197,,.350974,0,0,1,0,0,0,1,-.23010962,.01307551,.04169315
"FRA","IledeFrance","2020-03-07",104,104,12278210,76,0,0,0,0,0,0,0,0,0,0,0,1,0,5000,1,.2376978,07mar2020,6,3,2020,7,"IledeFrance",1,4.644391,.1557546,4.330733,.2531958,,.3647754,0,0,1,0,0,0,1,-.2120454,.01307551,.02242208
"FRA","IledeFrance","2020-03-08",243,243,12278210,95,0,0,0,0,0,0,0,0,0,0,0,1,0,1000,1,.3451565,08mar2020,0,3,2020,8,"IledeFrance",1,5.493062,.8486705,4.553877,.2231436,,.3150322,0,0,1,1,0,1,1,.52626991,.01307551,.02659879
"FRA","IledeFrance","2020-03-09",300,300,12278210,143,0,0,0,0,0,0,0,0,0,0,0,1,0,1000,1,.638106,09mar2020,1,3,2020,9,"IledeFrance",1,5.703783,.210721,4.962845,.408968,,.1914497,0,0,1,1,0,1,1,-.02690551,.01307551,-.0554617
"FRA","IledeFrance","2020-03-10",334,334,12278210,195,0,0,0,0,0,0,0,0,0,0,0,1,0,1000,1,.638106,10mar2020,2,3,2020,10,"IledeFrance",1,5.811141,.1073585,5.273,.3101549,,.1988416,0,0,1,1,0,1,1,-.13954462,.01307551,-.04618515
"FRA","IledeFrance","2020-03-11",492,492,12278210,250,0,0,0,0,0,0,0,.5,.5,0,0,1,0,1000,1,.638106,11mar2020,3,3,2020,11,"IledeFrance",1,6.198479,.3873377,5.521461,.2484612,,.2272544,0,0,1,1,0,1,1,.12690978,.01307551,-.00836996
"FRA","IledeFrance","2020-03-12",577,577,12278210,338,0,0,0,0,0,0,0,.5,.5,0,0,1,0,1000,1,.638106,12mar2020,4,3,2020,12,"IledeFrance",1,6.357842,.1593637,5.823046,.3015847,,.265296,0,0,1,1,0,1,1,-.14794771,.01307551,.03851358
"FRA","IledeFrance","2020-03-13",721,721,12278210,439,0,0,0,0,0,0,0,1,.6464748,0,0,1,0,100,1,.638106,13mar2020,5,3,2020,13,"IledeFrance",1,6.580639,.2227969,6.084499,.2614536,,.2563666,0,0,1,1,1,1,1,-.03199751,.01307551,.04169315
"FRA","IledeFrance","2020-03-14",949,949,12278210,526,0,0,0,0,0,0,0,1,.6464748,0,0,1,0,100,1,.638106,14mar2020,6,3,2020,14,"IledeFrance",1,6.855409,.2747693,6.265301,.1808019,,.2330573,0,0,1,1,1,1,1,.03924595,.01307551,.02242208
"FRA","IledeFrance","2020-03-15",1209,1209,12278210,628,0,0,0,0,0,0,0,1,.6464748,0,1,1,1,100,1,.638106,15mar2020,0,3,2020,15,"IledeFrance",1,7.097549,.2421403,6.44254,.1772389,,.1594566,1,1,1,1,1,1,1,.07251498,.01307551,.02659879
"FRA","IledeFrance","2020-03-16",1762,1762,12278210,762,0,0,0,0,0,0,0,1,.6464748,0,1,1,1,100,1,1,16mar2020,1,3,2020,16,"IledeFrance",1,7.474205,.3766561,6.635947,.1934066,,.1638668,0,1,1,1,1,1,1,.18080503,.01307551,-.0554617
"FRA","IledeFrance","2020-03-17",2177,2177,12278210,942,1,1,.33,.33,0,1,1,1,1,0,1,1,1,2,1,1,17mar2020,2,3,2020,17,"IledeFrance",1,7.685703,.2114983,6.848005,.2120585,,.1300666,0,1,1,1,1,1,1,.10699068,.01307551,-.04618515
"FRA","IledeFrance","2020-03-18",2693,2693,12278210,1124,1,1,.33,.33,0,1,1,1,1,0,1,1,1,2,1,1,18mar2020,3,3,2020,18,"IledeFrance",1,7.898411,.212708,7.024649,.1766438,,.1402146,0,1,1,1,1,1,1,.07038521,.01307551,-.00836996
"FRA","IledeFrance","2020-03-19",3384,3384,12278210,1395,1,1,.33,.33,0,1,1,1,1,0,1,1,1,2,1,1,19mar2020,4,3,2020,19,"IledeFrance",1,8.126814,.2284026,7.24065,.2160006,,.1588209,0,1,1,1,1,1,1,.03919629,.01307551,.03851358
"FRA","IledeFrance","2020-03-20",3818,3818,12278210,1696,1,1,.33,.33,0,1,1,1,1,0,1,1,1,2,1,1,20mar2020,5,3,2020,20,"IledeFrance",1,8.247482,.1206684,7.436028,.1953783,,.167804,0,1,1,1,1,1,1,-.07171748,.01307551,.04169315
"FRA","IledeFrance","2020-03-21",4695,4695,12278210,1984,1,1,.33,.33,0,1,1,1,1,0,1,1,1,2,1,1,21mar2020,6,3,2020,21,"IledeFrance",1,8.454253,.2067709,7.59287,.1568422,,.1329907,0,1,1,1,1,1,1,.03365608,.01307551,.02242208
"FRA","IledeFrance","2020-03-22",5283,5283,12278210,2295,1,1,.33,.33,0,1,1,1,1,0,1,1,1,2,1,1,22mar2020,0,3,2020,22,"IledeFrance",1,8.572249,.1179962,7.738488,.145618,,.1559841,0,1,1,1,1,1,1,-.05929532,.01307551,.02659879
"FRA","IledeFrance","2020-03-23",6211,6211,12278210,2757,1,1,1,1,0,1,1,1,1,0,1,1,1,2,1,1,23mar2020,1,3,2020,23,"IledeFrance",1,8.734077,.161828,7.921898,.1834102,,.1547693,0,1,1,1,1,1,1,.03874938,.01307551,-.0554617
"FRA","IledeFrance","2020-03-24",6798,6798,12278210,3304,1,1,1,1,0,1,1,1,1,0,1,1,1,2,1,1,24mar2020,2,3,2020,24,"IledeFrance",1,8.824384,.0903063,8.102889,.1809907,,.1289358,0,1,1,1,1,1,1,-.04204892,.01307551,-.04618515
"FRA","IledeFrance","2020-03-25",7660,7660,12278210,3876,1,1,1,1,0,1,1,1,1,0,1,1,1,2,1,1,25mar2020,3,3,2020,25,"IledeFrance",1,8.943768,.1193838,8.262559,.1596699,,.1278124,0,1,1,1,1,1,1,-.05078659,.01307551,-.00836996
"FRA","Normandie","2020-03-07",11,11,3303500,9,0,0,0,0,0,0,0,0,0,0,0,1,0,5000,0,0,07mar2020,6,3,2020,7,"Normandie",0,2.397895,0,2.197225,.2513145,.2057971,,0,0,1,0,0,0,0,-.38018866,.02326246,.02242208
"FRA","Normandie","2020-03-08",22,22,3303500,10,0,0,0,0,0,0,0,0,0,0,0,1,0,1000,0,0,08mar2020,0,3,2020,8,"Normandie",0,3.091043,.6931472,2.302585,.1053605,.2057971,,0,0,1,1,0,1,0,.35736255,.02326246,.02659879
"FRA","Normandie","2020-03-09",25,25,3303500,11,0,0,0,0,0,1,.2093092,.5,.1046546,0,0,1,0,1000,1,.2093092,09mar2020,1,3,2020,9,"Normandie",0,3.218876,.1278334,2.397895,.0953102,.2057971,,0,0,1,1,0,1,1,-.10869938,.02326246,-.0554617
"FRA","Normandie","2020-03-10",37,37,3303500,12,0,0,0,0,0,1,.2093092,.5,.1046546,0,0,1,0,1000,1,.2093092,10mar2020,2,3,2020,10,"Normandie",0,3.610918,.3920419,2.484907,.0870113,.2057971,,0,0,1,1,0,1,1,.14623262,.02326246,-.04618515
"FRA","Normandie","2020-03-11",54,54,3303500,14,0,0,0,0,0,1,.2093092,1,.6046546,0,0,1,0,1000,1,.2093092,11mar2020,3,3,2020,11,"Normandie",0,3.988984,.3780663,2.639057,.1541507,.2057971,,0,0,1,1,0,1,1,.11873217,.02326246,-.00836996
"FRA","Normandie","2020-03-12",68,68,3303500,16,0,0,0,0,0,1,.2093092,1,.6046546,0,0,1,0,1000,1,.2093092,12mar2020,4,3,2020,12,"Normandie",0,4.219508,.2305236,2.772589,.1335313,.2057971,,0,0,1,1,0,1,1,-.07569409,.02326246,.03851358
"FRA","Normandie","2020-03-13",97,97,3303500,25,0,0,0,0,0,1,.2093092,1,.6046546,0,0,1,0,100,1,.2093092,13mar2020,5,3,2020,13,"Normandie",0,4.574711,.3552032,3.218876,.4462872,.2057971,,0,0,1,1,1,1,1,.09438665,.02326246,.04169315
"FRA","Normandie","2020-03-14",127,127,3303500,29,0,0,0,0,0,1,.2093092,1,.6046546,0,0,1,0,100,1,.2093092,14mar2020,6,3,2020,14,"Normandie",0,4.844187,.2694764,3.367296,.1484199,.2057971,,0,0,1,1,1,1,1,.02793099,.02326246,.02242208
"FRA","Normandie","2020-03-15",143,143,3303500,33,0,0,0,0,0,1,.2093092,1,.6046546,0,1,1,1,100,1,.2093092,15mar2020,0,3,2020,15,"Normandie",0,4.962845,.1186576,3.496508,.1292119,.2057971,,1,1,1,1,1,1,1,-.0569898,.02326246,.02659879
"FRA","Normandie","2020-03-16",156,156,3303500,36,0,0,0,0,0,1,.2093092,1,.6046546,0,1,1,1,100,1,1,16mar2020,1,3,2020,16,"Normandie",0,5.049856,.0870113,3.583519,.0870113,.2057971,,0,1,1,1,1,1,1,-.11088989,.02326246,-.0554617
"FRA","Normandie","2020-03-17",174,174,3303500,44,1,1,.33,.33,0,1,1,1,1,0,1,1,1,2,1,1,17mar2020,2,3,2020,17,"Normandie",0,5.159055,.109199,3.78419,.2006707,.2057971,,0,1,1,1,1,1,1,-.00549548,.02326246,-.04618515
"FRA","Normandie","2020-03-18",208,208,3303500,59,1,1,.33,.33,0,1,1,1,1,0,1,1,1,2,1,1,18mar2020,3,3,2020,18,"Normandie",0,5.337538,.178483,4.077538,.2933478,.2057971,,0,1,1,1,1,1,1,.02597329,.02326246,-.00836996
"FRA","Normandie","2020-03-19",241,241,3303500,68,1,1,.33,.33,0,1,1,1,1,0,1,1,1,2,1,1,19mar2020,4,3,2020,19,"Normandie",0,5.484797,.1472588,4.219508,.1419702,.2057971,,0,1,1,1,1,1,1,-.05213451,.02326246,.03851358
"FRA","Normandie","2020-03-20",287,287,3303500,80,1,1,.33,.33,0,1,1,1,1,0,1,1,1,2,1,1,20mar2020,5,3,2020,20,"Normandie",0,5.659482,.174685,4.382027,.162519,.2057971,,0,1,1,1,1,1,1,-.02788783,.02326246,.04169315
"FRA","Normandie","2020-03-21",345,345,3303500,107,1,1,.33,.33,0,1,1,1,1,0,1,1,1,2,1,1,21mar2020,6,3,2020,21,"Normandie",0,5.843544,.1840625,4.672829,.290802,.2057971,,0,1,1,1,1,1,1,.00076072,.02326246,.02242208
"FRA","Normandie","2020-03-22",462,462,3303500,122,1,1,.33,.33,0,1,1,1,1,0,1,1,1,2,1,1,22mar2020,0,3,2020,22,"Normandie",0,6.135565,.2920203,4.804021,.1311922,.2057971,,0,1,1,1,1,1,1,.10454185,.02326246,.02659879
"FRA","Normandie","2020-03-23",511,511,3303500,158,1,1,1,1,0,1,1,1,1,0,1,1,1,2,1,1,23mar2020,1,3,2020,23,"Normandie",0,6.23637,.1008048,5.062595,.258574,.2057971,,0,1,1,1,1,1,1,-.03246079,.02326246,-.0554617
"FRA","Normandie","2020-03-24",586,586,3303500,193,1,1,1,1,0,1,1,1,1,0,1,1,1,2,1,1,24mar2020,2,3,2020,24,"Normandie",0,6.37332,.13695,5.26269,.2000952,.2057971,,0,1,1,1,1,1,1,-.00559213,.02326246,-.04618515
"FRA","Normandie","2020-03-25",688,688,3303500,226,1,1,1,1,0,1,1,1,1,0,1,1,1,2,1,1,25mar2020,3,3,2020,25,"Normandie",0,6.533789,.1604691,5.420535,.157845,.2057971,,0,1,1,1,1,1,1,-.01988829,.02326246,-.00836996
"FRA","NouvelleAquitaine","2020-03-07",17,17,5999982,15,0,0,0,0,0,0,0,0,0,0,0,1,0,5000,0,0,07mar2020,6,3,2020,7,"NouvelleAquitaine",0,2.833213,.435318,2.70805,.5108256,.2057971,,0,0,1,0,0,0,0,.04719023,.03120156,.02242208
"FRA","NouvelleAquitaine","2020-03-08",29,29,5999982,23,0,0,0,0,0,0,0,0,0,1,0,1,0,1000,0,0,08mar2020,0,3,2020,8,"NouvelleAquitaine",0,3.367296,.5340824,3.135494,.427444,.2057971,,0,0,1,1,0,1,0,.19035867,.03120156,.02659879
"FRA","NouvelleAquitaine","2020-03-09",39,39,5999982,25,0,0,0,0,0,0,0,0,0,1,0,1,0,1000,0,0,09mar2020,1,3,2020,9,"NouvelleAquitaine",0,3.663562,.2962658,3.218876,.0833817,.2057971,,0,0,1,1,0,1,0,.0346026,.03120156,-.0554617
"FRA","NouvelleAquitaine","2020-03-10",54,54,5999982,30,0,0,0,0,0,0,0,0,0,1,0,1,0,1000,0,0,10mar2020,2,3,2020,10,"NouvelleAquitaine",0,3.988984,.3254225,3.401197,.1823215,.2057971,,0,0,1,1,0,1,0,.05448274,.03120156,-.04618515
"FRA","NouvelleAquitaine","2020-03-11",66,66,5999982,34,0,0,0,0,0,0,0,.5,.5,1,0,1,0,1000,0,0,11mar2020,3,3,2020,11,"NouvelleAquitaine",0,4.189655,.2006707,3.526361,.1251631,.2057971,,0,0,1,1,0,1,0,-.0837939,.03120156,-.00836996
"FRA","NouvelleAquitaine","2020-03-12",87,87,5999982,46,0,0,0,0,0,0,0,.5,.5,1,0,1,0,1000,1,.1237195,12mar2020,4,3,2020,12,"NouvelleAquitaine",0,4.465908,.2762532,3.828641,.3022809,.2057971,,0,0,1,1,0,1,1,-.05394894,.03120156,.03851358
"FRA","NouvelleAquitaine","2020-03-13",114,114,5999982,52,0,0,0,0,0,0,0,.5,.5,1,0,1,0,100,1,.1237195,13mar2020,5,3,2020,13,"NouvelleAquitaine",0,4.736198,.2702904,3.951244,.1226022,.2057971,,0,0,1,1,1,1,1,-.01451062,.03120156,.04169315
"FRA","NouvelleAquitaine","2020-03-14",130,130,5999982,65,0,0,0,0,0,0,0,.5,.5,1,0,1,0,100,1,.1237195,14mar2020,6,3,2020,14,"NouvelleAquitaine",0,4.867535,.1313362,4.174387,.2231438,.2057971,,0,0,1,1,1,1,1,-.13419371,.03120156,.02242208
"FRA","NouvelleAquitaine","2020-03-15",144,144,5999982,75,0,0,0,0,0,0,0,.5,.5,1,1,1,1,100,1,.1237195,15mar2020,0,3,2020,15,"NouvelleAquitaine",0,4.969813,.1022787,4.317488,.1431007,.2057971,,1,1,1,1,1,1,1,-.09735318,.03120156,.02659879
"FRA","NouvelleAquitaine","2020-03-16",178,178,5999982,101,0,0,0,0,0,0,0,.5,.5,1,1,1,1,100,1,1,16mar2020,1,3,2020,16,"NouvelleAquitaine",0,5.181784,.2119703,4.61512,.2976322,.2057971,,0,1,1,1,1,1,1,-.0091226,.03120156,-.0554617
"FRA","NouvelleAquitaine","2020-03-17",200,200,5999982,138,1,1,.33,.33,0,1,1,1,1,1,1,1,1,2,1,1,17mar2020,2,3,2020,17,"NouvelleAquitaine",0,5.298317,.1165338,4.927254,.3121333,.2057971,,0,1,1,1,1,1,1,-.00609987,.03120156,-.04618515
"FRA","NouvelleAquitaine","2020-03-18",237,237,5999982,166,1,1,.33,.33,0,1,1,1,1,1,1,1,1,2,1,1,18mar2020,3,3,2020,18,"NouvelleAquitaine",0,5.46806,.1697426,5.111988,.1847339,.2057971,,0,1,1,1,1,1,1,.00929376,.03120156,-.00836996
"FRA","NouvelleAquitaine","2020-03-19",280,280,5999982,209,1,1,.33,.33,0,1,1,1,1,1,1,1,1,2,1,1,19mar2020,4,3,2020,19,"NouvelleAquitaine",0,5.634789,.1667295,5.342334,.2303467,.2057971,,0,1,1,1,1,1,1,-.04060292,.03120156,.03851358
"FRA","NouvelleAquitaine","2020-03-20",432,432,5999982,269,1,1,.33,.33,0,1,1,1,1,1,1,1,1,2,1,1,20mar2020,5,3,2020,20,"NouvelleAquitaine",0,6.068426,.4336362,5.594711,.252377,.2057971,,0,1,1,1,1,1,1,.22312425,.03120156,.04169315
"FRA","NouvelleAquitaine","2020-03-21",521,521,5999982,336,1,1,.33,.33,0,1,1,1,1,1,1,1,1,2,1,1,21mar2020,6,3,2020,21,"NouvelleAquitaine",0,6.25575,.1873245,5.817111,.2223997,.2057971,,0,1,1,1,1,1,1,-.00391634,.03120156,.02242208
"FRA","NouvelleAquitaine","2020-03-22",612,612,5999982,406,1,1,.33,.33,0,1,1,1,1,1,1,1,1,2,1,1,22mar2020,0,3,2020,22,"NouvelleAquitaine",0,6.416732,.1609821,6.006353,.1892424,.2057971,,0,1,1,1,1,1,1,-.03443545,.03120156,.02659879
"FRA","NouvelleAquitaine","2020-03-23",676,676,5999982,504,1,1,1,1,0,1,1,1,1,1,1,1,1,2,1,1,23mar2020,1,3,2020,23,"NouvelleAquitaine",0,6.516193,.0994606,6.222576,.2162228,.2057971,,0,1,1,1,1,1,1,-.0417441,.03120156,-.0554617
"FRA","NouvelleAquitaine","2020-03-24",789,789,5999982,602,1,1,1,1,0,1,1,1,1,1,1,1,1,2,1,1,24mar2020,2,3,2020,24,"NouvelleAquitaine",0,6.670766,.1545734,6.400258,.1776814,.2057971,,0,1,1,1,1,1,1,.00409219,.03120156,-.04618515
"FRA","NouvelleAquitaine","2020-03-25",912,912,5999982,701,1,1,1,1,0,1,1,1,1,1,1,1,1,2,1,1,25mar2020,3,3,2020,25,"NouvelleAquitaine",0,6.81564,.1448736,6.552508,.1522503,.2057971,,0,1,1,1,1,1,1,-.04342283,.03120156,-.00836996
"FRA","Occitanie","2020-03-06",18,18,5924858,14,0,0,0,0,0,0,0,0,0,0,0,1,0,5000,0,0,06mar2020,5,3,2020,6,"Occitanie",0,2.890372,.4924765,2.639057,.1541507,.2057971,,0,0,1,0,0,0,0,.09986553,.01641364,.04169315
"FRA","Occitanie","2020-03-07",36,36,5924858,18,0,0,0,0,0,0,0,0,0,0,0,1,0,5000,0,0,07mar2020,6,3,2020,7,"Occitanie",0,3.583519,.6931472,2.890372,.2513144,.2057971,,0,0,1,0,0,0,0,.31980733,.01641364,.02242208
"FRA","Occitanie","2020-03-08",36,36,5924858,26,0,0,0,0,0,0,0,0,0,0,0,1,0,1000,0,0,08mar2020,0,3,2020,8,"Occitanie",0,3.583519,0,3.258096,.3677247,.2057971,,0,0,1,1,0,1,0,-.32893583,.01641364,.02659879
"FRA","Occitanie","2020-03-09",60,60,5924858,33,0,0,0,0,0,0,0,0,0,0,0,1,0,1000,0,0,09mar2020,1,3,2020,9,"Occitanie",0,4.094345,.5108256,3.496508,.2384112,.2057971,,0,0,1,1,0,1,0,.2639503,.01641364,-.0554617
"FRA","Occitanie","2020-03-10",61,61,5924858,46,0,0,0,0,0,0,0,0,0,0,0,1,0,1000,0,0,10mar2020,2,3,2020,10,"Occitanie",0,4.110874,.0165291,3.828641,.3321338,.2057971,,0,0,1,1,0,1,0,-.2396228,.01641364,-.04618515
"FRA","Occitanie","2020-03-11",87,87,5924858,55,0,0,0,0,0,0,0,.5,.5,0,0,1,0,1000,1,.1985102,11mar2020,3,3,2020,11,"Occitanie",0,4.465908,.3550344,4.007333,.1786919,.2057971,,0,0,1,1,0,1,1,.08719641,.01641364,-.00836996
"FRA","Occitanie","2020-03-12",133,133,5924858,65,0,0,0,0,0,0,0,.5,.5,0,0,1,0,1000,1,.1985102,12mar2020,4,3,2020,12,"Occitanie",0,4.890349,.4244409,4.174387,.1670542,.2057971,,0,0,1,1,0,1,1,.10971937,.01641364,.03851358
"FRA","Occitanie","2020-03-13",172,172,5924858,103,0,0,0,0,0,0,0,.5,.5,0,0,1,0,100,1,.1985102,13mar2020,5,3,2020,13,"Occitanie",0,5.147494,.2571454,4.634729,.4603415,.2057971,,0,0,1,1,1,1,1,-.01217492,.01641364,.04169315
"FRA","Occitanie","2020-03-14",214,214,5924858,148,0,0,0,0,0,0,0,.5,.5,0,0,1,0,100,1,.1985102,14mar2020,6,3,2020,14,"Occitanie",0,5.365976,.2184815,4.997212,.3624835,.2057971,,0,0,1,1,1,1,1,-.0315677,.01641364,.02242208
"FRA","Occitanie","2020-03-15",243,243,5924858,195,0,0,0,0,0,0,0,.5,.5,0,1,1,1,100,1,.1985102,15mar2020,0,3,2020,15,"Occitanie",0,5.493062,.1270857,5.273,.2757874,.2057971,,1,1,1,1,1,1,1,-.05706553,.01641364,.02659879
"FRA","Occitanie","2020-03-16",262,262,5924858,252,0,0,0,0,0,0,0,.5,.5,0,1,1,1,100,1,1,16mar2020,1,3,2020,16,"Occitanie",0,5.568345,.0752831,5.529429,.2564292,.2057971,,0,1,1,1,1,1,1,-.13102197,.01641364,-.0554617
"FRA","Occitanie","2020-03-17",311,311,5924858,304,1,1,.33,.33,0,1,1,1,1,0,1,1,1,2,1,1,17mar2020,2,3,2020,17,"Occitanie",0,5.739793,.1714482,5.717028,.1875987,.2057971,,0,1,1,1,1,1,1,.06360251,.01641364,-.04618515
"FRA","Occitanie","2020-03-18",371,371,5924858,350,1,1,.33,.33,0,1,1,1,1,0,1,1,1,2,1,1,18mar2020,3,3,2020,18,"Occitanie",0,5.916202,.1764092,5.857933,.1409054,.2057971,,0,1,1,1,1,1,1,.03074833,.01641364,-.00836996
"FRA","Occitanie","2020-03-19",444,444,5924858,387,1,1,.67,.7143248,0,1,1,1,1,0,1,1,1,2,1,1,19mar2020,4,3,2020,19,"Occitanie",0,6.095825,.1796227,5.958425,.1004915,.2057971,,0,1,1,1,1,1,1,-.02889574,.01641364,.03851358
"FRA","Occitanie","2020-03-20",537,537,5924858,418,1,1,.67,.7143248,0,1,1,1,1,0,1,1,1,2,1,1,20mar2020,5,3,2020,20,"Occitanie",0,6.285998,.1901731,6.035481,.0770569,.2057971,,0,1,1,1,1,1,1,-.02152481,.01641364,.04169315
"FRA","Occitanie","2020-03-21",611,611,5924858,459,1,1,.67,.7143248,0,1,1,1,1,0,1,1,1,2,1,1,21mar2020,6,3,2020,21,"Occitanie",0,6.415097,.1290989,6.12905,.0935688,.2057971,,0,1,1,1,1,1,1,-.06332799,.01641364,.02242208
"FRA","Occitanie","2020-03-22",671,671,5924858,491,1,1,.67,.7143248,0,1,1,1,1,0,1,1,1,2,1,1,22mar2020,0,3,2020,22,"Occitanie",0,6.508769,.0936723,6.196444,.0673938,.2057971,,0,1,1,1,1,1,1,-.10293132,.01641364,.02659879
"FRA","Occitanie","2020-03-23",767,767,5924858,561,1,1,1,1,0,1,1,1,1,0,1,1,1,2,1,1,23mar2020,1,3,2020,23,"Occitanie",0,6.642487,.1337175,6.329721,.1332769,.2057971,,0,1,1,1,1,1,1,.00730074,.01641364,-.0554617
"FRA","Occitanie","2020-03-24",900,900,5924858,622,1,1,1,1,0,1,1,1,1,0,1,1,1,2,1,1,24mar2020,2,3,2020,24,"Occitanie",0,6.802395,.1599083,6.43294,.103219,.2057971,,0,1,1,1,1,1,1,.02421495,.01641364,-.04618515
"FRA","Occitanie","2020-03-25",1082,1082,5924858,681,1,1,1,1,0,1,1,1,1,0,1,1,1,2,1,1,25mar2020,3,3,2020,25,"Occitanie",0,6.986567,.1841717,6.523562,.0906224,.2057971,,0,1,1,1,1,1,1,.01066313,.01641364,-.00836996
"FRA","Paca","2020-03-04",13,13,5055651,22,0,0,0,0,0,0,0,0,0,0,0,1,0,5000,1,.4024148,04mar2020,3,3,2020,4,"Paca",0,2.564949,.2623641,3.091043,.3184538,.2057971,,0,0,1,0,0,0,1,-.07689456,.01685202,-.00836996
"FRA","Paca","2020-03-05",18,18,5055651,34,0,0,0,0,0,0,0,0,0,0,0,1,0,5000,1,.4024148,05mar2020,4,3,2020,5,"Paca",0,2.890372,.3254225,3.526361,.435318,.2057971,,0,0,1,0,0,0,1,-.06071973,.01685202,.03851358
"FRA","Paca","2020-03-06",26,26,5055651,56,0,0,0,0,0,0,0,0,0,0,0,1,0,5000,1,.4024148,06mar2020,5,3,2020,6,"Paca",0,3.258096,.3677247,4.025352,.498991,.2057971,,0,0,1,0,0,0,1,-.02159716,.01685202,.04169315
"FRA","Paca","2020-03-07",38,38,5055651,75,0,0,0,0,0,0,0,0,0,0,0,1,0,5000,1,.4024148,07mar2020,6,3,2020,7,"Paca",0,3.637586,.3794897,4.317488,.2921367,.2057971,,0,0,1,0,0,0,1,.00943892,.01685202,.02242208
"FRA","Paca","2020-03-08",52,52,5055651,100,0,0,0,0,0,0,0,0,0,0,0,1,0,1000,1,.614818,08mar2020,0,3,2020,8,"Paca",0,3.951244,.3136575,4.60517,.2876821,.2057971,,0,0,1,1,0,1,1,-.01002175,.01685202,.02659879
"FRA","Paca","2020-03-09",72,72,5055651,135,0,0,0,0,0,0,0,0,0,0,0,1,0,1000,1,.614818,09mar2020,1,3,2020,9,"Paca",0,4.276666,.3254225,4.905275,.3001046,.2057971,,0,0,1,1,0,1,1,.08380376,.01685202,-.0554617
"FRA","Paca","2020-03-10",89,89,5055651,157,0,0,0,0,0,0,0,0,0,0,0,1,0,1000,1,.614818,10mar2020,2,3,2020,10,"Paca",0,4.488636,.2119703,5.056246,.1509709,.2057971,,0,0,1,1,0,1,1,-.03892499,.01685202,-.04618515
"FRA","Paca","2020-03-11",111,111,5055651,200,0,0,0,0,0,0,0,.5,.5,0,0,1,0,1000,1,.614818,11mar2020,3,3,2020,11,"Paca",0,4.70953,.2208939,5.298317,.2420716,.2057971,,0,0,1,1,0,1,1,-.04352629,.01685202,-.00836996
"FRA","Paca","2020-03-12",147,147,5055651,220,0,0,0,0,0,0,0,.5,.5,0,0,1,0,1000,1,.614818,12mar2020,4,3,2020,12,"Paca",0,4.990433,.2809024,5.393628,.0953102,.2057971,,0,0,1,1,0,1,1,-.03040131,.01685202,.03851358
"FRA","Paca","2020-03-13",212,212,5055651,277,0,0,0,0,0,0,0,.5,.5,0,0,1,0,100,1,.614818,13mar2020,5,3,2020,13,"Paca",0,5.356586,.3661537,5.624018,.2303901,.2057971,,0,0,1,1,1,1,1,.10025119,.01685202,.04169315
"FRA","Paca","2020-03-14",281,281,5055651,318,0,0,0,0,0,0,0,.5,.5,0,0,1,0,100,1,.614818,14mar2020,6,3,2020,14,"Paca",0,5.638355,.2817683,5.762052,.1380339,.2057971,,0,0,1,1,1,1,1,.03513687,.01685202,.02242208
"FRA","Paca","2020-03-15",330,330,5055651,357,0,0,0,0,0,0,0,.5,.5,0,1,1,1,100,1,.614818,15mar2020,0,3,2020,15,"Paca",0,5.799093,.160738,5.877736,.115684,.2057971,,1,1,1,1,1,1,1,-.01999542,.01685202,.02659879
"FRA","Paca","2020-03-16",405,405,5055651,401,0,0,0,0,0,0,0,.5,.5,0,1,1,1,100,1,1,16mar2020,1,3,2020,16,"Paca",0,6.003887,.2047944,5.993961,.1162257,.2057971,,0,1,1,1,1,1,1,-.001949,.01685202,-.0554617
"FRA","Paca","2020-03-17",478,478,5055651,459,1,1,.33,.33,0,1,1,1,1,0,1,1,1,2,1,1,17mar2020,2,3,2020,17,"Paca",0,6.169611,.1657233,6.12905,.1350889,.2057971,,0,1,1,1,1,1,1,.05743921,.01685202,-.04618515
"FRA","Paca","2020-03-18",574,574,5055651,515,1,1,.33,.33,0,1,1,1,1,0,1,1,1,2,1,1,18mar2020,3,3,2020,18,"Paca",0,6.352629,.1830187,6.244167,.1151166,.2057971,,0,1,1,1,1,1,1,.03691938,.01685202,-.00836996
"FRA","Paca","2020-03-19",693,693,5055651,585,1,1,.33,.33,0,1,1,1,1,0,1,1,1,2,1,1,19mar2020,4,3,2020,19,"Paca",0,6.54103,.1884007,6.371612,.1274452,.2057971,,0,1,1,1,1,1,1,-.00458211,.01685202,.03851358
"FRA","Paca","2020-03-20",826,826,5055651,667,1,1,.33,.33,0,1,1,1,1,0,1,1,1,2,1,1,20mar2020,5,3,2020,20,"Paca",0,6.716595,.1755648,6.50279,.1311779,.2057971,,0,1,1,1,1,1,1,-.02059765,.01685202,.04169315
"FRA","Paca","2020-03-21",1041,1041,5055651,759,1,1,.67,.8835029,0,1,1,1,1,0,1,1,1,2,1,1,21mar2020,6,3,2020,21,"Paca",0,6.947937,.2313423,6.632002,.1292119,.2057971,,0,1,1,1,1,1,1,.03144539,.01685202,.02242208
"FRA","Paca","2020-03-22",1372,1372,5055651,849,1,1,.67,.8835029,0,1,1,1,1,0,1,1,1,2,1,1,22mar2020,0,3,2020,22,"Paca",0,7.224025,.2760878,6.744059,.1120572,.2057971,,0,1,1,1,1,1,1,.07201412,.01685202,.02659879
"FRA","Paca","2020-03-23",1510,1510,5055651,994,1,1,1,1,0,1,1,1,1,0,1,1,1,2,1,1,23mar2020,1,3,2020,23,"Paca",0,7.319865,.09584,6.901737,.1576781,.2057971,,0,1,1,1,1,1,1,-.03101521,.01685202,-.0554617
"FRA","Paca","2020-03-24",1595,1595,5055651,1112,1,1,1,1,0,1,1,1,1,0,1,1,1,2,1,1,24mar2020,2,3,2020,24,"Paca",0,7.374629,.0547643,7.013916,.1121783,.2057971,,0,1,1,1,1,1,1,-.08136746,.01685202,-.04618515
"FRA","Paca","2020-03-25",1927,1927,5055651,1251,1,1,1,1,0,1,1,1,1,0,1,1,1,2,1,1,25mar2020,3,3,2020,25,"Paca",0,7.56372,.1890907,7.131699,.1177831,.2057971,,0,1,1,1,1,1,1,.0151438,.01685202,-.00836996
"FRA","PaysdelaLoire","2020-03-07",18,18,3801797,52,0,0,0,0,0,0,0,0,0,0,0,1,0,5000,0,0,07mar2020,6,3,2020,7,"PaysdelaLoire",0,2.890372,.1177831,3.951244,.0800426,.2057971,,0,0,1,0,0,0,0,-.20261657,-.03652656,.02242208
"FRA","PaysdelaLoire","2020-03-08",25,25,3801797,65,0,0,0,0,0,0,0,0,0,0,0,1,0,1000,0,0,08mar2020,0,3,2020,8,"PaysdelaLoire",0,3.218876,.3285041,4.174387,.2231438,.2057971,,0,0,1,1,0,1,0,.05250847,-.03652656,.02659879
"FRA","PaysdelaLoire","2020-03-09",26,26,3801797,73,0,0,0,0,0,0,0,0,0,0,0,1,0,1000,0,0,09mar2020,1,3,2020,9,"PaysdelaLoire",0,3.258096,.0392206,4.29046,.1160722,.2057971,,0,0,1,1,0,1,0,-.15471454,-.03652656,-.0554617
"FRA","PaysdelaLoire","2020-03-10",27,27,3801797,80,0,0,0,0,0,0,0,0,0,0,0,1,0,1000,0,0,10mar2020,2,3,2020,10,"PaysdelaLoire",0,3.295837,.0377405,4.382027,.091567,.2057971,,0,0,1,1,0,1,0,-.16547119,-.03652656,-.04618515
"FRA","PaysdelaLoire","2020-03-11",34,34,3801797,89,0,0,0,0,0,0,0,.5,.5,0,0,1,0,1000,0,0,11mar2020,3,3,2020,11,"PaysdelaLoire",0,3.526361,.2305236,4.488636,.1066098,.2057971,,0,0,1,1,0,1,0,.0137871,-.03652656,-.00836996
"FRA","PaysdelaLoire","2020-03-12",41,41,3801797,97,0,0,0,0,0,0,0,.5,.5,0,0,1,0,1000,0,0,12mar2020,4,3,2020,12,"PaysdelaLoire",0,3.713572,.1872115,4.574711,.0860744,.2057971,,0,0,1,1,0,1,0,-.07640852,-.03652656,.03851358
"FRA","PaysdelaLoire","2020-03-13",55,55,3801797,106,0,0,0,0,0,0,0,.5,.5,0,0,1,0,100,0,0,13mar2020,5,3,2020,13,"PaysdelaLoire",0,4.007333,.2937613,4.663439,.0887284,.2057971,,0,0,1,1,1,1,0,.07554239,-.03652656,.04169315
"FRA","PaysdelaLoire","2020-03-14",82,82,3801797,112,0,0,0,0,0,0,0,.5,.5,0,0,1,0,100,0,0,14mar2020,6,3,2020,14,"PaysdelaLoire",0,4.406719,.3993859,4.718499,.0550594,.2057971,,0,0,1,1,1,1,0,.20043814,-.03652656,.02242208
"FRA","PaysdelaLoire","2020-03-15",98,98,3801797,127,0,0,0,0,0,0,0,.5,.5,0,1,1,1,100,0,0,15mar2020,0,3,2020,15,"PaysdelaLoire",0,4.584968,.1782484,4.844187,.1256886,.2057971,,1,1,1,1,1,1,0,.04519865,-.03652656,.02659879
"FRA","PaysdelaLoire","2020-03-16",108,108,3801797,143,0,0,0,0,0,0,0,.5,.5,0,1,1,1,100,1,1,16mar2020,1,3,2020,16,"PaysdelaLoire",0,4.682131,.0971637,4.962845,.1186576,.2057971,,0,1,1,1,1,1,1,-.05620112,-.03652656,-.0554617
"FRA","PaysdelaLoire","2020-03-17",126,126,3801797,169,1,1,.33,.33,0,1,1,1,1,0,1,1,1,2,1,1,17mar2020,2,3,2020,17,"PaysdelaLoire",0,4.836282,.1541505,5.129899,.1670537,.2057971,,0,1,1,1,1,1,1,.09924499,-.03652656,-.04618515
"FRA","PaysdelaLoire","2020-03-18",128,128,3801797,189,1,1,.33,.33,0,1,1,1,1,0,1,1,1,2,1,1,18mar2020,3,3,2020,18,"PaysdelaLoire",0,4.85203,.0157485,5.241747,.1118484,.2057971,,0,1,1,1,1,1,1,-.0769722,-.03652656,-.00836996
"FRA","PaysdelaLoire","2020-03-19",160,160,3801797,217,1,1,.33,.33,0,1,1,1,1,0,1,1,1,2,1,1,19mar2020,4,3,2020,19,"PaysdelaLoire",0,5.075174,.2231436,5.379897,.1381502,.2057971,,0,1,1,1,1,1,1,.08353933,-.03652656,.03851358
"FRA","PaysdelaLoire","2020-03-20",190,190,3801797,258,1,1,.33,.33,0,1,1,1,1,0,1,1,1,2,1,1,20mar2020,5,3,2020,20,"PaysdelaLoire",0,5.247024,.1718502,5.552959,.1730623,.2057971,,0,1,1,1,1,1,1,.02906639,-.03652656,.04169315
"FRA","PaysdelaLoire","2020-03-21",234,234,3801797,294,1,1,.33,.33,0,1,1,1,1,0,1,1,1,2,1,1,21mar2020,6,3,2020,21,"PaysdelaLoire",0,5.455321,.2082973,5.68358,.1306205,.2057971,,0,1,1,1,1,1,1,.08478452,-.03652656,.02242208
"FRA","PaysdelaLoire","2020-03-22",270,270,3801797,342,1,1,.33,.33,0,1,1,1,1,0,1,1,1,2,1,1,22mar2020,0,3,2020,22,"PaysdelaLoire",0,5.598422,.1431007,5.834811,.1512308,.2057971,,0,1,1,1,1,1,1,.01541129,-.03652656,.02659879
"FRA","PaysdelaLoire","2020-03-23",293,293,3801797,406,1,1,1,1,0,1,1,1,1,0,1,1,1,2,1,1,23mar2020,1,3,2020,23,"PaysdelaLoire",0,5.680172,.0817504,6.006353,.1715426,.2057971,,0,1,1,1,1,1,1,.00827382,-.03652656,-.0554617
"FRA","PaysdelaLoire","2020-03-24",343,343,3801797,474,1,1,1,1,0,1,1,1,1,0,1,1,1,2,1,1,24mar2020,2,3,2020,24,"PaysdelaLoire",0,5.83773,.157558,6.161207,.1548538,.2057971,,0,1,1,1,1,1,1,.07480484,-.03652656,-.04618515
"FRA","PaysdelaLoire","2020-03-25",368,368,3801797,569,1,1,1,1,0,1,1,1,1,0,1,1,1,2,1,1,25mar2020,3,3,2020,25,"PaysdelaLoire",0,5.908083,.0703526,6.343881,.1826735,.2057971,,0,1,1,1,1,1,1,-.05021577,-.03652656,-.00836996
