adm0_name,adm1_name,date,cum_confirmed_cases,cum_confirmed_cases_imputed,population,cum_hospitalized,event_cancel,event_cancel_popwt,home_isolation,home_isolation_popwt,no_gathering_popwt,no_gathering_inside,no_gathering_inside_popwt,social_distance,social_distance_popwt,social_distance_opt,business_closure,no_gathering,testing_regime,no_gathering_size,school_closure,school_closure_popwt,t,dow,month,year,day,adm1_id,longest_series,daily_confirmed_cases,l_cum_confirmed_cases,D_l_cum_confirmed_cases,l_cum_hospitalized,D_l_cum_hospitalized,sample_avg,day_avg,testing_change_fra_15mar2020,p_fra_1,no_gathering_5000,no_gathering_1000,no_gathering_100,p_fra_2,p_fra_3
"FRA","AuvergneRhôneAlpes","2020-02-29",,17,8032377,1,0,0,0,0,0,0,0,0,0,0,0,1,0,5000,0,0,29feb2020,6,2,2020,29,"AuvergneRhôneAlpes",0,,,,0,,,,0,0,1,0,0,0,0
"FRA","AuvergneRhôneAlpes","2020-03-01",,22,8032377,1,0,0,0,0,0,0,0,0,0,0,0,1,0,5000,0,0,01mar2020,0,3,2020,1,"AuvergneRhôneAlpes",0,,,,0,0,,,0,0,1,0,0,0,0
"FRA","AuvergneRhôneAlpes","2020-03-02",37,37,8032377,10,0,0,0,0,0,0,0,0,0,0,0,1,0,5000,1,.1031332,02mar2020,1,3,2020,2,"AuvergneRhôneAlpes",0,,,,2.302585,2.302585,,,0,0,1,0,0,0,.1031332
"FRA","AuvergneRhôneAlpes","2020-03-03",40,40,8032377,12,0,0,0,0,0,0,0,0,0,0,0,1,0,5000,1,.1031332,03mar2020,2,3,2020,3,"AuvergneRhôneAlpes",0,3,1.098612,,2.484907,.1823215,,,0,0,1,0,0,0,.1031332
"FRA","AuvergneRhôneAlpes","2020-03-04",49,49,8032377,14,0,0,0,0,0,0,0,0,0,0,0,1,0,5000,1,.1031332,04mar2020,3,3,2020,4,"AuvergneRhôneAlpes",0,9,2.197225,1.098612,2.639057,.1541507,.6189693,,0,0,1,0,0,0,.1031332
"FRA","AuvergneRhôneAlpes","2020-03-05",64,64,8032377,15,0,0,0,0,0,0,0,0,0,0,0,1,0,5000,1,.1031332,05mar2020,4,3,2020,5,"AuvergneRhôneAlpes",0,15,2.70805,.5108256,2.70805,.0689929,.6189693,,0,0,1,0,0,0,.1031332
"FRA","AuvergneRhôneAlpes","2020-03-06",75,75,8032377,18,0,0,0,0,0,0,0,0,0,0,0,1,0,5000,1,.1031332,06mar2020,5,3,2020,6,"AuvergneRhôneAlpes",0,11,2.397895,,2.890372,.1823215,,,0,0,1,0,0,0,.1031332
"FRA","AuvergneRhôneAlpes","2020-03-07",102,102,8032377,22,0,0,0,0,0,0,0,0,0,0,0,1,0,5000,1,.1031332,07mar2020,6,3,2020,7,"AuvergneRhôneAlpes",0,27,3.295837,.8979416,3.091043,.2006707,.6189693,,0,0,1,0,0,0,.1031332
"FRA","AuvergneRhôneAlpes","2020-03-08",146,146,8032377,25,0,0,0,0,0,0,0,0,0,0,0,1,0,1000,1,.1031332,08mar2020,0,3,2020,8,"AuvergneRhôneAlpes",0,44,3.78419,.4883528,3.218876,.1278334,.6189693,,0,0,1,1,0,.2,.1031332
"FRA","AuvergneRhôneAlpes","2020-03-09",182,182,8032377,39,0,0,0,0,0,0,0,0,0,0,0,1,0,1000,1,.1031332,09mar2020,1,3,2020,9,"AuvergneRhôneAlpes",0,36,3.583519,,3.663562,.4446857,,,0,0,1,1,0,.2,.1031332
"FRA","AuvergneRhôneAlpes","2020-03-10",211,211,8032377,53,0,0,0,0,0,0,0,0,0,0,0,1,0,1000,1,.1031332,10mar2020,2,3,2020,10,"AuvergneRhôneAlpes",0,29,3.367296,,3.970292,.3067303,,,0,0,1,1,0,.2,.1031332
"FRA","AuvergneRhôneAlpes","2020-03-11",264,264,8032377,66,0,0,0,0,0,0,0,.5,.5,0,0,1,0,1000,1,.1031332,11mar2020,3,3,2020,11,"AuvergneRhôneAlpes",0,53,3.970292,.6029961,4.189655,.219363,.6189693,,0,0,1,1,0,.3,.1031332
"FRA","AuvergneRhôneAlpes","2020-03-12",329,329,8032377,93,0,0,0,0,0,0,0,.5,.5,0,0,1,0,1000,1,.1031332,12mar2020,4,3,2020,12,"AuvergneRhôneAlpes",0,65,4.174387,.2040956,4.532599,.3429446,.6189693,,0,0,1,1,0,.3,.1031332
"FRA","AuvergneRhôneAlpes","2020-03-13",416,416,8032377,130,0,0,0,0,0,0,0,.5,.5,0,0,1,0,100,1,.1031332,13mar2020,5,3,2020,13,"AuvergneRhôneAlpes",0,87,4.465908,.2915206,4.867535,.3349352,.6189693,,0,0,1,1,1,.5,.1031332
"FRA","AuvergneRhôneAlpes","2020-03-14",454,454,8032377,170,0,0,0,0,0,0,0,.5,.5,0,0,1,0,100,1,.1031332,14mar2020,6,3,2020,14,"AuvergneRhôneAlpes",0,38,3.637586,,5.135798,.2682638,,,0,0,1,1,1,.5,.1031332
"FRA","AuvergneRhôneAlpes","2020-03-15",523,523,8032377,199,0,0,0,0,0,0,0,.5,.5,0,1,1,1,100,1,.1031332,15mar2020,0,3,2020,15,"AuvergneRhôneAlpes",0,69,4.234107,.5965204,5.293305,.1575065,.6189693,,1,.5,1,1,1,.5,.1031332
"FRA","AuvergneRhôneAlpes","2020-03-16",618,618,8032377,245,0,0,0,0,0,0,0,.5,.5,0,1,1,1,100,1,1,16mar2020,1,3,2020,16,"AuvergneRhôneAlpes",0,95,4.553877,.3197703,5.501258,.2079535,.6189693,,0,.5,1,1,1,.5,1
"FRA","AuvergneRhôneAlpes","2020-03-17",710,710,8032377,307,1,1,.33,.33,0,1,1,1,1,0,1,1,1,2,1,1,17mar2020,2,3,2020,17,"AuvergneRhôneAlpes",0,92,4.521789,,5.726848,.2255893,,,0,.665,1,1,1,1,1
"FRA","AuvergneRhôneAlpes","2020-03-18",858,858,8032377,364,1,1,.33,.33,0,1,1,1,1,0,1,1,1,2,1,1,18mar2020,3,3,2020,18,"AuvergneRhôneAlpes",0,148,4.997212,.4754238,5.897154,.1703062,.6189693,,0,.665,1,1,1,1,1
"FRA","AuvergneRhôneAlpes","2020-03-19",1014,1014,8032377,446,1,1,.33,.33,0,1,1,1,1,0,1,1,1,2,1,1,19mar2020,4,3,2020,19,"AuvergneRhôneAlpes",0,156,5.049856,.0526438,6.100319,.2031651,.6189693,,0,.665,1,1,1,1,1
"FRA","AuvergneRhôneAlpes","2020-03-20",1101,1101,8032377,563,1,1,.33,.33,0,1,1,1,1,0,1,1,1,2,1,1,20mar2020,5,3,2020,20,"AuvergneRhôneAlpes",0,87,4.465908,,6.33328,.2329607,,,0,.665,1,1,1,1,1
"FRA","AuvergneRhôneAlpes","2020-03-21",1266,1266,8032377,668,1,1,.33,.33,0,1,1,1,1,0,1,1,1,2,1,1,21mar2020,6,3,2020,21,"AuvergneRhôneAlpes",0,165,5.105946,.6400375,6.504288,.1710086,.6189693,,0,.665,1,1,1,1,1
"FRA","AuvergneRhôneAlpes","2020-03-22",1431,1431,8032377,788,1,1,.33,.33,0,1,1,1,1,0,1,1,1,2,1,1,22mar2020,0,3,2020,22,"AuvergneRhôneAlpes",0,165,5.105946,0,6.669498,.1652098,.6189693,,0,.665,1,1,1,1,1
"FRA","AuvergneRhôneAlpes","2020-03-23",1730,1730,8032377,1008,1,1,1,1,0,1,1,1,1,0,1,1,1,2,1,1,23mar2020,1,3,2020,23,"AuvergneRhôneAlpes",0,299,5.700444,.5944982,6.915723,.2462254,.6189693,,0,1,1,1,1,1,1
"FRA","AuvergneRhôneAlpes","2020-03-24",1857,1857,8032377,1229,1,1,1,1,0,1,1,1,1,0,1,1,1,2,1,1,24mar2020,2,3,2020,24,"AuvergneRhôneAlpes",0,127,4.844187,,7.113956,.1982327,,,0,1,1,1,1,1,1
"FRA","AuvergneRhôneAlpes","2020-03-25",2093,2093,8032377,1466,1,1,1,1,0,1,1,1,1,0,1,1,1,2,1,1,25mar2020,3,3,2020,25,"AuvergneRhôneAlpes",0,236,5.463832,.6196446,7.290293,.1763368,.6189693,,0,1,1,1,1,1,1
"FRA","AuvergneRhôneAlpes","2020-03-26",,,8032377,1734,1,1,1,1,0,1,1,1,1,0,1,1,1,2,1,1,26mar2020,4,3,2020,26,"AuvergneRhôneAlpes",0,,,,7.458186,.1678934,,,0,1,1,1,1,1,1
"FRA","AuvergneRhôneAlpes","2020-03-27",,,8032377,2076,1,1,1,1,0,1,1,1,1,0,1,1,1,2,1,1,27mar2020,5,3,2020,27,"AuvergneRhôneAlpes",0,,,,7.638198,.1800122,,,0,1,1,1,1,1,1
"FRA","AuvergneRhôneAlpes","2020-03-28",,,8032377,2308,1,1,1,1,0,1,1,1,1,0,1,1,1,2,1,1,28mar2020,6,3,2020,28,"AuvergneRhôneAlpes",0,,,,7.744137,.1059384,,,0,1,1,1,1,1,1
"FRA","AuvergneRhôneAlpes","2020-03-29",,,8032377,2508,1,1,1,1,0,1,1,1,1,0,1,1,1,2,1,1,29mar2020,0,3,2020,29,"AuvergneRhôneAlpes",0,,,,7.827241,.0831041,,,0,1,1,1,1,1,1
"FRA","AuvergneRhôneAlpes","2020-03-30",,,8032377,2778,1,1,1,1,0,1,1,1,1,0,1,1,1,2,1,1,30mar2020,1,3,2020,30,"AuvergneRhôneAlpes",0,,,,7.929487,.1022458,,,0,1,1,1,1,1,1
"FRA","AuvergneRhôneAlpes","2020-03-31",,,8032377,3008,1,1,1,1,0,1,1,1,1,0,1,1,1,2,1,1,31mar2020,2,3,2020,31,"AuvergneRhôneAlpes",0,,,,8.00903,.0795436,,,0,1,1,1,1,1,1
"FRA","AuvergneRhôneAlpes","2020-04-01",,,8032377,3163,1,1,1,1,0,1,1,1,1,0,1,1,1,2,1,1,01apr2020,3,4,2020,1,"AuvergneRhôneAlpes",0,,,,8.059277,.0502462,,,0,1,1,1,1,1,1
"FRA","AuvergneRhôneAlpes","2020-04-02",,,8032377,3326,1,1,1,1,0,1,1,1,1,0,1,1,1,2,1,1,02apr2020,4,4,2020,2,"AuvergneRhôneAlpes",0,,,,8.109526,.0502491,,,0,1,1,1,1,1,1
"FRA","AuvergneRhôneAlpes","2020-04-03",,,8032377,3513,1,1,1,1,0,1,1,1,1,0,1,1,1,2,1,1,03apr2020,5,4,2020,3,"AuvergneRhôneAlpes",0,,,,8.164226,.0546999,,,0,1,1,1,1,1,1
"FRA","AuvergneRhôneAlpes","2020-04-04",,,8032377,3648,1,1,1,1,0,1,1,1,1,0,1,1,1,2,1,1,04apr2020,6,4,2020,4,"AuvergneRhôneAlpes",0,,,,8.201935,.0377092,,,0,1,1,1,1,1,1
"FRA","AuvergneRhôneAlpes","2020-04-05",,,8032377,3758,1,1,1,1,0,1,1,1,1,0,1,1,1,2,1,1,05apr2020,0,4,2020,5,"AuvergneRhôneAlpes",0,,,,8.231642,.029707,,,0,1,1,1,1,1,1
"FRA","AuvergneRhôneAlpes","2020-04-06",,,8032377,3907,1,1,1,1,0,1,1,1,1,0,1,1,1,2,1,1,06apr2020,1,4,2020,6,"AuvergneRhôneAlpes",0,,,,8.270525,.0388832,,,0,1,1,1,1,1,1
"FRA","BourgogneFrancheComté","2020-02-29",,6,2783039,0,0,0,0,0,0,0,0,0,0,0,0,1,0,5000,0,0,29feb2020,6,2,2020,29,"BourgogneFrancheComté",0,,,,,,,,0,0,1,0,0,0,0
"FRA","BourgogneFrancheComté","2020-03-01",,8,2783039,7,0,0,0,0,0,0,0,0,0,0,0,1,0,5000,0,0,01mar2020,0,3,2020,1,"BourgogneFrancheComté",0,,,,1.94591,,,,0,0,1,0,0,0,0
"FRA","BourgogneFrancheComté","2020-03-03",13,13,2783039,30,0,0,0,0,0,0,0,0,0,0,0,1,0,5000,0,0,03mar2020,2,3,2020,3,"BourgogneFrancheComté",0,,,,3.401197,,,,0,0,1,0,0,0,0
"FRA","BourgogneFrancheComté","2020-03-04",16,16,2783039,40,0,0,0,0,0,0,0,0,0,0,0,1,0,5000,0,0,04mar2020,3,3,2020,4,"BourgogneFrancheComté",0,3,1.098612,,3.688879,.2876821,,,0,0,1,0,0,0,0
"FRA","BourgogneFrancheComté","2020-03-05",39,39,2783039,52,0,0,0,0,0,0,0,0,0,0,0,1,0,5000,0,0,05mar2020,4,3,2020,5,"BourgogneFrancheComté",0,23,3.135494,2.036882,3.951244,.2623641,.6189693,,0,0,1,0,0,0,0
"FRA","BourgogneFrancheComté","2020-03-06",78,78,2783039,65,0,0,0,0,0,0,0,0,0,0,0,1,0,5000,0,0,06mar2020,5,3,2020,6,"BourgogneFrancheComté",0,39,3.663562,.5280674,4.174387,.2231438,.6189693,,0,0,1,0,0,0,0
"FRA","BourgogneFrancheComté","2020-03-07",129,129,2783039,80,0,0,0,0,0,0,0,0,0,0,0,1,0,5000,0,0,07mar2020,6,3,2020,7,"BourgogneFrancheComté",0,51,3.931826,.2682641,4.382027,.2076392,.6189693,,0,0,1,0,0,0,0
"FRA","BourgogneFrancheComté","2020-03-08",112,112,2783039,100,0,0,0,0,0,0,0,0,0,0,0,1,0,1000,0,0,08mar2020,0,3,2020,8,"BourgogneFrancheComté",0,-17,,,4.60517,.2231436,,,0,0,1,1,0,.2,0
"FRA","BourgogneFrancheComté","2020-03-09",119,119,2783039,113,0,0,0,0,0,0,0,0,0,0,0,1,0,1000,0,0,09mar2020,1,3,2020,9,"BourgogneFrancheComté",0,7,1.94591,,4.727388,.1222177,,,0,0,1,1,0,.2,0
"FRA","BourgogneFrancheComté","2020-03-10",146,146,2783039,141,0,0,0,0,0,0,0,0,0,0,0,1,0,1000,0,0,10mar2020,2,3,2020,10,"BourgogneFrancheComté",0,27,3.295837,1.349927,4.94876,.2213721,.6189693,,0,0,1,1,0,.2,0
"FRA","BourgogneFrancheComté","2020-03-11",155,155,2783039,157,0,0,0,0,0,0,0,.5,.5,0,0,1,0,1000,0,0,11mar2020,3,3,2020,11,"BourgogneFrancheComté",0,9,2.197225,,5.056246,.1074858,,,0,0,1,1,0,.3,0
"FRA","BourgogneFrancheComté","2020-03-12",219,219,2783039,191,0,0,0,0,0,0,0,.5,.5,0,0,1,0,1000,0,0,12mar2020,4,3,2020,12,"BourgogneFrancheComté",0,64,4.158883,1.961658,5.252274,.1960278,.6189693,,0,0,1,1,0,.3,0
"FRA","BourgogneFrancheComté","2020-03-13",272,272,2783039,235,0,0,0,0,0,0,0,.5,.5,0,0,1,0,100,0,0,13mar2020,5,3,2020,13,"BourgogneFrancheComté",0,53,3.970292,,5.459586,.2073121,,,0,0,1,1,1,.5,0
"FRA","BourgogneFrancheComté","2020-03-14",339,339,2783039,264,0,0,0,0,0,0,0,.5,.5,0,0,1,0,100,0,0,14mar2020,6,3,2020,14,"BourgogneFrancheComté",0,67,4.204693,.234401,5.575949,.1163635,.6189693,,0,0,1,1,1,.5,0
"FRA","BourgogneFrancheComté","2020-03-15",412,412,2783039,292,0,0,0,0,0,0,0,.5,.5,0,1,1,1,100,0,0,15mar2020,0,3,2020,15,"BourgogneFrancheComté",0,73,4.29046,.0857668,5.676754,.1008048,.6189693,,1,.5,1,1,1,.5,0
"FRA","BourgogneFrancheComté","2020-03-16",507,507,2783039,330,0,0,0,0,0,0,0,.5,.5,0,1,1,1,100,1,1,16mar2020,1,3,2020,16,"BourgogneFrancheComté",0,95,4.553877,.2634172,5.799093,.1223388,.6189693,,0,.5,1,1,1,.5,1
"FRA","BourgogneFrancheComté","2020-03-17",549,549,2783039,384,1,1,.33,.33,0,1,1,1,1,0,1,1,1,2,1,1,17mar2020,2,3,2020,17,"BourgogneFrancheComté",0,42,3.73767,,5.950643,.1515498,,,0,.665,1,1,1,1,1
"FRA","BourgogneFrancheComté","2020-03-18",593,593,2783039,449,1,1,.33,.33,0,1,1,1,1,0,1,1,1,2,1,1,18mar2020,3,3,2020,18,"BourgogneFrancheComté",0,44,3.78419,.04652,6.107023,.1563802,.6189693,,0,.665,1,1,1,1,1
"FRA","BourgogneFrancheComté","2020-03-19",696,696,2783039,515,1,1,.33,.33,0,1,1,1,1,0,1,1,1,2,1,1,19mar2020,4,3,2020,19,"BourgogneFrancheComté",0,103,4.634729,.8505392,6.244167,.1371441,.6189693,,0,.665,1,1,1,1,1
"FRA","BourgogneFrancheComté","2020-03-20",770,770,2783039,612,1,1,.33,.33,0,1,1,1,1,0,1,1,1,2,1,1,20mar2020,5,3,2020,20,"BourgogneFrancheComté",0,74,4.304065,,6.416732,.1725655,,,0,.665,1,1,1,1,1
"FRA","BourgogneFrancheComté","2020-03-21",903,903,2783039,681,1,1,.33,.33,0,1,1,1,1,0,1,1,1,2,1,1,21mar2020,6,3,2020,21,"BourgogneFrancheComté",0,133,4.890349,.5862837,6.523562,.1068301,.6189693,,0,.665,1,1,1,1,1
"FRA","BourgogneFrancheComté","2020-03-22",1178,1178,2783039,762,1,1,.33,.33,0,1,1,1,1,0,1,1,1,2,1,1,22mar2020,0,3,2020,22,"BourgogneFrancheComté",0,275,5.616771,.7264223,6.635947,.1123843,.6189693,,0,.665,1,1,1,1,1
"FRA","BourgogneFrancheComté","2020-03-23",1347,1347,2783039,893,1,1,1,1,0,1,1,1,1,0,1,1,1,2,1,1,23mar2020,1,3,2020,23,"BourgogneFrancheComté",0,169,5.129899,,6.794587,.1586399,,,0,1,1,1,1,1,1
"FRA","BourgogneFrancheComté","2020-03-24",1510,1510,2783039,1002,1,1,1,1,0,1,1,1,1,0,1,1,1,2,1,1,24mar2020,2,3,2020,24,"BourgogneFrancheComté",0,163,5.09375,,6.909753,.1151667,,,0,1,1,1,1,1,1
"FRA","BourgogneFrancheComté","2020-03-25",1569,1569,2783039,1115,1,1,1,1,0,1,1,1,1,0,1,1,1,2,1,1,25mar2020,3,3,2020,25,"BourgogneFrancheComté",0,59,4.077538,,7.01661,.1068563,,,0,1,1,1,1,1,1
"FRA","BourgogneFrancheComté","2020-03-26",,,2783039,1234,1,1,1,1,0,1,1,1,1,0,1,1,1,2,1,1,26mar2020,4,3,2020,26,"BourgogneFrancheComté",0,,,,7.118016,.1014066,,,0,1,1,1,1,1,1
"FRA","BourgogneFrancheComté","2020-03-27",,,2783039,1414,1,1,1,1,0,1,1,1,1,0,1,1,1,2,1,1,27mar2020,5,3,2020,27,"BourgogneFrancheComté",0,,,,7.254178,.1361618,,,0,1,1,1,1,1,1
"FRA","BourgogneFrancheComté","2020-03-28",,,2783039,1543,1,1,1,1,0,1,1,1,1,0,1,1,1,2,1,1,28mar2020,6,3,2020,28,"BourgogneFrancheComté",0,,,,7.341484,.087306,,,0,1,1,1,1,1,1
"FRA","BourgogneFrancheComté","2020-03-29",,,2783039,1628,1,1,1,1,0,1,1,1,1,0,1,1,1,2,1,1,29mar2020,0,3,2020,29,"BourgogneFrancheComté",0,,,,7.395108,.0536237,,,0,1,1,1,1,1,1
"FRA","BourgogneFrancheComté","2020-03-30",,,2783039,1754,1,1,1,1,0,1,1,1,1,0,1,1,1,2,1,1,30mar2020,1,3,2020,30,"BourgogneFrancheComté",0,,,,7.469654,.0745463,,,0,1,1,1,1,1,1
"FRA","BourgogneFrancheComté","2020-03-31",,,2783039,1872,1,1,1,1,0,1,1,1,1,0,1,1,1,2,1,1,31mar2020,2,3,2020,31,"BourgogneFrancheComté",0,,,,7.534763,.0651088,,,0,1,1,1,1,1,1
"FRA","BourgogneFrancheComté","2020-04-01",,,2783039,1965,1,1,1,1,0,1,1,1,1,0,1,1,1,2,1,1,01apr2020,3,4,2020,1,"BourgogneFrancheComté",0,,,,7.583248,.0484848,,,0,1,1,1,1,1,1
"FRA","BourgogneFrancheComté","2020-04-02",,,2783039,2056,1,1,1,1,0,1,1,1,1,0,1,1,1,2,1,1,02apr2020,4,4,2020,2,"BourgogneFrancheComté",0,,,,7.628518,.04527,,,0,1,1,1,1,1,1
"FRA","BourgogneFrancheComté","2020-04-03",,,2783039,2180,1,1,1,1,0,1,1,1,1,0,1,1,1,2,1,1,03apr2020,5,4,2020,3,"BourgogneFrancheComté",0,,,,7.68708,.0585628,,,0,1,1,1,1,1,1
"FRA","BourgogneFrancheComté","2020-04-04",,,2783039,2268,1,1,1,1,0,1,1,1,1,0,1,1,1,2,1,1,04apr2020,6,4,2020,4,"BourgogneFrancheComté",0,,,,7.726654,.0395732,,,0,1,1,1,1,1,1
"FRA","BourgogneFrancheComté","2020-04-05",,,2783039,2341,1,1,1,1,0,1,1,1,1,0,1,1,1,2,1,1,05apr2020,0,4,2020,5,"BourgogneFrancheComté",0,,,,7.758334,.0316801,,,0,1,1,1,1,1,1
"FRA","BourgogneFrancheComté","2020-04-06",,,2783039,2420,1,1,1,1,0,1,1,1,1,0,1,1,1,2,1,1,06apr2020,1,4,2020,6,"BourgogneFrancheComté",0,,,,7.791523,.0331893,,,0,1,1,1,1,1,1
"FRA","Bretagne","2020-02-29",,3,3340379,0,0,0,0,0,0,0,0,0,0,0,0,1,0,5000,0,0,29feb2020,6,2,2020,29,"Bretagne",0,,,,,,,,0,0,1,0,0,0,0
"FRA","Bretagne","2020-03-01",,4,3340379,0,0,0,0,0,.2261917,0,0,0,0,0,0,1,0,2,0,0,01mar2020,0,3,2020,1,"Bretagne",0,,,,,,,,0,0,1,1,1,.4,0
"FRA","Bretagne","2020-03-02",13,13,3340379,0,0,0,0,0,.2261917,0,0,0,0,0,0,1,0,2,0,0,02mar2020,1,3,2020,2,"Bretagne",0,,,,,,,,0,0,1,1,1,.4,0
"FRA","Bretagne","2020-03-03",19,19,3340379,1,0,0,0,0,.2261917,0,0,0,0,0,0,1,0,2,0,0,03mar2020,2,3,2020,3,"Bretagne",0,6,1.791759,,0,,,,0,0,1,1,1,.4,0
"FRA","Bretagne","2020-03-04",23,23,3340379,1,0,0,0,0,.2261917,0,0,0,0,0,0,1,0,2,0,0,04mar2020,3,3,2020,4,"Bretagne",0,4,1.386294,,0,0,,,0,0,1,1,1,.4,0
"FRA","Bretagne","2020-03-05",29,29,3340379,1,0,0,0,0,.2261917,0,0,0,0,0,0,1,0,2,0,0,05mar2020,4,3,2020,5,"Bretagne",0,6,1.791759,.4054651,0,0,.6189693,,0,0,1,1,1,.4,0
"FRA","Bretagne","2020-03-06",32,32,3340379,3,0,0,0,0,.2261917,0,0,0,0,0,0,1,0,2,0,0,06mar2020,5,3,2020,6,"Bretagne",0,3,1.098612,,1.098612,1.098612,,,0,0,1,1,1,.4,0
"FRA","Bretagne","2020-03-07",40,40,3340379,3,0,0,0,0,.2261917,0,0,0,0,0,0,1,0,2,0,0,07mar2020,6,3,2020,7,"Bretagne",0,8,2.079442,.9808292,1.098612,0,.6189693,,0,0,1,1,1,.4,0
"FRA","Bretagne","2020-03-08",59,59,3340379,3,0,0,0,0,.2261917,0,0,0,0,0,0,1,0,2,0,0,08mar2020,0,3,2020,8,"Bretagne",0,19,2.944439,.8649974,1.098612,0,.6189693,,0,0,1,1,1,.4,0
"FRA","Bretagne","2020-03-09",71,71,3340379,3,0,0,0,0,.2261917,0,0,0,0,0,0,1,0,2,0,0,09mar2020,1,3,2020,9,"Bretagne",0,12,2.484907,,1.098612,0,,,0,0,1,1,1,.4,0
"FRA","Bretagne","2020-03-10",81,81,3340379,4,0,0,0,0,.2261917,0,0,0,0,0,0,1,0,2,0,0,10mar2020,2,3,2020,10,"Bretagne",0,10,2.302585,,1.386294,.2876821,,,0,0,1,1,1,.4,0
"FRA","Bretagne","2020-03-11",94,94,3340379,4,0,0,0,0,.2261917,0,0,.5,.5,0,0,1,0,2,1,.3239372,11mar2020,3,3,2020,11,"Bretagne",0,13,2.564949,.2623641,1.386294,0,.6189693,,0,0,1,1,1,.5,.3239372
"FRA","Bretagne","2020-03-12",117,117,3340379,7,0,0,0,0,.2261917,0,0,.5,.5,0,0,1,0,2,1,.3239372,12mar2020,4,3,2020,12,"Bretagne",0,23,3.135494,.570545,1.94591,.5596157,.6189693,,0,0,1,1,1,.5,.3239372
"FRA","Bretagne","2020-03-13",157,157,3340379,8,0,0,0,0,.2261917,0,0,.5,.5,0,0,1,0,2,1,.3239372,13mar2020,5,3,2020,13,"Bretagne",0,40,3.688879,.5533853,2.079442,.1335315,.6189693,,0,0,1,1,1,.5,.3239372
"FRA","Bretagne","2020-03-14",182,182,3340379,15,0,0,0,0,.2261917,0,0,.5,.5,0,0,1,0,2,1,.3239372,14mar2020,6,3,2020,14,"Bretagne",0,25,3.218876,,2.70805,.6286087,,,0,0,1,1,1,.5,.3239372
"FRA","Bretagne","2020-03-15",207,207,3340379,23,0,0,0,0,.2261917,0,0,.5,.5,0,1,1,1,2,1,.3239372,15mar2020,0,3,2020,15,"Bretagne",0,25,3.218876,0,3.135494,.427444,.6189693,,1,.5,1,1,1,.5,.3239372
"FRA","Bretagne","2020-03-16",233,233,3340379,37,0,0,0,0,.2261917,0,0,.5,.5,0,1,1,1,2,1,1,16mar2020,1,3,2020,16,"Bretagne",0,26,3.258096,.0392206,3.610918,.4754236,.6189693,,0,.5,1,1,1,.5,1
"FRA","Bretagne","2020-03-17",247,247,3340379,57,1,1,.33,.33,.2261917,1,1,1,1,0,1,1,1,2,1,1,17mar2020,2,3,2020,17,"Bretagne",0,14,2.639057,,4.043051,.4321334,,,0,.665,1,1,1,1,1
"FRA","Bretagne","2020-03-18",273,273,3340379,71,1,1,.33,.33,.2261917,1,1,1,1,0,1,1,1,2,1,1,18mar2020,3,3,2020,18,"Bretagne",0,26,3.258096,.6190391,4.26268,.2196288,.6189693,,0,.665,1,1,1,1,1
"FRA","Bretagne","2020-03-19",297,297,3340379,96,1,1,.33,.33,.2261917,1,1,1,1,0,1,1,1,2,1,1,19mar2020,4,3,2020,19,"Bretagne",0,24,3.178054,,4.564348,.3016682,,,0,.665,1,1,1,1,1
"FRA","Bretagne","2020-03-20",346,346,3340379,112,1,1,.33,.33,.2261917,1,1,1,1,0,1,1,1,2,1,1,20mar2020,5,3,2020,20,"Bretagne",0,49,3.89182,.7137663,4.718499,.1541505,.6189693,,0,.665,1,1,1,1,1
"FRA","Bretagne","2020-03-21",359,359,3340379,137,1,1,.33,.33,.2261917,1,1,1,1,0,1,1,1,2,1,1,21mar2020,6,3,2020,21,"Bretagne",0,13,2.564949,,4.919981,.2014823,,,0,.665,1,1,1,1,1
"FRA","Bretagne","2020-03-22",397,397,3340379,157,1,1,.33,.33,.2261917,1,1,1,1,0,1,1,1,2,1,1,22mar2020,0,3,2020,22,"Bretagne",0,38,3.637586,1.072637,5.056246,.1362648,.6189693,,0,.665,1,1,1,1,1
"FRA","Bretagne","2020-03-23",490,490,3340379,193,1,1,1,1,.2261917,1,1,1,1,0,1,1,1,2,1,1,23mar2020,1,3,2020,23,"Bretagne",0,93,4.532599,.8950133,5.26269,.2064443,.6189693,,0,1,1,1,1,1,1
"FRA","Bretagne","2020-03-24",526,526,3340379,228,1,1,1,1,.2261917,1,1,1,1,0,1,1,1,2,1,1,24mar2020,2,3,2020,24,"Bretagne",0,36,3.583519,,5.429346,.1666555,,,0,1,1,1,1,1,1
"FRA","Bretagne","2020-03-25",603,603,3340379,273,1,1,1,1,.2261917,1,1,1,1,0,1,1,1,2,1,1,25mar2020,3,3,2020,25,"Bretagne",0,77,4.343805,.7602863,5.609472,.1801262,.6189693,,0,1,1,1,1,1,1
"FRA","Bretagne","2020-03-26",,,3340379,313,1,1,1,1,.2261917,1,1,1,1,0,1,1,1,2,1,1,26mar2020,4,3,2020,26,"Bretagne",0,,,,5.746203,.1367316,,,0,1,1,1,1,1,1
"FRA","Bretagne","2020-03-27",,,3340379,358,1,1,1,1,.2261917,1,1,1,1,0,1,1,1,2,1,1,27mar2020,5,3,2020,27,"Bretagne",0,,,,5.880533,.1343298,,,0,1,1,1,1,1,1
"FRA","Bretagne","2020-03-28",,,3340379,403,1,1,1,1,.2261917,1,1,1,1,0,1,1,1,2,1,1,28mar2020,6,3,2020,28,"Bretagne",0,,,,5.998937,.1184034,,,0,1,1,1,1,1,1
"FRA","Bretagne","2020-03-29",,,3340379,432,1,1,1,1,.2261917,1,1,1,1,0,1,1,1,2,1,1,29mar2020,0,3,2020,29,"Bretagne",0,,,,6.068426,.069489,,,0,1,1,1,1,1,1
"FRA","Bretagne","2020-03-30",,,3340379,473,1,1,1,1,.2261917,1,1,1,1,0,1,1,1,2,1,1,30mar2020,1,3,2020,30,"Bretagne",0,,,,6.159095,.0906696,,,0,1,1,1,1,1,1
"FRA","Bretagne","2020-03-31",,,3340379,513,1,1,1,1,.2261917,1,1,1,1,0,1,1,1,2,1,1,31mar2020,2,3,2020,31,"Bretagne",0,,,,6.240276,.0811806,,,0,1,1,1,1,1,1
"FRA","Bretagne","2020-04-01",,,3340379,554,1,1,1,1,.2261917,1,1,1,1,0,1,1,1,2,1,1,01apr2020,3,4,2020,1,"Bretagne",0,,,,6.317165,.076889,,,0,1,1,1,1,1,1
"FRA","Bretagne","2020-04-02",,,3340379,593,1,1,1,1,.2261917,1,1,1,1,0,1,1,1,2,1,1,02apr2020,4,4,2020,2,"Bretagne",0,,,,6.385194,.0680294,,,0,1,1,1,1,1,1
"FRA","Bretagne","2020-04-03",,,3340379,627,1,1,1,1,.2261917,1,1,1,1,0,1,1,1,2,1,1,03apr2020,5,4,2020,3,"Bretagne",0,,,,6.440947,.0557523,,,0,1,1,1,1,1,1
"FRA","Bretagne","2020-04-04",,,3340379,660,1,1,1,1,.2261917,1,1,1,1,0,1,1,1,2,1,1,04apr2020,6,4,2020,4,"Bretagne",0,,,,6.49224,.0512934,,,0,1,1,1,1,1,1
"FRA","Bretagne","2020-04-05",,,3340379,698,1,1,1,1,.2261917,1,1,1,1,0,1,1,1,2,1,1,05apr2020,0,4,2020,5,"Bretagne",0,,,,6.548219,.0559793,,,0,1,1,1,1,1,1
"FRA","Bretagne","2020-04-06",,,3340379,733,1,1,1,1,.2261917,1,1,1,1,0,1,1,1,2,1,1,06apr2020,1,4,2020,6,"Bretagne",0,,,,6.597146,.0489264,,,0,1,1,1,1,1,1
"FRA","Centre","2020-02-29",,0,2559073,0,0,0,0,0,0,0,0,0,0,0,0,1,0,5000,0,0,29feb2020,6,2,2020,29,"Centre",0,,,,,,,,0,0,1,0,0,0,0
"FRA","Centre","2020-03-01",,0,2559073,0,0,0,0,0,0,0,0,0,0,0,0,1,0,5000,0,0,01mar2020,0,3,2020,1,"Centre",0,,,,,,,,0,0,1,0,0,0,0
"FRA","Centre","2020-03-06",11,11,2559073,0,0,0,0,0,0,0,0,0,0,0,0,1,0,5000,1,.2668505,06mar2020,5,3,2020,6,"Centre",0,,,,,,,,0,0,1,0,0,0,.2668505
"FRA","Centre","2020-03-07",16,16,2559073,0,0,0,0,0,0,0,0,0,0,0,0,1,0,5000,1,.2668505,07mar2020,6,3,2020,7,"Centre",0,5,1.609438,,,,,,0,0,1,0,0,0,.2668505
"FRA","Centre","2020-03-08",16,16,2559073,1,0,0,0,0,0,0,0,0,0,0,0,1,0,1000,1,.2668505,08mar2020,0,3,2020,8,"Centre",0,0,,,0,,,,0,0,1,1,0,.2,.2668505
"FRA","Centre","2020-03-09",17,17,2559073,2,0,0,0,0,0,0,0,0,0,0,0,1,0,1000,1,.2668505,09mar2020,1,3,2020,9,"Centre",0,1,0,,.6931472,.6931472,,,0,0,1,1,0,.2,.2668505
"FRA","Centre","2020-03-10",18,18,2559073,3,0,0,0,0,0,0,0,0,0,0,0,1,0,1000,1,.3949575,10mar2020,2,3,2020,10,"Centre",0,1,0,0,1.098612,.4054651,.6189693,,0,0,1,1,0,.2,.3949575
"FRA","Centre","2020-03-11",20,20,2559073,3,0,0,0,0,0,0,0,.5,.5,0,0,1,0,1000,1,.3949575,11mar2020,3,3,2020,11,"Centre",0,2,.6931472,.6931472,1.098612,0,.6189693,,0,0,1,1,0,.3,.3949575
"FRA","Centre","2020-03-12",30,30,2559073,4,0,0,0,0,0,0,0,.5,.5,0,0,1,0,1000,1,.5107822,12mar2020,4,3,2020,12,"Centre",0,10,2.302585,1.609438,1.386294,.2876821,.6189693,,0,0,1,1,0,.3,.5107822
"FRA","Centre","2020-03-13",33,33,2559073,5,0,0,0,0,0,0,0,.5,.5,0,0,1,0,100,1,.5107822,13mar2020,5,3,2020,13,"Centre",0,3,1.098612,,1.609438,.2231436,,,0,0,1,1,1,.5,.5107822
"FRA","Centre","2020-03-14",54,54,2559073,7,0,0,0,0,0,0,0,.5,.5,0,0,1,0,100,1,.5107822,14mar2020,6,3,2020,14,"Centre",0,21,3.044523,1.94591,1.94591,.3364722,.6189693,,0,0,1,1,1,.5,.5107822
"FRA","Centre","2020-03-15",71,71,2559073,12,0,0,0,0,0,0,0,.5,.5,0,1,1,1,100,1,.5107822,15mar2020,0,3,2020,15,"Centre",0,17,2.833213,,2.484907,.5389966,,,1,.5,1,1,1,.5,.5107822
"FRA","Centre","2020-03-16",90,90,2559073,18,0,0,0,0,0,0,0,.5,.5,0,1,1,1,100,1,1,16mar2020,1,3,2020,16,"Centre",0,19,2.944439,.1112256,2.890372,.4054651,.6189693,,0,.5,1,1,1,.5,1
"FRA","Centre","2020-03-17",103,103,2559073,28,1,1,.33,.33,0,1,1,1,1,0,1,1,1,2,1,1,17mar2020,2,3,2020,17,"Centre",0,13,2.564949,,3.332205,.4418328,,,0,.665,1,1,1,1,1
"FRA","Centre","2020-03-18",128,128,2559073,33,1,1,.33,.33,0,1,1,1,1,0,1,1,1,2,1,1,18mar2020,3,3,2020,18,"Centre",0,25,3.218876,.6539266,3.496508,.1643031,.6189693,,0,.665,1,1,1,1,1
"FRA","Centre","2020-03-19",157,157,2559073,46,1,1,.33,.33,0,1,1,1,1,0,1,1,1,2,1,1,19mar2020,4,3,2020,19,"Centre",0,29,3.367296,.1484199,3.828641,.3321338,.6189693,,0,.665,1,1,1,1,1
"FRA","Centre","2020-03-20",219,219,2559073,62,1,1,.33,.33,0,1,1,1,1,0,1,1,1,2,1,1,20mar2020,5,3,2020,20,"Centre",0,62,4.127134,.7598386,4.127134,.2984929,.6189693,,0,.665,1,1,1,1,1
"FRA","Centre","2020-03-21",254,254,2559073,79,1,1,.33,.33,0,1,1,1,1,0,1,1,1,2,1,1,21mar2020,6,3,2020,21,"Centre",0,35,3.555348,,4.369448,.2423134,,,0,.665,1,1,1,1,1
"FRA","Centre","2020-03-22",291,291,2559073,92,1,1,.33,.33,0,1,1,1,1,0,1,1,1,2,1,1,22mar2020,0,3,2020,22,"Centre",0,37,3.610918,.0555696,4.521789,.1523409,.6189693,,0,.665,1,1,1,1,1
"FRA","Centre","2020-03-23",361,361,2559073,114,1,1,1,1,0,1,1,1,1,0,1,1,1,2,1,1,23mar2020,1,3,2020,23,"Centre",0,70,4.248495,.6375773,4.736198,.2144098,.6189693,,0,1,1,1,1,1,1
"FRA","Centre","2020-03-24",450,450,2559073,128,1,1,1,1,0,1,1,1,1,0,1,1,1,2,1,1,24mar2020,2,3,2020,24,"Centre",0,89,4.488636,.2401414,4.85203,.1158319,.6189693,,0,1,1,1,1,1,1
"FRA","Centre","2020-03-25",561,561,2559073,141,1,1,1,1,0,1,1,1,1,0,1,1,1,2,1,1,25mar2020,3,3,2020,25,"Centre",0,111,4.70953,.2208939,4.94876,.0967298,.6189693,,0,1,1,1,1,1,1
"FRA","Centre","2020-03-26",,,2559073,158,1,1,1,1,0,1,1,1,1,0,1,1,1,2,1,1,26mar2020,4,3,2020,26,"Centre",0,,,,5.062595,.1138349,,,0,1,1,1,1,1,1
"FRA","Centre","2020-03-27",,,2559073,201,1,1,1,1,0,1,1,1,1,0,1,1,1,2,1,1,27mar2020,5,3,2020,27,"Centre",0,,,,5.303305,.2407098,,,0,1,1,1,1,1,1
"FRA","Centre","2020-03-28",,,2559073,234,1,1,1,1,0,1,1,1,1,0,1,1,1,2,1,1,28mar2020,6,3,2020,28,"Centre",0,,,,5.455321,.1520166,,,0,1,1,1,1,1,1
"FRA","Centre","2020-03-29",,,2559073,266,1,1,1,1,0,1,1,1,1,0,1,1,1,2,1,1,29mar2020,0,3,2020,29,"Centre",0,,,,5.583496,.1281748,,,0,1,1,1,1,1,1
"FRA","Centre","2020-03-30",,,2559073,314,1,1,1,1,0,1,1,1,1,0,1,1,1,2,1,1,30mar2020,1,3,2020,30,"Centre",0,,,,5.749393,.1658969,,,0,1,1,1,1,1,1
"FRA","Centre","2020-03-31",,,2559073,357,1,1,1,1,0,1,1,1,1,0,1,1,1,2,1,1,31mar2020,2,3,2020,31,"Centre",0,,,,5.877736,.1283426,,,0,1,1,1,1,1,1
"FRA","Centre","2020-04-01",,,2559073,393,1,1,1,1,0,1,1,1,1,0,1,1,1,2,1,1,01apr2020,3,4,2020,1,"Centre",0,,,,5.97381,.0960741,,,0,1,1,1,1,1,1
"FRA","Centre","2020-04-02",,,2559073,426,1,1,1,1,0,1,1,1,1,0,1,1,1,2,1,1,02apr2020,4,4,2020,2,"Centre",0,,,,6.05444,.0806298,,,0,1,1,1,1,1,1
"FRA","Centre","2020-04-03",,,2559073,465,1,1,1,1,0,1,1,1,1,0,1,1,1,2,1,1,03apr2020,5,4,2020,3,"Centre",0,,,,6.142037,.0875978,,,0,1,1,1,1,1,1
"FRA","Centre","2020-04-04",,,2559073,482,1,1,1,1,0,1,1,1,1,0,1,1,1,2,1,1,04apr2020,6,4,2020,4,"Centre",0,,,,6.177944,.0359068,,,0,1,1,1,1,1,1
"FRA","Centre","2020-04-05",,,2559073,498,1,1,1,1,0,1,1,1,1,0,1,1,1,2,1,1,05apr2020,0,4,2020,5,"Centre",0,,,,6.2106,.0326557,,,0,1,1,1,1,1,1
"FRA","Centre","2020-04-06",,,2559073,523,1,1,1,1,0,1,1,1,1,0,1,1,1,2,1,1,06apr2020,1,4,2020,6,"Centre",0,,,,6.259582,.0489817,,,0,1,1,1,1,1,1
"FRA","Corse","2020-02-29",,0,344679,0,0,0,0,0,0,0,0,0,0,0,0,1,0,5000,0,0,29feb2020,6,2,2020,29,"Corse",0,,,,,,,,0,0,1,0,0,0,0
"FRA","Corse","2020-03-01",,0,344679,3,0,0,0,0,0,0,0,0,0,0,0,1,0,5000,0,0,01mar2020,0,3,2020,1,"Corse",0,,,,1.098612,,,,0,0,1,0,0,0,0
"FRA","Corse","2020-03-09",28,28,344679,107,1,.471224,0,0,0,1,.471224,0,0,0,0,1,0,1000,1,.471224,09mar2020,1,3,2020,9,"Corse",0,,,,4.672829,,,,0,0,1,1,0,.3884896,.471224
"FRA","Corse","2020-03-10",42,42,344679,121,1,.471224,0,0,0,1,.471224,0,0,0,0,1,0,1000,1,.471224,10mar2020,2,3,2020,10,"Corse",0,14,2.639057,,4.795791,.122962,,,0,0,1,1,0,.3884896,.471224
"FRA","Corse","2020-03-11",51,51,344679,140,1,.471224,0,0,0,1,.471224,.5,.5,0,0,1,0,1000,1,.471224,11mar2020,3,3,2020,11,"Corse",0,9,2.197225,,4.941642,.1458516,,,0,0,1,1,0,.4884896,.471224
"FRA","Corse","2020-03-12",64,64,344679,166,1,.471224,0,0,0,1,.471224,.5,.5,0,0,1,0,1000,1,.471224,12mar2020,4,3,2020,12,"Corse",0,13,2.564949,.3677247,5.111988,.1703453,.6189693,,0,0,1,1,0,.4884896,.471224
"FRA","Corse","2020-03-13",85,85,344679,204,1,.471224,0,0,0,1,.471224,.5,.5,0,0,1,0,100,1,.471224,13mar2020,5,3,2020,13,"Corse",0,21,3.044523,.4795732,5.31812,.2061324,.6189693,,0,0,1,1,1,.6884896,.471224
"FRA","Corse","2020-03-14",106,106,344679,224,1,.471224,0,0,0,1,.471224,.5,.5,0,0,1,0,100,1,.471224,14mar2020,6,3,2020,14,"Corse",0,21,3.044523,0,5.411646,.0935259,.6189693,,0,0,1,1,1,.6884896,.471224
"FRA","Corse","2020-03-15",115,115,344679,259,1,.471224,0,0,0,1,.471224,.5,.5,0,1,1,1,100,1,.471224,15mar2020,0,3,2020,15,"Corse",0,9,2.197225,,5.556828,.1451821,,,1,.5,1,1,1,.6884896,.471224
"FRA","Corse","2020-03-16",126,126,344679,294,1,.471224,0,0,0,1,.471224,.5,.5,0,1,1,1,100,1,1,16mar2020,1,3,2020,16,"Corse",0,11,2.397895,.2006707,5.68358,.1267519,.6189693,,0,.5,1,1,1,.6884896,1
"FRA","Corse","2020-03-17",145,145,344679,327,1,1,.33,.33,0,1,1,1,1,0,1,1,1,2,1,1,17mar2020,2,3,2020,17,"Corse",0,19,2.944439,.5465436,5.78996,.1063805,.6189693,,0,.665,1,1,1,1,1
"FRA","Corse","2020-03-18",152,152,344679,354,1,1,.33,.33,0,1,1,1,1,0,1,1,1,2,1,1,18mar2020,3,3,2020,18,"Corse",0,7,1.94591,,5.869297,.0793366,,,0,.665,1,1,1,1,1
"FRA","Corse","2020-03-19",162,162,344679,393,1,1,.33,.33,0,1,1,1,1,0,1,1,1,2,1,1,19mar2020,4,3,2020,19,"Corse",0,10,2.302585,.356675,5.97381,.1045127,.6189693,,0,.665,1,1,1,1,1
"FRA","Corse","2020-03-20",168,168,344679,432,1,1,.33,.33,0,1,1,1,1,0,1,1,1,2,1,1,20mar2020,5,3,2020,20,"Corse",0,6,1.791759,,6.068426,.0946159,,,0,.665,1,1,1,1,1
"FRA","Corse","2020-03-21",173,173,344679,456,1,1,.33,.33,0,1,1,1,1,0,1,1,1,2,1,1,21mar2020,6,3,2020,21,"Corse",0,5,1.609438,,6.122493,.0540671,,,0,.665,1,1,1,1,1
"FRA","Corse","2020-03-22",183,183,344679,496,1,1,.33,.33,0,1,1,1,1,0,1,1,1,2,1,1,22mar2020,0,3,2020,22,"Corse",0,10,2.302585,.6931472,6.206576,.0840831,.6189693,,0,.665,1,1,1,1,1
"FRA","Corse","2020-03-23",194,194,344679,587,1,1,1,1,0,1,1,1,1,0,1,1,1,2,1,1,23mar2020,1,3,2020,23,"Corse",0,11,2.397895,.0953102,6.375025,.1684489,.6189693,,0,1,1,1,1,1,1
"FRA","Corse","2020-03-24",217,217,344679,682,1,1,1,1,0,1,1,1,1,0,1,1,1,2,1,1,24mar2020,2,3,2020,24,"Corse",0,23,3.135494,.7375989,6.52503,.1500049,.6189693,,0,1,1,1,1,1,1
"FRA","Corse","2020-03-25",225,225,344679,729,1,1,1,1,0,1,1,1,1,0,1,1,1,2,1,1,25mar2020,3,3,2020,25,"Corse",0,8,2.079442,,6.591674,.0666442,,,0,1,1,1,1,1,1
"FRA","Corse","2020-03-26",,,344679,796,1,1,1,1,0,1,1,1,1,0,1,1,1,2,1,1,26mar2020,4,3,2020,26,"Corse",0,,,,6.679599,.0879254,,,0,1,1,1,1,1,1
"FRA","Corse","2020-03-27",,,344679,864,1,1,1,1,0,1,1,1,1,0,1,1,1,2,1,1,27mar2020,5,3,2020,27,"Corse",0,,,,6.761573,.0819736,,,0,1,1,1,1,1,1
"FRA","Corse","2020-03-28",,,344679,905,1,1,1,1,0,1,1,1,1,0,1,1,1,2,1,1,28mar2020,6,3,2020,28,"Corse",0,,,,6.807935,.0463619,,,0,1,1,1,1,1,1
"FRA","Corse","2020-03-29",,,344679,949,1,1,1,1,0,1,1,1,1,0,1,1,1,2,1,1,29mar2020,0,3,2020,29,"Corse",0,,,,6.855409,.0474739,,,0,1,1,1,1,1,1
"FRA","Corse","2020-03-30",,,344679,1002,1,1,1,1,0,1,1,1,1,0,1,1,1,2,1,1,30mar2020,1,3,2020,30,"Corse",0,,,,6.909753,.0543447,,,0,1,1,1,1,1,1
"FRA","Corse","2020-03-31",,,344679,1042,1,1,1,1,0,1,1,1,1,0,1,1,1,2,1,1,31mar2020,2,3,2020,31,"Corse",0,,,,6.948897,.039144,,,0,1,1,1,1,1,1
"FRA","Corse","2020-04-01",,,344679,1089,1,1,1,1,0,1,1,1,1,0,1,1,1,2,1,1,01apr2020,3,4,2020,1,"Corse",0,,,,6.993015,.0441179,,,0,1,1,1,1,1,1
"FRA","Corse","2020-04-02",,,344679,1132,1,1,1,1,0,1,1,1,1,0,1,1,1,2,1,1,02apr2020,4,4,2020,2,"Corse",0,,,,7.031741,.0387259,,,0,1,1,1,1,1,1
"FRA","Corse","2020-04-03",,,344679,1160,1,1,1,1,0,1,1,1,1,0,1,1,1,2,1,1,03apr2020,5,4,2020,3,"Corse",0,,,,7.056175,.0244341,,,0,1,1,1,1,1,1
"FRA","Corse","2020-04-04",,,344679,1165,1,1,1,1,0,1,1,1,1,0,1,1,1,2,1,1,04apr2020,6,4,2020,4,"Corse",0,,,,7.060476,.0043011,,,0,1,1,1,1,1,1
"FRA","Corse","2020-04-05",,,344679,1179,1,1,1,1,0,1,1,1,1,0,1,1,1,2,1,1,05apr2020,0,4,2020,5,"Corse",0,,,,7.072422,.0119457,,,0,1,1,1,1,1,1
"FRA","Corse","2020-04-06",,,344679,1199,1,1,1,1,0,1,1,1,1,0,1,1,1,2,1,1,06apr2020,1,4,2020,6,"Corse",0,,,,7.089243,.0168209,,,0,1,1,1,1,1,1
"FRA","GrandEst","2020-02-29",,2,5511747,1,0,0,0,0,0,0,0,0,0,0,0,1,0,5000,0,0,29feb2020,6,2,2020,29,"GrandEst",0,,,,0,,,,0,0,1,0,0,0,0
"FRA","GrandEst","2020-03-01",,5,5511747,1,0,0,0,0,0,0,0,0,0,0,0,1,0,5000,0,0,01mar2020,0,3,2020,1,"GrandEst",0,,,,0,0,,,0,0,1,0,0,0,0
"FRA","GrandEst","2020-03-02",12,12,5511747,2,0,0,0,0,0,0,0,0,0,0,0,1,0,5000,0,0,02mar2020,1,3,2020,2,"GrandEst",0,,,,.6931472,.6931472,,,0,0,1,0,0,0,0
"FRA","GrandEst","2020-03-03",13,13,5511747,4,0,0,0,0,0,0,0,0,0,0,0,1,0,5000,0,0,03mar2020,2,3,2020,3,"GrandEst",0,1,0,,1.386294,.6931472,,,0,0,1,0,0,0,0
"FRA","GrandEst","2020-03-04",38,38,5511747,8,0,0,0,0,0,0,0,0,0,0,0,1,0,5000,1,.1384686,04mar2020,3,3,2020,4,"GrandEst",0,25,3.218876,3.218876,2.079442,.6931472,.6189693,,0,0,1,0,0,0,.1384686
"FRA","GrandEst","2020-03-05",77,77,5511747,16,0,0,0,0,0,0,0,0,0,0,0,1,0,5000,1,.1384686,05mar2020,4,3,2020,5,"GrandEst",0,39,3.663562,.4446857,2.772589,.6931472,.6189693,,0,0,1,0,0,0,.1384686
"FRA","GrandEst","2020-03-06",136,136,5511747,30,1,.1384686,0,0,0,1,.1384686,.5,.0692343,0,0,1,0,5000,1,.1384686,06mar2020,5,3,2020,6,"GrandEst",0,59,4.077538,.413976,3.401197,.6286087,.6189693,,0,0,1,0,0,.0692343,.1384686
"FRA","GrandEst","2020-03-07",250,250,5511747,53,1,.1384686,0,0,0,1,.1384686,.5,.0692343,0,0,1,0,5000,1,.1384686,07mar2020,6,3,2020,7,"GrandEst",0,114,4.736198,.6586609,3.970292,.5690944,.6189693,,0,0,1,0,0,.0692343,.1384686
"FRA","GrandEst","2020-03-08",250,250,5511747,66,1,.1384686,0,0,0,1,.1384686,.5,.0692343,0,0,1,0,1000,1,.1384686,08mar2020,0,3,2020,8,"GrandEst",0,0,,,4.189655,.219363,,,0,0,1,1,0,.2692343,.1384686
"FRA","GrandEst","2020-03-09",310,310,5511747,86,1,.1384686,0,0,0,1,.1384686,.5,.0692343,0,0,1,0,1000,1,.1384686,09mar2020,1,3,2020,9,"GrandEst",0,60,4.094345,,4.454347,.2646923,,,0,0,1,1,0,.2692343,.1384686
"FRA","GrandEst","2020-03-10",464,464,5511747,116,1,.1384686,0,0,0,1,.1384686,.5,.0692343,0,0,1,0,1000,1,.1384686,10mar2020,2,3,2020,10,"GrandEst",0,154,5.036952,.9426079,4.75359,.299243,.6189693,,0,0,1,1,0,.2692343,.1384686
"FRA","GrandEst","2020-03-11",578,578,5511747,152,1,.1384686,0,0,0,1,.1384686,1,.5692343,0,0,1,0,1000,1,.1384686,11mar2020,3,3,2020,11,"GrandEst",0,114,4.736198,,5.02388,.2702904,,,0,0,1,1,0,.3692343,.1384686
"FRA","GrandEst","2020-03-12",699,699,5511747,181,1,.1384686,0,0,0,1,.1384686,1,.5692343,0,0,1,0,1000,1,.1384686,12mar2020,4,3,2020,12,"GrandEst",0,121,4.795791,.0595922,5.198497,.1746163,.6189693,,0,0,1,1,0,.3692343,.1384686
"FRA","GrandEst","2020-03-13",911,911,5511747,238,1,.1384686,0,0,0,1,.1384686,1,.5692343,0,0,1,0,100,1,.1384686,13mar2020,5,3,2020,13,"GrandEst",0,212,5.356586,.5607958,5.47227,.2737737,.6189693,,0,0,1,1,1,.5692343,.1384686
"FRA","GrandEst","2020-03-14",1085,1085,5511747,301,1,.1384686,0,0,0,1,.2054897,1,.5692343,0,0,1,0,100,1,.1384686,14mar2020,6,3,2020,14,"GrandEst",0,174,5.159055,,5.70711,.2348399,,,0,0,1,1,1,.5826385,.1384686
"FRA","GrandEst","2020-03-15",1378,1378,5511747,378,1,.1384686,0,0,0,1,.2054897,1,.5692343,0,1,1,1,100,1,.1384686,15mar2020,0,3,2020,15,"GrandEst",0,293,5.680172,.5211172,5.934894,.2277837,.6189693,,1,.5,1,1,1,.5826385,.1384686
"FRA","GrandEst","2020-03-16",1543,1543,5511747,503,1,.1384686,0,0,0,1,.2054897,1,.5692343,0,1,1,1,100,1,1,16mar2020,1,3,2020,16,"GrandEst",0,165,5.105946,,6.22059,.285696,,,0,.5,1,1,1,.5826385,1
"FRA","GrandEst","2020-03-17",1820,1820,5511747,605,1,1,.33,.33,0,1,1,1,1,0,1,1,1,2,1,1,17mar2020,2,3,2020,17,"GrandEst",0,277,5.624018,.5180721,6.405229,.1846385,.6189693,,0,.665,1,1,1,1,1
"FRA","GrandEst","2020-03-18",2163,2163,5511747,753,1,1,.33,.33,0,1,1,1,1,0,1,1,1,2,1,1,18mar2020,3,3,2020,18,"GrandEst",0,343,5.83773,.2137127,6.624065,.2188368,.6189693,,0,.665,1,1,1,1,1
"FRA","GrandEst","2020-03-19",2643,2643,5511747,899,1,1,.33,.33,0,1,1,1,1,0,1,1,1,2,1,1,19mar2020,4,3,2020,19,"GrandEst",0,480,6.173786,.3360558,6.801283,.1772175,.6189693,,0,.665,1,1,1,1,1
"FRA","GrandEst","2020-03-20",3006,3006,5511747,1111,1,1,.33,.33,0,1,1,1,1,0,1,1,1,2,1,1,20mar2020,5,3,2020,20,"GrandEst",0,363,5.894403,,7.013016,.2117329,,,0,.665,1,1,1,1,1
"FRA","GrandEst","2020-03-21",3089,3089,5511747,1301,1,1,.33,.33,0,1,1,1,1,0,1,1,1,2,1,1,21mar2020,6,3,2020,21,"GrandEst",0,83,4.41884,,7.170888,.1578727,,,0,.665,1,1,1,1,1
"FRA","GrandEst","2020-03-22",3395,3395,5511747,1508,1,1,.33,.33,0,1,1,1,1,0,1,1,1,2,1,1,22mar2020,0,3,2020,22,"GrandEst",0,306,5.723585,1.304745,7.31854,.1476512,.6189693,,0,.665,1,1,1,1,1
"FRA","GrandEst","2020-03-23",4256,4256,5511747,1871,1,1,1,1,0,1,1,1,1,0,1,1,1,2,1,1,23mar2020,1,3,2020,23,"GrandEst",0,861,6.758094,1.034509,7.534228,.2156887,.6189693,,0,1,1,1,1,1,1
"FRA","GrandEst","2020-03-24",4922,4922,5511747,2157,1,1,1,1,0,1,1,1,1,0,1,1,1,2,1,1,24mar2020,2,3,2020,24,"GrandEst",0,666,6.50129,,7.676474,.1422453,,,0,1,1,1,1,1,1
"FRA","GrandEst","2020-03-25",5479,5479,5511747,2437,1,1,1,1,0,1,1,1,1,0,1,1,1,2,1,1,25mar2020,3,3,2020,25,"GrandEst",0,557,6.322565,,7.798523,.1220493,,,0,1,1,1,1,1,1
"FRA","GrandEst","2020-03-26",,,5511747,2738,1,1,1,1,0,1,1,1,1,0,1,1,1,2,1,1,26mar2020,4,3,2020,26,"GrandEst",0,,,,7.914983,.1164598,,,0,1,1,1,1,1,1
"FRA","GrandEst","2020-03-27",,,5511747,3088,1,1,1,1,0,1,1,1,1,0,1,1,1,2,1,1,27mar2020,5,3,2020,27,"GrandEst",0,,,,8.035279,.1202965,,,0,1,1,1,1,1,1
"FRA","GrandEst","2020-03-28",,,5511747,3362,1,1,1,1,0,1,1,1,1,0,1,1,1,2,1,1,28mar2020,6,3,2020,28,"GrandEst",0,,,,8.120292,.0850124,,,0,1,1,1,1,1,1
"FRA","GrandEst","2020-03-29",,,5511747,3564,1,1,1,1,0,1,1,1,1,0,1,1,1,2,1,1,29mar2020,0,3,2020,29,"GrandEst",0,,,,8.178638,.0583467,,,0,1,1,1,1,1,1
"FRA","GrandEst","2020-03-30",,,5511747,3887,1,1,1,1,0,1,1,1,1,0,1,1,1,2,1,1,30mar2020,1,3,2020,30,"GrandEst",0,,,,8.265393,.0867548,,,0,1,1,1,1,1,1
"FRA","GrandEst","2020-03-31",,,5511747,4150,1,1,1,1,0,1,1,1,1,0,1,1,1,2,1,1,31mar2020,2,3,2020,31,"GrandEst",0,,,,8.330864,.0654707,,,0,1,1,1,1,1,1
"FRA","GrandEst","2020-04-01",,,5511747,4370,1,1,1,1,0,1,1,1,1,0,1,1,1,2,1,1,01apr2020,3,4,2020,1,"GrandEst",0,,,,8.382518,.0516539,,,0,1,1,1,1,1,1
"FRA","GrandEst","2020-04-02",,,5511747,4590,1,1,1,1,0,1,1,1,1,0,1,1,1,2,1,1,02apr2020,4,4,2020,2,"GrandEst",0,,,,8.431635,.0491171,,,0,1,1,1,1,1,1
"FRA","GrandEst","2020-04-03",,,5511747,4831,1,1,1,1,0,1,1,1,1,0,1,1,1,2,1,1,03apr2020,5,4,2020,3,"GrandEst",0,,,,8.482809,.0511742,,,0,1,1,1,1,1,1
"FRA","GrandEst","2020-04-04",,,5511747,4976,1,1,1,1,0,1,1,1,1,0,1,1,1,2,1,1,04apr2020,6,4,2020,4,"GrandEst",0,,,,8.512382,.0295725,,,0,1,1,1,1,1,1
"FRA","GrandEst","2020-04-05",,,5511747,5079,1,1,1,1,0,1,1,1,1,0,1,1,1,2,1,1,05apr2020,0,4,2020,5,"GrandEst",0,,,,8.532869,.0204878,,,0,1,1,1,1,1,1
"FRA","GrandEst","2020-04-06",,,5511747,5221,1,1,1,1,0,1,1,1,1,0,1,1,1,2,1,1,06apr2020,1,4,2020,6,"GrandEst",0,,,,8.560444,.0275745,,,0,1,1,1,1,1,1
"FRA","HautsdeFrance","2020-02-29",,17,5962662,0,0,0,0,0,.1383739,0,0,0,0,0,0,1,0,2,0,0,29feb2020,6,2,2020,29,"HautsdeFrance",0,,,,,,,,0,0,1,1,1,.4,0
"FRA","HautsdeFrance","2020-03-01",,23,5962662,3,0,0,0,0,.1383739,0,0,0,0,0,0,1,0,2,0,0,01mar2020,0,3,2020,1,"HautsdeFrance",0,,,,1.098612,,,,0,0,1,1,1,.4,0
"FRA","HautsdeFrance","2020-03-02",45,45,5962662,8,0,0,0,0,.1383739,0,0,0,0,0,0,1,0,2,0,0,02mar2020,1,3,2020,2,"HautsdeFrance",0,,,,2.079442,.9808292,,,0,0,1,1,1,.4,0
"FRA","HautsdeFrance","2020-03-03",59,59,5962662,9,0,0,0,0,.1383739,0,0,0,0,0,0,1,0,2,0,0,03mar2020,2,3,2020,3,"HautsdeFrance",0,14,2.639057,,2.197225,.1177831,,,0,0,1,1,1,.4,0
"FRA","HautsdeFrance","2020-03-04",65,65,5962662,10,0,0,0,0,.1383739,0,0,0,0,0,0,1,0,2,0,0,04mar2020,3,3,2020,4,"HautsdeFrance",0,6,1.791759,,2.302585,.1053605,,,0,0,1,1,1,.4,0
"FRA","HautsdeFrance","2020-03-05",74,74,5962662,13,0,0,0,0,.1383739,0,0,0,0,0,0,1,0,2,0,0,05mar2020,4,3,2020,5,"HautsdeFrance",0,9,2.197225,.4054651,2.564949,.2623641,.6189693,,0,0,1,1,1,.4,0
"FRA","HautsdeFrance","2020-03-06",97,97,5962662,15,0,0,0,0,.1383739,0,0,0,0,0,0,1,0,2,1,.4342,06mar2020,5,3,2020,6,"HautsdeFrance",0,23,3.135494,.9382696,2.70805,.143101,.6189693,,0,0,1,1,1,.4,.4342
"FRA","HautsdeFrance","2020-03-07",173,173,5962662,18,0,0,0,0,.1383739,0,0,0,0,0,0,1,0,2,1,.4342,07mar2020,6,3,2020,7,"HautsdeFrance",0,76,4.330733,1.195239,2.890372,.1823215,.6189693,,0,0,1,1,1,.4,.4342
"FRA","HautsdeFrance","2020-03-08",173,173,5962662,21,0,0,0,0,.1383739,0,0,0,0,0,0,1,0,2,1,.4342,08mar2020,0,3,2020,8,"HautsdeFrance",0,0,,,3.044523,.1541507,,,0,0,1,1,1,.4,.4342
"FRA","HautsdeFrance","2020-03-09",181,181,5962662,27,0,0,0,0,.1383739,1,.1383739,0,0,0,0,1,0,2,1,.4342,09mar2020,1,3,2020,9,"HautsdeFrance",0,8,2.079442,,3.295837,.2513144,,,0,0,1,1,1,.4276748,.4342
"FRA","HautsdeFrance","2020-03-10",209,209,5962662,37,0,0,0,0,.1383739,1,.1383739,0,0,0,0,1,0,2,1,.5297562,10mar2020,2,3,2020,10,"HautsdeFrance",0,28,3.332205,1.252763,3.610918,.3150809,.6189693,,0,0,1,1,1,.4276748,.5297562
"FRA","HautsdeFrance","2020-03-11",263,263,5962662,50,0,0,0,0,.1383739,1,.1383739,.5,.5,0,0,1,0,2,1,.5297562,11mar2020,3,3,2020,11,"HautsdeFrance",0,54,3.988984,.6567795,3.912023,.3011053,.6189693,,0,0,1,1,1,.5276748,.5297562
"FRA","HautsdeFrance","2020-03-12",349,349,5962662,60,0,0,0,0,.1383739,1,.1383739,.5,.5,0,0,1,0,2,1,.5297562,12mar2020,4,3,2020,12,"HautsdeFrance",0,86,4.454347,.465363,4.094345,.1823215,.6189693,,0,0,1,1,1,.5276748,.5297562
"FRA","HautsdeFrance","2020-03-13",417,417,5962662,80,0,0,0,0,.1383739,1,.1383739,.5,.5,0,0,1,0,2,1,.5297562,13mar2020,5,3,2020,13,"HautsdeFrance",0,68,4.219508,,4.382027,.2876821,,,0,0,1,1,1,.5276748,.5297562
"FRA","HautsdeFrance","2020-03-14",466,466,5962662,100,0,0,0,0,.1383739,1,.1383739,.5,.5,0,0,1,0,2,1,.5297562,14mar2020,6,3,2020,14,"HautsdeFrance",0,49,3.89182,,4.60517,.2231436,,,0,0,1,1,1,.5276748,.5297562
"FRA","HautsdeFrance","2020-03-15",507,507,5962662,120,0,0,0,0,.1383739,1,.1383739,.5,.5,0,1,1,1,2,1,.5297562,15mar2020,0,3,2020,15,"HautsdeFrance",0,41,3.713572,,4.787492,.1823215,,,1,.5,1,1,1,.5276748,.5297562
"FRA","HautsdeFrance","2020-03-16",585,585,5962662,153,0,0,0,0,.1383739,1,.1383739,.5,.5,0,1,1,1,2,1,1,16mar2020,1,3,2020,16,"HautsdeFrance",0,78,4.356709,.643137,5.030438,.2429461,.6189693,,0,.5,1,1,1,.5276748,1
"FRA","HautsdeFrance","2020-03-17",612,612,5962662,195,1,1,.33,.33,.1383739,1,1,1,1,0,1,1,1,2,1,1,17mar2020,2,3,2020,17,"HautsdeFrance",0,27,3.295837,,5.273,.2425618,,,0,.665,1,1,1,1,1
"FRA","HautsdeFrance","2020-03-18",665,665,5962662,245,1,1,.33,.33,.1383739,1,1,1,1,0,1,1,1,2,1,1,18mar2020,3,3,2020,18,"HautsdeFrance",0,53,3.970292,.6744549,5.501258,.2282586,.6189693,,0,.665,1,1,1,1,1
"FRA","HautsdeFrance","2020-03-19",700,700,5962662,295,1,1,.33,.33,.1383739,1,1,1,1,0,1,1,1,2,1,1,19mar2020,4,3,2020,19,"HautsdeFrance",0,35,3.555348,,5.686975,.1857171,,,0,.665,1,1,1,1,1
"FRA","HautsdeFrance","2020-03-20",759,759,5962662,353,1,1,.33,.33,.1383739,1,1,1,1,0,1,1,1,2,1,1,20mar2020,5,3,2020,20,"HautsdeFrance",0,59,4.077538,.5221894,5.866468,.1794925,.6189693,,0,.665,1,1,1,1,1
"FRA","HautsdeFrance","2020-03-21",791,791,5962662,405,1,1,.33,.33,.1383739,1,1,1,1,0,1,1,1,2,1,1,21mar2020,6,3,2020,21,"HautsdeFrance",0,32,3.465736,,6.003887,.1374192,,,0,.665,1,1,1,1,1
"FRA","HautsdeFrance","2020-03-22",936,936,5962662,453,1,1,.33,.33,.1383739,1,1,1,1,0,1,1,1,2,1,1,22mar2020,0,3,2020,22,"HautsdeFrance",0,145,4.976734,1.510998,6.115892,.1120048,.6189693,,0,.665,1,1,1,1,1
"FRA","HautsdeFrance","2020-03-23",1269,1269,5962662,565,1,1,1,1,.1383739,1,1,1,1,0,1,1,1,2,1,1,23mar2020,1,3,2020,23,"HautsdeFrance",0,333,5.808143,.831409,6.336826,.2209339,.6189693,,0,1,1,1,1,1,1
"FRA","HautsdeFrance","2020-03-24",1532,1532,5962662,663,1,1,1,1,.1383739,1,1,1,1,0,1,1,1,2,1,1,24mar2020,2,3,2020,24,"HautsdeFrance",0,263,5.572154,,6.496775,.1599493,,,0,1,1,1,1,1,1
"FRA","HautsdeFrance","2020-03-25",1753,1753,5962662,770,1,1,1,1,.1383739,1,1,1,1,0,1,1,1,2,1,1,25mar2020,3,3,2020,25,"HautsdeFrance",0,221,5.398163,,6.64639,.1496153,,,0,1,1,1,1,1,1
"FRA","HautsdeFrance","2020-03-26",,,5962662,894,1,1,1,1,.1383739,1,1,1,1,0,1,1,1,2,1,1,26mar2020,4,3,2020,26,"HautsdeFrance",0,,,,6.795706,.1493154,,,0,1,1,1,1,1,1
"FRA","HautsdeFrance","2020-03-27",,,5962662,1032,1,1,1,1,.1383739,1,1,1,1,0,1,1,1,2,1,1,27mar2020,5,3,2020,27,"HautsdeFrance",0,,,,6.939254,.143548,,,0,1,1,1,1,1,1
"FRA","HautsdeFrance","2020-03-28",,,5962662,1146,1,1,1,1,.1383739,1,1,1,1,0,1,1,1,2,1,1,28mar2020,6,3,2020,28,"HautsdeFrance",0,,,,7.044033,.1047792,,,0,1,1,1,1,1,1
"FRA","HautsdeFrance","2020-03-29",,,5962662,1241,1,1,1,1,.1383739,1,1,1,1,0,1,1,1,2,1,1,29mar2020,0,3,2020,29,"HautsdeFrance",0,,,,7.123673,.0796399,,,0,1,1,1,1,1,1
"FRA","HautsdeFrance","2020-03-30",,,5962662,1378,1,1,1,1,.1383739,1,1,1,1,0,1,1,1,2,1,1,30mar2020,1,3,2020,30,"HautsdeFrance",0,,,,7.228388,.1047153,,,0,1,1,1,1,1,1
"FRA","HautsdeFrance","2020-03-31",,,5962662,1492,1,1,1,1,.1383739,1,1,1,1,0,1,1,1,2,1,1,31mar2020,2,3,2020,31,"HautsdeFrance",0,,,,7.307873,.0794845,,,0,1,1,1,1,1,1
"FRA","HautsdeFrance","2020-04-01",,,5962662,1583,1,1,1,1,.1383739,1,1,1,1,0,1,1,1,2,1,1,01apr2020,3,4,2020,1,"HautsdeFrance",0,,,,7.367077,.0592041,,,0,1,1,1,1,1,1
"FRA","HautsdeFrance","2020-04-02",,,5962662,1689,1,1,1,1,.1383739,1,1,1,1,0,1,1,1,2,1,1,02apr2020,4,4,2020,2,"HautsdeFrance",0,,,,7.431892,.064815,,,0,1,1,1,1,1,1
"FRA","HautsdeFrance","2020-04-03",,,5962662,1803,1,1,1,1,.1383739,1,1,1,1,0,1,1,1,2,1,1,03apr2020,5,4,2020,3,"HautsdeFrance",0,,,,7.497207,.0653152,,,0,1,1,1,1,1,1
"FRA","HautsdeFrance","2020-04-04",,,5962662,1886,1,1,1,1,.1383739,1,1,1,1,0,1,1,1,2,1,1,04apr2020,6,4,2020,4,"HautsdeFrance",0,,,,7.542213,.0450063,,,0,1,1,1,1,1,1
"FRA","HautsdeFrance","2020-04-05",,,5962662,1956,1,1,1,1,.1383739,1,1,1,1,0,1,1,1,2,1,1,05apr2020,0,4,2020,5,"HautsdeFrance",0,,,,7.578657,.0364432,,,0,1,1,1,1,1,1
"FRA","HautsdeFrance","2020-04-06",,,5962662,2013,1,1,1,1,.1383739,1,1,1,1,0,1,1,1,2,1,1,06apr2020,1,4,2020,6,"HautsdeFrance",0,,,,7.607381,.0287247,,,0,1,1,1,1,1,1
"FRA","IledeFrance","2020-02-29",,14,12278210,1,0,0,0,0,0,0,0,0,0,0,0,1,0,5000,0,0,29feb2020,6,2,2020,29,"IledeFrance",1,,,,0,,,,0,0,1,0,0,0,0
"FRA","IledeFrance","2020-03-01",,20,12278210,1,0,0,0,0,0,0,0,0,0,0,0,1,0,5000,0,0,01mar2020,0,3,2020,1,"IledeFrance",1,,,,0,0,,,0,0,1,0,0,0,0
"FRA","IledeFrance","2020-03-02",34,34,12278210,6,0,0,0,0,0,0,0,0,0,0,0,1,0,5000,0,0,02mar2020,1,3,2020,2,"IledeFrance",1,,,,1.791759,1.791759,,,0,0,1,0,0,0,0
"FRA","IledeFrance","2020-03-03",37,37,12278210,12,0,0,0,0,0,0,0,0,0,0,0,1,0,5000,0,0,03mar2020,2,3,2020,3,"IledeFrance",1,3,1.098612,,2.484907,.6931472,,,0,0,1,0,0,0,0
"FRA","IledeFrance","2020-03-04",55,55,12278210,23,0,0,0,0,0,0,0,0,0,0,0,1,0,5000,0,0,04mar2020,3,3,2020,4,"IledeFrance",1,18,2.890372,1.791759,3.135494,.6505876,,2.036416,0,0,1,0,0,0,0
"FRA","IledeFrance","2020-03-05",76,76,12278210,37,0,0,0,0,0,0,0,0,0,0,0,1,0,5000,0,0,05mar2020,4,3,2020,5,"IledeFrance",1,21,3.044523,.1541507,3.610918,.4754236,,.6383286,0,0,1,0,0,0,0
"FRA","IledeFrance","2020-03-06",89,89,12278210,59,0,0,0,0,0,0,0,0,0,0,0,1,0,5000,1,.1360254,06mar2020,5,3,2020,6,"IledeFrance",1,13,2.564949,,4.077538,.4666197,,,0,0,1,0,0,0,.1360254
"FRA","IledeFrance","2020-03-07",104,104,12278210,76,0,0,0,0,0,0,0,0,0,0,0,1,0,5000,1,.2376978,07mar2020,6,3,2020,7,"IledeFrance",1,15,2.70805,.143101,4.330733,.2531958,,.6867453,0,0,1,0,0,0,.2376978
"FRA","IledeFrance","2020-03-08",243,243,12278210,95,0,0,0,0,0,0,0,0,0,0,0,1,0,1000,1,.3451565,08mar2020,0,3,2020,8,"IledeFrance",1,139,4.934474,2.226424,4.553877,.2231436,,.9466391,0,0,1,1,0,.2,.3451565
"FRA","IledeFrance","2020-03-09",300,300,12278210,143,0,0,0,0,0,0,0,0,0,0,0,1,0,1000,1,.638106,09mar2020,1,3,2020,9,"IledeFrance",1,57,4.043051,,4.962845,.408968,,,0,0,1,1,0,.2,.638106
"FRA","IledeFrance","2020-03-10",334,334,12278210,195,0,0,0,0,0,0,0,0,0,0,0,1,0,1000,1,.638106,10mar2020,2,3,2020,10,"IledeFrance",1,34,3.526361,,5.273,.3101549,,,0,0,1,1,0,.2,.638106
"FRA","IledeFrance","2020-03-11",492,492,12278210,250,0,0,0,0,0,0,0,.5,.5,0,0,1,0,1000,1,.638106,11mar2020,3,3,2020,11,"IledeFrance",1,158,5.062595,1.536234,5.521461,.2484612,,1.062407,0,0,1,1,0,.3,.638106
"FRA","IledeFrance","2020-03-12",577,577,12278210,338,0,0,0,0,0,0,0,.5,.5,0,0,1,0,1000,1,.638106,12mar2020,4,3,2020,12,"IledeFrance",1,85,4.442651,,5.823046,.3015847,,,0,0,1,1,0,.3,.638106
"FRA","IledeFrance","2020-03-13",721,721,12278210,439,0,0,0,0,0,0,0,1,.6464748,0,0,1,0,100,1,.638106,13mar2020,5,3,2020,13,"IledeFrance",1,144,4.969813,.5271621,6.084499,.2614536,,.5195562,0,0,1,1,1,.529295,.638106
"FRA","IledeFrance","2020-03-14",949,949,12278210,526,0,0,0,0,0,0,0,1,.6464748,0,0,1,0,100,1,.638106,14mar2020,6,3,2020,14,"IledeFrance",1,228,5.429346,.4595323,6.265301,.1808019,,.433044,0,0,1,1,1,.529295,.638106
"FRA","IledeFrance","2020-03-15",1209,1209,12278210,628,0,0,0,0,0,0,0,1,.6464748,0,1,1,1,100,1,.638106,15mar2020,0,3,2020,15,"IledeFrance",1,260,5.560682,.1313362,6.44254,.1772389,,.2669481,1,.5,1,1,1,.529295,.638106
"FRA","IledeFrance","2020-03-16",1762,1762,12278210,762,0,0,0,0,0,0,0,1,.6464748,0,1,1,1,100,1,1,16mar2020,1,3,2020,16,"IledeFrance",1,553,6.315358,.7546763,6.635947,.1934066,,.4050099,0,.5,1,1,1,.529295,1
"FRA","IledeFrance","2020-03-17",2177,2177,12278210,942,1,1,.33,.33,0,1,1,1,1,0,1,1,1,2,1,1,17mar2020,2,3,2020,17,"IledeFrance",1,415,6.028278,,6.848005,.2120585,,,0,.665,1,1,1,1,1
"FRA","IledeFrance","2020-03-18",2693,2693,12278210,1124,1,1,.33,.33,0,1,1,1,1,0,1,1,1,2,1,1,18mar2020,3,3,2020,18,"IledeFrance",1,516,6.246107,.2178283,7.024649,.1766438,,.4121075,0,.665,1,1,1,1,1
"FRA","IledeFrance","2020-03-19",3384,3384,12278210,1395,1,1,.33,.33,0,1,1,1,1,0,1,1,1,2,1,1,19mar2020,4,3,2020,19,"IledeFrance",1,691,6.53814,.2920332,7.24065,.2160006,,.5370128,0,.665,1,1,1,1,1
"FRA","IledeFrance","2020-03-20",3818,3818,12278210,1696,1,1,.33,.33,0,1,1,1,1,0,1,1,1,2,1,1,20mar2020,5,3,2020,20,"IledeFrance",1,434,6.073044,,7.436028,.1953783,,,0,.665,1,1,1,1,1
"FRA","IledeFrance","2020-03-21",4695,4695,12278210,1984,1,1,.33,.33,0,1,1,1,1,0,1,1,1,2,1,1,21mar2020,6,3,2020,21,"IledeFrance",1,877,6.776507,.7034626,7.59287,.1568422,,.5041444,0,.665,1,1,1,1,1
"FRA","IledeFrance","2020-03-22",5283,5283,12278210,2295,1,1,.33,.33,0,1,1,1,1,0,1,1,1,2,1,1,22mar2020,0,3,2020,22,"IledeFrance",1,588,6.376727,,7.738488,.145618,,,0,.665,1,1,1,1,1
"FRA","IledeFrance","2020-03-23",6211,6211,12278210,2757,1,1,1,1,0,1,1,1,1,0,1,1,1,2,1,1,23mar2020,1,3,2020,23,"IledeFrance",1,928,6.833032,.4563046,7.921898,.1834102,,.6268282,0,1,1,1,1,1,1
"FRA","IledeFrance","2020-03-24",6798,6798,12278210,3304,1,1,1,1,0,1,1,1,1,0,1,1,1,2,1,1,24mar2020,2,3,2020,24,"IledeFrance",1,587,6.375025,,8.102889,.1809907,,,0,1,1,1,1,1,1
"FRA","IledeFrance","2020-03-25",7660,7660,12278210,3876,1,1,1,1,0,1,1,1,1,0,1,1,1,2,1,1,25mar2020,3,3,2020,25,"IledeFrance",1,862,6.759255,.3842306,8.262559,.1596699,,.5066847,0,1,1,1,1,1,1
"FRA","IledeFrance","2020-03-26",,,12278210,4460,1,1,1,1,0,1,1,1,1,0,1,1,1,2,1,1,26mar2020,4,3,2020,26,"IledeFrance",1,,,,8.402905,.1403456,,,0,1,1,1,1,1,1
"FRA","IledeFrance","2020-03-27",,,12278210,5174,1,1,1,1,0,1,1,1,1,0,1,1,1,2,1,1,27mar2020,5,3,2020,27,"IledeFrance",1,,,,8.551401,.1484966,,,0,1,1,1,1,1,1
"FRA","IledeFrance","2020-03-28",,,12278210,5717,1,1,1,1,0,1,1,1,1,0,1,1,1,2,1,1,28mar2020,6,3,2020,28,"IledeFrance",1,,,,8.651199,.0997982,,,0,1,1,1,1,1,1
"FRA","IledeFrance","2020-03-29",,,12278210,6182,1,1,1,1,0,1,1,1,1,0,1,1,1,2,1,1,29mar2020,0,3,2020,29,"IledeFrance",1,,,,8.729397,.0781975,,,0,1,1,1,1,1,1
"FRA","IledeFrance","2020-03-30",,,12278210,6895,1,1,1,1,0,1,1,1,1,0,1,1,1,2,1,1,30mar2020,1,3,2020,30,"IledeFrance",1,,,,8.838552,.1091547,,,0,1,1,1,1,1,1
"FRA","IledeFrance","2020-03-31",,,12278210,7487,1,1,1,1,0,1,1,1,1,0,1,1,1,2,1,1,31mar2020,2,3,2020,31,"IledeFrance",1,,,,8.920923,.0823717,,,0,1,1,1,1,1,1
"FRA","IledeFrance","2020-04-01",,,12278210,7981,1,1,1,1,0,1,1,1,1,0,1,1,1,2,1,1,01apr2020,3,4,2020,1,"IledeFrance",1,,,,8.984819,.0638962,,,0,1,1,1,1,1,1
"FRA","IledeFrance","2020-04-02",,,12278210,8508,1,1,1,1,0,1,1,1,1,0,1,1,1,2,1,1,02apr2020,4,4,2020,2,"IledeFrance",1,,,,9.048762,.0639429,,,0,1,1,1,1,1,1
"FRA","IledeFrance","2020-04-03",,,12278210,8972,1,1,1,1,0,1,1,1,1,0,1,1,1,2,1,1,03apr2020,5,4,2020,3,"IledeFrance",1,,,,9.101864,.0531015,,,0,1,1,1,1,1,1
"FRA","IledeFrance","2020-04-04",,,12278210,9337,1,1,1,1,0,1,1,1,1,0,1,1,1,2,1,1,04apr2020,6,4,2020,4,"IledeFrance",1,,,,9.14174,.039876,,,0,1,1,1,1,1,1
"FRA","IledeFrance","2020-04-05",,,12278210,9630,1,1,1,1,0,1,1,1,1,0,1,1,1,2,1,1,05apr2020,0,4,2020,5,"IledeFrance",1,,,,9.172639,.030899,,,0,1,1,1,1,1,1
"FRA","IledeFrance","2020-04-06",,,12278210,10012,1,1,1,1,0,1,1,1,1,0,1,1,1,2,1,1,06apr2020,1,4,2020,6,"IledeFrance",1,,,,9.211539,.0389004,,,0,1,1,1,1,1,1
"FRA","Normandie","2020-02-29",,0,3303500,1,0,0,0,0,0,0,0,0,0,0,0,1,0,5000,0,0,29feb2020,6,2,2020,29,"Normandie",0,,,,0,,,,0,0,1,0,0,0,0
"FRA","Normandie","2020-03-01",,0,3303500,1,0,0,0,0,0,0,0,0,0,0,0,1,0,5000,0,0,01mar2020,0,3,2020,1,"Normandie",0,,,,0,0,,,0,0,1,0,0,0,0
"FRA","Normandie","2020-03-06",11,11,3303500,7,0,0,0,0,0,0,0,0,0,0,0,1,0,5000,0,0,06mar2020,5,3,2020,6,"Normandie",0,,,,1.94591,,,,0,0,1,0,0,0,0
"FRA","Normandie","2020-03-07",11,11,3303500,9,0,0,0,0,0,0,0,0,0,0,0,1,0,5000,0,0,07mar2020,6,3,2020,7,"Normandie",0,0,,,2.197225,.2513145,,,0,0,1,0,0,0,0
"FRA","Normandie","2020-03-08",22,22,3303500,10,0,0,0,0,0,0,0,0,0,0,0,1,0,1000,0,0,08mar2020,0,3,2020,8,"Normandie",0,11,2.397895,,2.302585,.1053605,,,0,0,1,1,0,.2,0
"FRA","Normandie","2020-03-09",25,25,3303500,11,0,0,0,0,0,1,.2093092,.5,.1046546,0,0,1,0,1000,1,.2093092,09mar2020,1,3,2020,9,"Normandie",0,3,1.098612,,2.397895,.0953102,,,0,0,1,1,0,.2627928,.2093092
"FRA","Normandie","2020-03-10",37,37,3303500,12,0,0,0,0,0,1,.2093092,.5,.1046546,0,0,1,0,1000,1,.2093092,10mar2020,2,3,2020,10,"Normandie",0,12,2.484907,1.386294,2.484907,.0870113,.6189693,,0,0,1,1,0,.2627928,.2093092
"FRA","Normandie","2020-03-11",54,54,3303500,14,0,0,0,0,0,1,.2093092,1,.6046546,0,0,1,0,1000,1,.2093092,11mar2020,3,3,2020,11,"Normandie",0,17,2.833213,.3483067,2.639057,.1541507,.6189693,,0,0,1,1,0,.3627928,.2093092
"FRA","Normandie","2020-03-12",68,68,3303500,16,0,0,0,0,0,1,.2093092,1,.6046546,0,0,1,0,1000,1,.2093092,12mar2020,4,3,2020,12,"Normandie",0,14,2.639057,,2.772589,.1335313,,,0,0,1,1,0,.3627928,.2093092
"FRA","Normandie","2020-03-13",97,97,3303500,25,0,0,0,0,0,1,.2093092,1,.6046546,0,0,1,0,100,1,.2093092,13mar2020,5,3,2020,13,"Normandie",0,29,3.367296,.7282383,3.218876,.4462872,.6189693,,0,0,1,1,1,.5627928,.2093092
"FRA","Normandie","2020-03-14",127,127,3303500,29,0,0,0,0,0,1,.2093092,1,.6046546,0,0,1,0,100,1,.2093092,14mar2020,6,3,2020,14,"Normandie",0,30,3.401197,.0339017,3.367296,.1484199,.6189693,,0,0,1,1,1,.5627928,.2093092
"FRA","Normandie","2020-03-15",143,143,3303500,33,0,0,0,0,0,1,.2093092,1,.6046546,0,1,1,1,100,1,.2093092,15mar2020,0,3,2020,15,"Normandie",0,16,2.772589,,3.496508,.1292119,,,1,.5,1,1,1,.5627928,.2093092
"FRA","Normandie","2020-03-16",156,156,3303500,36,0,0,0,0,0,1,.2093092,1,.6046546,0,1,1,1,100,1,1,16mar2020,1,3,2020,16,"Normandie",0,13,2.564949,,3.583519,.0870113,,,0,.5,1,1,1,.5627928,1
"FRA","Normandie","2020-03-17",174,174,3303500,44,1,1,.33,.33,0,1,1,1,1,0,1,1,1,2,1,1,17mar2020,2,3,2020,17,"Normandie",0,18,2.890372,.3254225,3.78419,.2006707,.6189693,,0,.665,1,1,1,1,1
"FRA","Normandie","2020-03-18",208,208,3303500,59,1,1,.33,.33,0,1,1,1,1,0,1,1,1,2,1,1,18mar2020,3,3,2020,18,"Normandie",0,34,3.526361,.6359887,4.077538,.2933478,.6189693,,0,.665,1,1,1,1,1
"FRA","Normandie","2020-03-19",241,241,3303500,68,1,1,.33,.33,0,1,1,1,1,0,1,1,1,2,1,1,19mar2020,4,3,2020,19,"Normandie",0,33,3.496508,,4.219508,.1419702,,,0,.665,1,1,1,1,1
"FRA","Normandie","2020-03-20",287,287,3303500,80,1,1,.33,.33,0,1,1,1,1,0,1,1,1,2,1,1,20mar2020,5,3,2020,20,"Normandie",0,46,3.828641,.3321338,4.382027,.162519,.6189693,,0,.665,1,1,1,1,1
"FRA","Normandie","2020-03-21",345,345,3303500,107,1,1,.33,.33,0,1,1,1,1,0,1,1,1,2,1,1,21mar2020,6,3,2020,21,"Normandie",0,58,4.060443,.2318015,4.672829,.290802,.6189693,,0,.665,1,1,1,1,1
"FRA","Normandie","2020-03-22",462,462,3303500,122,1,1,.33,.33,0,1,1,1,1,0,1,1,1,2,1,1,22mar2020,0,3,2020,22,"Normandie",0,117,4.762174,.7017312,4.804021,.1311922,.6189693,,0,.665,1,1,1,1,1
"FRA","Normandie","2020-03-23",511,511,3303500,158,1,1,1,1,0,1,1,1,1,0,1,1,1,2,1,1,23mar2020,1,3,2020,23,"Normandie",0,49,3.89182,,5.062595,.258574,,,0,1,1,1,1,1,1
"FRA","Normandie","2020-03-24",586,586,3303500,193,1,1,1,1,0,1,1,1,1,0,1,1,1,2,1,1,24mar2020,2,3,2020,24,"Normandie",0,75,4.317488,.425668,5.26269,.2000952,.6189693,,0,1,1,1,1,1,1
"FRA","Normandie","2020-03-25",688,688,3303500,226,1,1,1,1,0,1,1,1,1,0,1,1,1,2,1,1,25mar2020,3,3,2020,25,"Normandie",0,102,4.624973,.3074846,5.420535,.157845,.6189693,,0,1,1,1,1,1,1
"FRA","Normandie","2020-03-26",,,3303500,278,1,1,1,1,0,1,1,1,1,0,1,1,1,2,1,1,26mar2020,4,3,2020,26,"Normandie",0,,,,5.627621,.2070861,,,0,1,1,1,1,1,1
"FRA","Normandie","2020-03-27",,,3303500,315,1,1,1,1,0,1,1,1,1,0,1,1,1,2,1,1,27mar2020,5,3,2020,27,"Normandie",0,,,,5.752573,.1249514,,,0,1,1,1,1,1,1
"FRA","Normandie","2020-03-28",,,3303500,356,1,1,1,1,0,1,1,1,1,0,1,1,1,2,1,1,28mar2020,6,3,2020,28,"Normandie",0,,,,5.874931,.1223583,,,0,1,1,1,1,1,1
"FRA","Normandie","2020-03-29",,,3303500,392,1,1,1,1,0,1,1,1,1,0,1,1,1,2,1,1,29mar2020,0,3,2020,29,"Normandie",0,,,,5.971262,.0963311,,,0,1,1,1,1,1,1
"FRA","Normandie","2020-03-30",,,3303500,434,1,1,1,1,0,1,1,1,1,0,1,1,1,2,1,1,30mar2020,1,3,2020,30,"Normandie",0,,,,6.073044,.1017823,,,0,1,1,1,1,1,1
"FRA","Normandie","2020-03-31",,,3303500,480,1,1,1,1,0,1,1,1,1,0,1,1,1,2,1,1,31mar2020,2,3,2020,31,"Normandie",0,,,,6.173786,.1007419,,,0,1,1,1,1,1,1
"FRA","Normandie","2020-04-01",,,3303500,523,1,1,1,1,0,1,1,1,1,0,1,1,1,2,1,1,01apr2020,3,4,2020,1,"Normandie",0,,,,6.259582,.0857954,,,0,1,1,1,1,1,1
"FRA","Normandie","2020-04-02",,,3303500,564,1,1,1,1,0,1,1,1,1,0,1,1,1,2,1,1,02apr2020,4,4,2020,2,"Normandie",0,,,,6.335054,.0754728,,,0,1,1,1,1,1,1
"FRA","Normandie","2020-04-03",,,3303500,607,1,1,1,1,0,1,1,1,1,0,1,1,1,2,1,1,03apr2020,5,4,2020,3,"Normandie",0,,,,6.408529,.0734744,,,0,1,1,1,1,1,1
"FRA","Normandie","2020-04-04",,,3303500,628,1,1,1,1,0,1,1,1,1,0,1,1,1,2,1,1,04apr2020,6,4,2020,4,"Normandie",0,,,,6.44254,.0340114,,,0,1,1,1,1,1,1
"FRA","Normandie","2020-04-05",,,3303500,657,1,1,1,1,0,1,1,1,1,0,1,1,1,2,1,1,05apr2020,0,4,2020,5,"Normandie",0,,,,6.487684,.0451441,,,0,1,1,1,1,1,1
"FRA","Normandie","2020-04-06",,,3303500,672,1,1,1,1,0,1,1,1,1,0,1,1,1,2,1,1,06apr2020,1,4,2020,6,"Normandie",0,,,,6.510258,.0225739,,,0,1,1,1,1,1,1
"FRA","NouvelleAquitaine","2020-02-29",,1,5999982,1,0,0,0,0,0,0,0,0,0,0,0,1,0,5000,0,0,29feb2020,6,2,2020,29,"NouvelleAquitaine",0,,,,0,,,,0,0,1,0,0,0,0
"FRA","NouvelleAquitaine","2020-03-01",,2,5999982,1,0,0,0,0,0,0,0,0,0,0,0,1,0,5000,0,0,01mar2020,0,3,2020,1,"NouvelleAquitaine",0,,,,0,0,,,0,0,1,0,0,0,0
"FRA","NouvelleAquitaine","2020-03-06",11,11,5999982,9,0,0,0,0,0,0,0,0,0,0,0,1,0,5000,0,0,06mar2020,5,3,2020,6,"NouvelleAquitaine",0,,,,2.197225,,,,0,0,1,0,0,0,0
"FRA","NouvelleAquitaine","2020-03-07",17,17,5999982,15,0,0,0,0,0,0,0,0,0,0,0,1,0,5000,0,0,07mar2020,6,3,2020,7,"NouvelleAquitaine",0,6,1.791759,,2.70805,.5108256,,,0,0,1,0,0,0,0
"FRA","NouvelleAquitaine","2020-03-08",29,29,5999982,23,0,0,0,0,0,0,0,0,0,1,0,1,0,1000,0,0,08mar2020,0,3,2020,8,"NouvelleAquitaine",0,12,2.484907,.6931472,3.135494,.427444,.6189693,,0,0,1,1,0,.2,0
"FRA","NouvelleAquitaine","2020-03-09",39,39,5999982,25,0,0,0,0,0,0,0,0,0,1,0,1,0,1000,0,0,09mar2020,1,3,2020,9,"NouvelleAquitaine",0,10,2.302585,,3.218876,.0833817,,,0,0,1,1,0,.2,0
"FRA","NouvelleAquitaine","2020-03-10",54,54,5999982,30,0,0,0,0,0,0,0,0,0,1,0,1,0,1000,0,0,10mar2020,2,3,2020,10,"NouvelleAquitaine",0,15,2.70805,.4054651,3.401197,.1823215,.6189693,,0,0,1,1,0,.2,0
"FRA","NouvelleAquitaine","2020-03-11",66,66,5999982,34,0,0,0,0,0,0,0,.5,.5,1,0,1,0,1000,0,0,11mar2020,3,3,2020,11,"NouvelleAquitaine",0,12,2.484907,,3.526361,.1251631,,,0,0,1,1,0,.3,0
"FRA","NouvelleAquitaine","2020-03-12",87,87,5999982,46,0,0,0,0,0,0,0,.5,.5,1,0,1,0,1000,1,.1237195,12mar2020,4,3,2020,12,"NouvelleAquitaine",0,21,3.044523,.5596159,3.828641,.3022809,.6189693,,0,0,1,1,0,.3,.1237195
"FRA","NouvelleAquitaine","2020-03-13",114,114,5999982,52,0,0,0,0,0,0,0,.5,.5,1,0,1,0,100,1,.1237195,13mar2020,5,3,2020,13,"NouvelleAquitaine",0,27,3.295837,.2513144,3.951244,.1226022,.6189693,,0,0,1,1,1,.5,.1237195
"FRA","NouvelleAquitaine","2020-03-14",130,130,5999982,65,0,0,0,0,0,0,0,.5,.5,1,0,1,0,100,1,.1237195,14mar2020,6,3,2020,14,"NouvelleAquitaine",0,16,2.772589,,4.174387,.2231438,,,0,0,1,1,1,.5,.1237195
"FRA","NouvelleAquitaine","2020-03-15",144,144,5999982,75,0,0,0,0,0,0,0,.5,.5,1,1,1,1,100,1,.1237195,15mar2020,0,3,2020,15,"NouvelleAquitaine",0,14,2.639057,,4.317488,.1431007,,,1,.5,1,1,1,.5,.1237195
"FRA","NouvelleAquitaine","2020-03-16",178,178,5999982,101,0,0,0,0,0,0,0,.5,.5,1,1,1,1,100,1,1,16mar2020,1,3,2020,16,"NouvelleAquitaine",0,34,3.526361,.8873031,4.61512,.2976322,.6189693,,0,.5,1,1,1,.5,1
"FRA","NouvelleAquitaine","2020-03-17",200,200,5999982,138,1,1,.33,.33,0,1,1,1,1,1,1,1,1,2,1,1,17mar2020,2,3,2020,17,"NouvelleAquitaine",0,22,3.091043,,4.927254,.3121333,,,0,.665,1,1,1,1,1
"FRA","NouvelleAquitaine","2020-03-18",237,237,5999982,166,1,1,.33,.33,0,1,1,1,1,1,1,1,1,2,1,1,18mar2020,3,3,2020,18,"NouvelleAquitaine",0,37,3.610918,.5198753,5.111988,.1847339,.6189693,,0,.665,1,1,1,1,1
"FRA","NouvelleAquitaine","2020-03-19",280,280,5999982,209,1,1,.33,.33,0,1,1,1,1,1,1,1,1,2,1,1,19mar2020,4,3,2020,19,"NouvelleAquitaine",0,43,3.7612,.1502824,5.342334,.2303467,.6189693,,0,.665,1,1,1,1,1
"FRA","NouvelleAquitaine","2020-03-20",432,432,5999982,269,1,1,.33,.33,0,1,1,1,1,1,1,1,1,2,1,1,20mar2020,5,3,2020,20,"NouvelleAquitaine",0,152,5.02388,1.26268,5.594711,.252377,.6189693,,0,.665,1,1,1,1,1
"FRA","NouvelleAquitaine","2020-03-21",521,521,5999982,336,1,1,.33,.33,0,1,1,1,1,1,1,1,1,2,1,1,21mar2020,6,3,2020,21,"NouvelleAquitaine",0,89,4.488636,,5.817111,.2223997,,,0,.665,1,1,1,1,1
"FRA","NouvelleAquitaine","2020-03-22",612,612,5999982,406,1,1,.33,.33,0,1,1,1,1,1,1,1,1,2,1,1,22mar2020,0,3,2020,22,"NouvelleAquitaine",0,91,4.510859,.022223,6.006353,.1892424,.6189693,,0,.665,1,1,1,1,1
"FRA","NouvelleAquitaine","2020-03-23",676,676,5999982,504,1,1,1,1,0,1,1,1,1,1,1,1,1,2,1,1,23mar2020,1,3,2020,23,"NouvelleAquitaine",0,64,4.158883,,6.222576,.2162228,,,0,1,1,1,1,1,1
"FRA","NouvelleAquitaine","2020-03-24",789,789,5999982,602,1,1,1,1,0,1,1,1,1,1,1,1,1,2,1,1,24mar2020,2,3,2020,24,"NouvelleAquitaine",0,113,4.727388,.5685048,6.400258,.1776814,.6189693,,0,1,1,1,1,1,1
"FRA","NouvelleAquitaine","2020-03-25",912,912,5999982,701,1,1,1,1,0,1,1,1,1,1,1,1,1,2,1,1,25mar2020,3,3,2020,25,"NouvelleAquitaine",0,123,4.812184,.0847964,6.552508,.1522503,.6189693,,0,1,1,1,1,1,1
"FRA","NouvelleAquitaine","2020-03-26",,,5999982,813,1,1,1,1,0,1,1,1,1,1,1,1,1,2,1,1,26mar2020,4,3,2020,26,"NouvelleAquitaine",0,,,,6.700731,.1482234,,,0,1,1,1,1,1,1
"FRA","NouvelleAquitaine","2020-03-27",,,5999982,955,1,1,1,1,0,1,1,1,1,1,1,1,1,2,1,1,27mar2020,5,3,2020,27,"NouvelleAquitaine",0,,,,6.861712,.1609802,,,0,1,1,1,1,1,1
"FRA","NouvelleAquitaine","2020-03-28",,,5999982,1073,1,1,1,1,0,1,1,1,1,1,1,1,1,2,1,1,28mar2020,6,3,2020,28,"NouvelleAquitaine",0,,,,6.978214,.1165023,,,0,1,1,1,1,1,1
"FRA","NouvelleAquitaine","2020-03-29",,,5999982,1151,1,1,1,1,0,1,1,1,1,1,1,1,1,2,1,1,29mar2020,0,3,2020,29,"NouvelleAquitaine",0,,,,7.048387,.0701728,,,0,1,1,1,1,1,1
"FRA","NouvelleAquitaine","2020-03-30",,,5999982,1274,1,1,1,1,0,1,1,1,1,1,1,1,1,2,1,1,30mar2020,1,3,2020,30,"NouvelleAquitaine",0,,,,7.149917,.1015301,,,0,1,1,1,1,1,1
"FRA","NouvelleAquitaine","2020-03-31",,,5999982,1401,1,1,1,1,0,1,1,1,1,1,1,1,1,2,1,1,31mar2020,2,3,2020,31,"NouvelleAquitaine",0,,,,7.244942,.0950251,,,0,1,1,1,1,1,1
"FRA","NouvelleAquitaine","2020-04-01",,,5999982,1529,1,1,1,1,0,1,1,1,1,1,1,1,1,2,1,1,01apr2020,3,4,2020,1,"NouvelleAquitaine",0,,,,7.332369,.0874276,,,0,1,1,1,1,1,1
"FRA","NouvelleAquitaine","2020-04-02",,,5999982,1644,1,1,1,1,0,1,1,1,1,1,1,1,1,2,1,1,02apr2020,4,4,2020,2,"NouvelleAquitaine",0,,,,7.404888,.0725183,,,0,1,1,1,1,1,1
"FRA","NouvelleAquitaine","2020-04-03",,,5999982,1770,1,1,1,1,0,1,1,1,1,1,1,1,1,2,1,1,03apr2020,5,4,2020,3,"NouvelleAquitaine",0,,,,7.478735,.0738473,,,0,1,1,1,1,1,1
"FRA","NouvelleAquitaine","2020-04-04",,,5999982,1860,1,1,1,1,0,1,1,1,1,1,1,1,1,2,1,1,04apr2020,6,4,2020,4,"NouvelleAquitaine",0,,,,7.528332,.0495968,,,0,1,1,1,1,1,1
"FRA","NouvelleAquitaine","2020-04-05",,,5999982,1955,1,1,1,1,0,1,1,1,1,1,1,1,1,2,1,1,05apr2020,0,4,2020,5,"NouvelleAquitaine",0,,,,7.578146,.0498137,,,0,1,1,1,1,1,1
"FRA","NouvelleAquitaine","2020-04-06",,,5999982,2053,1,1,1,1,0,1,1,1,1,1,1,1,1,2,1,1,06apr2020,1,4,2020,6,"NouvelleAquitaine",0,,,,7.627058,.048912,,,0,1,1,1,1,1,1
"FRA","Occitanie","2020-02-29",,2,5924858,1,0,0,0,0,0,0,0,0,0,0,0,1,0,5000,0,0,29feb2020,6,2,2020,29,"Occitanie",0,,,,0,,,,0,0,1,0,0,0,0
"FRA","Occitanie","2020-03-01",,3,5924858,7,0,0,0,0,0,0,0,0,0,0,0,1,0,5000,0,0,01mar2020,0,3,2020,1,"Occitanie",0,,,,1.94591,1.94591,,,0,0,1,0,0,0,0
"FRA","Occitanie","2020-03-05",11,11,5924858,12,0,0,0,0,0,0,0,0,0,0,0,1,0,5000,0,0,05mar2020,4,3,2020,5,"Occitanie",0,,,,2.484907,,,,0,0,1,0,0,0,0
"FRA","Occitanie","2020-03-06",18,18,5924858,14,0,0,0,0,0,0,0,0,0,0,0,1,0,5000,0,0,06mar2020,5,3,2020,6,"Occitanie",0,7,1.94591,,2.639057,.1541507,,,0,0,1,0,0,0,0
"FRA","Occitanie","2020-03-07",36,36,5924858,18,0,0,0,0,0,0,0,0,0,0,0,1,0,5000,0,0,07mar2020,6,3,2020,7,"Occitanie",0,18,2.890372,.9444617,2.890372,.2513144,.6189693,,0,0,1,0,0,0,0
"FRA","Occitanie","2020-03-08",36,36,5924858,26,0,0,0,0,0,0,0,0,0,0,0,1,0,1000,0,0,08mar2020,0,3,2020,8,"Occitanie",0,0,,,3.258096,.3677247,,,0,0,1,1,0,.2,0
"FRA","Occitanie","2020-03-09",60,60,5924858,33,0,0,0,0,0,0,0,0,0,0,0,1,0,1000,0,0,09mar2020,1,3,2020,9,"Occitanie",0,24,3.178054,,3.496508,.2384112,,,0,0,1,1,0,.2,0
"FRA","Occitanie","2020-03-10",61,61,5924858,46,0,0,0,0,0,0,0,0,0,0,0,1,0,1000,0,0,10mar2020,2,3,2020,10,"Occitanie",0,1,0,,3.828641,.3321338,,,0,0,1,1,0,.2,0
"FRA","Occitanie","2020-03-11",87,87,5924858,55,0,0,0,0,0,0,0,.5,.5,0,0,1,0,1000,1,.1985102,11mar2020,3,3,2020,11,"Occitanie",0,26,3.258096,3.258096,4.007333,.1786919,.6189693,,0,0,1,1,0,.3,.1985102
"FRA","Occitanie","2020-03-12",133,133,5924858,65,0,0,0,0,0,0,0,.5,.5,0,0,1,0,1000,1,.1985102,12mar2020,4,3,2020,12,"Occitanie",0,46,3.828641,.570545,4.174387,.1670542,.6189693,,0,0,1,1,0,.3,.1985102
"FRA","Occitanie","2020-03-13",172,172,5924858,103,0,0,0,0,0,0,0,.5,.5,0,0,1,0,100,1,.1985102,13mar2020,5,3,2020,13,"Occitanie",0,39,3.663562,,4.634729,.4603415,,,0,0,1,1,1,.5,.1985102
"FRA","Occitanie","2020-03-14",214,214,5924858,148,0,0,0,0,0,0,0,.5,.5,0,0,1,0,100,1,.1985102,14mar2020,6,3,2020,14,"Occitanie",0,42,3.73767,.0741081,4.997212,.3624835,.6189693,,0,0,1,1,1,.5,.1985102
"FRA","Occitanie","2020-03-15",243,243,5924858,195,0,0,0,0,0,0,0,.5,.5,0,1,1,1,100,1,.1985102,15mar2020,0,3,2020,15,"Occitanie",0,29,3.367296,,5.273,.2757874,,,1,.5,1,1,1,.5,.1985102
"FRA","Occitanie","2020-03-16",262,262,5924858,252,0,0,0,0,0,0,0,.5,.5,0,1,1,1,100,1,1,16mar2020,1,3,2020,16,"Occitanie",0,19,2.944439,,5.529429,.2564292,,,0,.5,1,1,1,.5,1
"FRA","Occitanie","2020-03-17",311,311,5924858,304,1,1,.33,.33,0,1,1,1,1,0,1,1,1,2,1,1,17mar2020,2,3,2020,17,"Occitanie",0,49,3.89182,.9473813,5.717028,.1875987,.6189693,,0,.665,1,1,1,1,1
"FRA","Occitanie","2020-03-18",371,371,5924858,350,1,1,.33,.33,0,1,1,1,1,0,1,1,1,2,1,1,18mar2020,3,3,2020,18,"Occitanie",0,60,4.094345,.2025244,5.857933,.1409054,.6189693,,0,.665,1,1,1,1,1
"FRA","Occitanie","2020-03-19",444,444,5924858,387,1,1,.67,.7143248,0,1,1,1,1,0,1,1,1,2,1,1,19mar2020,4,3,2020,19,"Occitanie",0,73,4.29046,.196115,5.958425,.1004915,.6189693,,0,.8571624,1,1,1,1,1
"FRA","Occitanie","2020-03-20",537,537,5924858,418,1,1,.67,.7143248,0,1,1,1,1,0,1,1,1,2,1,1,20mar2020,5,3,2020,20,"Occitanie",0,93,4.532599,.2421398,6.035481,.0770569,.6189693,,0,.8571624,1,1,1,1,1
"FRA","Occitanie","2020-03-21",611,611,5924858,459,1,1,.67,.7143248,0,1,1,1,1,0,1,1,1,2,1,1,21mar2020,6,3,2020,21,"Occitanie",0,74,4.304065,,6.12905,.0935688,,,0,.8571624,1,1,1,1,1
"FRA","Occitanie","2020-03-22",671,671,5924858,491,1,1,.67,.7143248,0,1,1,1,1,0,1,1,1,2,1,1,22mar2020,0,3,2020,22,"Occitanie",0,60,4.094345,,6.196444,.0673938,,,0,.8571624,1,1,1,1,1
"FRA","Occitanie","2020-03-23",767,767,5924858,561,1,1,1,1,0,1,1,1,1,0,1,1,1,2,1,1,23mar2020,1,3,2020,23,"Occitanie",0,96,4.564348,.4700036,6.329721,.1332769,.6189693,,0,1,1,1,1,1,1
"FRA","Occitanie","2020-03-24",900,900,5924858,622,1,1,1,1,0,1,1,1,1,0,1,1,1,2,1,1,24mar2020,2,3,2020,24,"Occitanie",0,133,4.890349,.3260007,6.43294,.103219,.6189693,,0,1,1,1,1,1,1
"FRA","Occitanie","2020-03-25",1082,1082,5924858,681,1,1,1,1,0,1,1,1,1,0,1,1,1,2,1,1,25mar2020,3,3,2020,25,"Occitanie",0,182,5.204007,.3136578,6.523562,.0906224,.6189693,,0,1,1,1,1,1,1
"FRA","Occitanie","2020-03-26",,,5924858,750,1,1,1,1,0,1,1,1,1,0,1,1,1,2,1,1,26mar2020,4,3,2020,26,"Occitanie",0,,,,6.620073,.0965109,,,0,1,1,1,1,1,1
"FRA","Occitanie","2020-03-27",,,5924858,825,1,1,1,1,0,1,1,1,1,0,1,1,1,2,1,1,27mar2020,5,3,2020,27,"Occitanie",0,,,,6.715384,.0953102,,,0,1,1,1,1,1,1
"FRA","Occitanie","2020-03-28",,,5924858,957,1,1,1,1,0,1,1,1,1,0,1,1,1,2,1,1,28mar2020,6,3,2020,28,"Occitanie",0,,,,6.863803,.1484199,,,0,1,1,1,1,1,1
"FRA","Occitanie","2020-03-29",,,5924858,1079,1,1,1,1,0,1,1,1,1,0,1,1,1,2,1,1,29mar2020,0,3,2020,29,"Occitanie",0,,,,6.98379,.1199865,,,0,1,1,1,1,1,1
"FRA","Occitanie","2020-03-30",,,5924858,1215,1,1,1,1,0,1,1,1,1,0,1,1,1,2,1,1,30mar2020,1,3,2020,30,"Occitanie",0,,,,7.102499,.1187096,,,0,1,1,1,1,1,1
"FRA","Occitanie","2020-03-31",,,5924858,1328,1,1,1,1,0,1,1,1,1,0,1,1,1,2,1,1,31mar2020,2,3,2020,31,"Occitanie",0,,,,7.191429,.0889297,,,0,1,1,1,1,1,1
"FRA","Occitanie","2020-04-01",,,5924858,1431,1,1,1,1,0,1,1,1,1,0,1,1,1,2,1,1,01apr2020,3,4,2020,1,"Occitanie",0,,,,7.266129,.0746999,,,0,1,1,1,1,1,1
"FRA","Occitanie","2020-04-02",,,5924858,1540,1,1,1,1,0,1,1,1,1,0,1,1,1,2,1,1,02apr2020,4,4,2020,2,"Occitanie",0,,,,7.339538,.0734086,,,0,1,1,1,1,1,1
"FRA","Occitanie","2020-04-03",,,5924858,1622,1,1,1,1,0,1,1,1,1,0,1,1,1,2,1,1,03apr2020,5,4,2020,3,"Occitanie",0,,,,7.391415,.0518775,,,0,1,1,1,1,1,1
"FRA","Occitanie","2020-04-04",,,5924858,1691,1,1,1,1,0,1,1,1,1,0,1,1,1,2,1,1,04apr2020,6,4,2020,4,"Occitanie",0,,,,7.433075,.0416603,,,0,1,1,1,1,1,1
"FRA","Occitanie","2020-04-05",,,5924858,1762,1,1,1,1,0,1,1,1,1,0,1,1,1,2,1,1,05apr2020,0,4,2020,5,"Occitanie",0,,,,7.474205,.0411296,,,0,1,1,1,1,1,1
"FRA","Occitanie","2020-04-06",,,5924858,1840,1,1,1,1,0,1,1,1,1,0,1,1,1,2,1,1,06apr2020,1,4,2020,6,"Occitanie",0,,,,7.517521,.0433159,,,0,1,1,1,1,1,1
"FRA","Paca","2020-02-29",,3,5055651,6,0,0,0,0,0,0,0,0,0,0,0,1,0,5000,0,0,29feb2020,6,2,2020,29,"Paca",0,,,,1.791759,,,,0,0,1,0,0,0,0
"FRA","Paca","2020-03-01",,4,5055651,8,0,0,0,0,0,0,0,0,0,0,0,1,0,5000,0,0,01mar2020,0,3,2020,1,"Paca",0,,,,2.079442,.2876821,,,0,0,1,0,0,0,0
"FRA","Paca","2020-03-03",10,10,5055651,16,0,0,0,0,0,0,0,0,0,0,0,1,0,5000,0,0,03mar2020,2,3,2020,3,"Paca",0,,,,2.772589,,,,0,0,1,0,0,0,0
"FRA","Paca","2020-03-04",13,13,5055651,22,0,0,0,0,0,0,0,0,0,0,0,1,0,5000,1,.4024148,04mar2020,3,3,2020,4,"Paca",0,3,1.098612,,3.091043,.3184538,,,0,0,1,0,0,0,.4024148
"FRA","Paca","2020-03-05",18,18,5055651,34,0,0,0,0,0,0,0,0,0,0,0,1,0,5000,1,.4024148,05mar2020,4,3,2020,5,"Paca",0,5,1.609438,.5108256,3.526361,.435318,.6189693,,0,0,1,0,0,0,.4024148
"FRA","Paca","2020-03-06",26,26,5055651,56,0,0,0,0,0,0,0,0,0,0,0,1,0,5000,1,.4024148,06mar2020,5,3,2020,6,"Paca",0,8,2.079442,.4700036,4.025352,.498991,.6189693,,0,0,1,0,0,0,.4024148
"FRA","Paca","2020-03-07",38,38,5055651,75,0,0,0,0,0,0,0,0,0,0,0,1,0,5000,1,.4024148,07mar2020,6,3,2020,7,"Paca",0,12,2.484907,.4054651,4.317488,.2921367,.6189693,,0,0,1,0,0,0,.4024148
"FRA","Paca","2020-03-08",52,52,5055651,100,0,0,0,0,0,0,0,0,0,0,0,1,0,1000,1,.614818,08mar2020,0,3,2020,8,"Paca",0,14,2.639057,.1541507,4.60517,.2876821,.6189693,,0,0,1,1,0,.2,.614818
"FRA","Paca","2020-03-09",72,72,5055651,135,0,0,0,0,0,0,0,0,0,0,0,1,0,1000,1,.614818,09mar2020,1,3,2020,9,"Paca",0,20,2.995732,.3566749,4.905275,.3001046,.6189693,,0,0,1,1,0,.2,.614818
"FRA","Paca","2020-03-10",89,89,5055651,157,0,0,0,0,0,0,0,0,0,0,0,1,0,1000,1,.614818,10mar2020,2,3,2020,10,"Paca",0,17,2.833213,,5.056246,.1509709,,,0,0,1,1,0,.2,.614818
"FRA","Paca","2020-03-11",111,111,5055651,200,0,0,0,0,0,0,0,.5,.5,0,0,1,0,1000,1,.614818,11mar2020,3,3,2020,11,"Paca",0,22,3.091043,.2578292,5.298317,.2420716,.6189693,,0,0,1,1,0,.3,.614818
"FRA","Paca","2020-03-12",147,147,5055651,220,0,0,0,0,0,0,0,.5,.5,0,0,1,0,1000,1,.614818,12mar2020,4,3,2020,12,"Paca",0,36,3.583519,.4924765,5.393628,.0953102,.6189693,,0,0,1,1,0,.3,.614818
"FRA","Paca","2020-03-13",212,212,5055651,277,0,0,0,0,0,0,0,.5,.5,0,0,1,0,100,1,.614818,13mar2020,5,3,2020,13,"Paca",0,65,4.174387,.5908685,5.624018,.2303901,.6189693,,0,0,1,1,1,.5,.614818
"FRA","Paca","2020-03-14",281,281,5055651,318,0,0,0,0,0,0,0,.5,.5,0,0,1,0,100,1,.614818,14mar2020,6,3,2020,14,"Paca",0,69,4.234107,.0597191,5.762052,.1380339,.6189693,,0,0,1,1,1,.5,.614818
"FRA","Paca","2020-03-15",330,330,5055651,357,0,0,0,0,0,0,0,.5,.5,0,1,1,1,100,1,.614818,15mar2020,0,3,2020,15,"Paca",0,49,3.89182,,5.877736,.115684,,,1,.5,1,1,1,.5,.614818
"FRA","Paca","2020-03-16",405,405,5055651,401,0,0,0,0,0,0,0,.5,.5,0,1,1,1,100,1,1,16mar2020,1,3,2020,16,"Paca",0,75,4.317488,.425668,5.993961,.1162257,.6189693,,0,.5,1,1,1,.5,1
"FRA","Paca","2020-03-17",478,478,5055651,459,1,1,.33,.33,0,1,1,1,1,0,1,1,1,2,1,1,17mar2020,2,3,2020,17,"Paca",0,73,4.29046,,6.12905,.1350889,,,0,.665,1,1,1,1,1
"FRA","Paca","2020-03-18",574,574,5055651,515,1,1,.33,.33,0,1,1,1,1,0,1,1,1,2,1,1,18mar2020,3,3,2020,18,"Paca",0,96,4.564348,.2738886,6.244167,.1151166,.6189693,,0,.665,1,1,1,1,1
"FRA","Paca","2020-03-19",693,693,5055651,585,1,1,.33,.33,0,1,1,1,1,0,1,1,1,2,1,1,19mar2020,4,3,2020,19,"Paca",0,119,4.779123,.2147751,6.371612,.1274452,.6189693,,0,.665,1,1,1,1,1
"FRA","Paca","2020-03-20",826,826,5055651,667,1,1,.33,.33,0,1,1,1,1,0,1,1,1,2,1,1,20mar2020,5,3,2020,20,"Paca",0,133,4.890349,.1112256,6.50279,.1311779,.6189693,,0,.665,1,1,1,1,1
"FRA","Paca","2020-03-21",1041,1041,5055651,759,1,1,.67,.8835029,0,1,1,1,1,0,1,1,1,2,1,1,21mar2020,6,3,2020,21,"Paca",0,215,5.370638,.480289,6.632002,.1292119,.6189693,,0,.9417515,1,1,1,1,1
"FRA","Paca","2020-03-22",1372,1372,5055651,849,1,1,.67,.8835029,0,1,1,1,1,0,1,1,1,2,1,1,22mar2020,0,3,2020,22,"Paca",0,331,5.802118,.4314804,6.744059,.1120572,.6189693,,0,.9417515,1,1,1,1,1
"FRA","Paca","2020-03-23",1510,1510,5055651,994,1,1,1,1,0,1,1,1,1,0,1,1,1,2,1,1,23mar2020,1,3,2020,23,"Paca",0,138,4.927254,,6.901737,.1576781,,,0,1,1,1,1,1,1
"FRA","Paca","2020-03-24",1595,1595,5055651,1112,1,1,1,1,0,1,1,1,1,0,1,1,1,2,1,1,24mar2020,2,3,2020,24,"Paca",0,85,4.442651,,7.013916,.1121783,,,0,1,1,1,1,1,1
"FRA","Paca","2020-03-25",1927,1927,5055651,1251,1,1,1,1,0,1,1,1,1,0,1,1,1,2,1,1,25mar2020,3,3,2020,25,"Paca",0,332,5.805135,1.362484,7.131699,.1177831,.6189693,,0,1,1,1,1,1,1
"FRA","Paca","2020-03-26",,,5055651,1403,1,1,1,1,0,1,1,1,1,0,1,1,1,2,1,1,26mar2020,4,3,2020,26,"Paca",0,,,,7.246368,.1146693,,,0,1,1,1,1,1,1
"FRA","Paca","2020-03-27",,,5055651,1607,1,1,1,1,0,1,1,1,1,0,1,1,1,2,1,1,27mar2020,5,3,2020,27,"Paca",0,,,,7.382124,.1357565,,,0,1,1,1,1,1,1
"FRA","Paca","2020-03-28",,,5055651,1789,1,1,1,1,0,1,1,1,1,0,1,1,1,2,1,1,28mar2020,6,3,2020,28,"Paca",0,,,,7.489412,.1072879,,,0,1,1,1,1,1,1
"FRA","Paca","2020-03-29",,,5055651,1941,1,1,1,1,0,1,1,1,1,0,1,1,1,2,1,1,29mar2020,0,3,2020,29,"Paca",0,,,,7.570959,.0815463,,,0,1,1,1,1,1,1
"FRA","Paca","2020-03-30",,,5055651,2108,1,1,1,1,0,1,1,1,1,0,1,1,1,2,1,1,30mar2020,1,3,2020,30,"Paca",0,,,,7.653495,.0825362,,,0,1,1,1,1,1,1
"FRA","Paca","2020-03-31",,,5055651,2244,1,1,1,1,0,1,1,1,1,0,1,1,1,2,1,1,31mar2020,2,3,2020,31,"Paca",0,,,,7.716015,.0625205,,,0,1,1,1,1,1,1
"FRA","Paca","2020-04-01",,,5055651,2383,1,1,1,1,0,1,1,1,1,0,1,1,1,2,1,1,01apr2020,3,4,2020,1,"Paca",0,,,,7.776115,.0601001,,,0,1,1,1,1,1,1
"FRA","Paca","2020-04-02",,,5055651,2513,1,1,1,1,0,1,1,1,1,0,1,1,1,2,1,1,02apr2020,4,4,2020,2,"Paca",0,,,,7.829233,.0531173,,,0,1,1,1,1,1,1
"FRA","Paca","2020-04-03",,,5055651,2662,1,1,1,1,0,1,1,1,1,0,1,1,1,2,1,1,03apr2020,5,4,2020,3,"Paca",0,,,,7.886833,.0576005,,,0,1,1,1,1,1,1
"FRA","Paca","2020-04-04",,,5055651,2764,1,1,1,1,0,1,1,1,1,0,1,1,1,2,1,1,04apr2020,6,4,2020,4,"Paca",0,,,,7.924434,.037601,,,0,1,1,1,1,1,1
"FRA","Paca","2020-04-05",,,5055651,2859,1,1,1,1,0,1,1,1,1,0,1,1,1,2,1,1,05apr2020,0,4,2020,5,"Paca",0,,,,7.958227,.033793,,,0,1,1,1,1,1,1
"FRA","Paca","2020-04-06",,,5055651,2968,1,1,1,1,0,1,1,1,1,0,1,1,1,2,1,1,06apr2020,1,4,2020,6,"Paca",0,,,,7.995644,.0374165,,,0,1,1,1,1,1,1
"FRA","PaysdelaLoire","2020-02-29",,2,3801797,0,0,0,0,0,0,0,0,0,0,0,0,1,0,5000,0,0,29feb2020,6,2,2020,29,"PaysdelaLoire",0,,,,,,,,0,0,1,0,0,0,0
"FRA","PaysdelaLoire","2020-03-01",,3,3801797,0,0,0,0,0,0,0,0,0,0,0,0,1,0,5000,0,0,01mar2020,0,3,2020,1,"PaysdelaLoire",0,,,,,,,,0,0,1,0,0,0,0
"FRA","PaysdelaLoire","2020-03-06",16,16,3801797,48,0,0,0,0,0,0,0,0,0,0,0,1,0,5000,0,0,06mar2020,5,3,2020,6,"PaysdelaLoire",0,,,,3.871201,,,,0,0,1,0,0,0,0
"FRA","PaysdelaLoire","2020-03-07",18,18,3801797,52,0,0,0,0,0,0,0,0,0,0,0,1,0,5000,0,0,07mar2020,6,3,2020,7,"PaysdelaLoire",0,2,.6931472,,3.951244,.0800426,,,0,0,1,0,0,0,0
"FRA","PaysdelaLoire","2020-03-08",25,25,3801797,65,0,0,0,0,0,0,0,0,0,0,0,1,0,1000,0,0,08mar2020,0,3,2020,8,"PaysdelaLoire",0,7,1.94591,1.252763,4.174387,.2231438,.6189693,,0,0,1,1,0,.2,0
"FRA","PaysdelaLoire","2020-03-09",26,26,3801797,73,0,0,0,0,0,0,0,0,0,0,0,1,0,1000,0,0,09mar2020,1,3,2020,9,"PaysdelaLoire",0,1,0,,4.29046,.1160722,,,0,0,1,1,0,.2,0
"FRA","PaysdelaLoire","2020-03-10",27,27,3801797,80,0,0,0,0,0,0,0,0,0,0,0,1,0,1000,0,0,10mar2020,2,3,2020,10,"PaysdelaLoire",0,1,0,0,4.382027,.091567,.6189693,,0,0,1,1,0,.2,0
"FRA","PaysdelaLoire","2020-03-11",34,34,3801797,89,0,0,0,0,0,0,0,.5,.5,0,0,1,0,1000,0,0,11mar2020,3,3,2020,11,"PaysdelaLoire",0,7,1.94591,1.94591,4.488636,.1066098,.6189693,,0,0,1,1,0,.3,0
"FRA","PaysdelaLoire","2020-03-12",41,41,3801797,97,0,0,0,0,0,0,0,.5,.5,0,0,1,0,1000,0,0,12mar2020,4,3,2020,12,"PaysdelaLoire",0,7,1.94591,0,4.574711,.0860744,.6189693,,0,0,1,1,0,.3,0
"FRA","PaysdelaLoire","2020-03-13",55,55,3801797,106,0,0,0,0,0,0,0,.5,.5,0,0,1,0,100,0,0,13mar2020,5,3,2020,13,"PaysdelaLoire",0,14,2.639057,.6931473,4.663439,.0887284,.6189693,,0,0,1,1,1,.5,0
"FRA","PaysdelaLoire","2020-03-14",82,82,3801797,112,0,0,0,0,0,0,0,.5,.5,0,0,1,0,100,0,0,14mar2020,6,3,2020,14,"PaysdelaLoire",0,27,3.295837,.6567795,4.718499,.0550594,.6189693,,0,0,1,1,1,.5,0
"FRA","PaysdelaLoire","2020-03-15",98,98,3801797,127,0,0,0,0,0,0,0,.5,.5,0,1,1,1,100,0,0,15mar2020,0,3,2020,15,"PaysdelaLoire",0,16,2.772589,,4.844187,.1256886,,,1,.5,1,1,1,.5,0
"FRA","PaysdelaLoire","2020-03-16",108,108,3801797,143,0,0,0,0,0,0,0,.5,.5,0,1,1,1,100,1,1,16mar2020,1,3,2020,16,"PaysdelaLoire",0,10,2.302585,,4.962845,.1186576,,,0,.5,1,1,1,.5,1
"FRA","PaysdelaLoire","2020-03-17",126,126,3801797,169,1,1,.33,.33,0,1,1,1,1,0,1,1,1,2,1,1,17mar2020,2,3,2020,17,"PaysdelaLoire",0,18,2.890372,.5877867,5.129899,.1670537,.6189693,,0,.665,1,1,1,1,1
"FRA","PaysdelaLoire","2020-03-18",128,128,3801797,189,1,1,.33,.33,0,1,1,1,1,0,1,1,1,2,1,1,18mar2020,3,3,2020,18,"PaysdelaLoire",0,2,.6931472,,5.241747,.1118484,,,0,.665,1,1,1,1,1
"FRA","PaysdelaLoire","2020-03-19",160,160,3801797,217,1,1,.33,.33,0,1,1,1,1,0,1,1,1,2,1,1,19mar2020,4,3,2020,19,"PaysdelaLoire",0,32,3.465736,2.772589,5.379897,.1381502,.6189693,,0,.665,1,1,1,1,1
"FRA","PaysdelaLoire","2020-03-20",190,190,3801797,258,1,1,.33,.33,0,1,1,1,1,0,1,1,1,2,1,1,20mar2020,5,3,2020,20,"PaysdelaLoire",0,30,3.401197,,5.552959,.1730623,,,0,.665,1,1,1,1,1
"FRA","PaysdelaLoire","2020-03-21",234,234,3801797,294,1,1,.33,.33,0,1,1,1,1,0,1,1,1,2,1,1,21mar2020,6,3,2020,21,"PaysdelaLoire",0,44,3.78419,.3829923,5.68358,.1306205,.6189693,,0,.665,1,1,1,1,1
"FRA","PaysdelaLoire","2020-03-22",270,270,3801797,342,1,1,.33,.33,0,1,1,1,1,0,1,1,1,2,1,1,22mar2020,0,3,2020,22,"PaysdelaLoire",0,36,3.583519,,5.834811,.1512308,,,0,.665,1,1,1,1,1
"FRA","PaysdelaLoire","2020-03-23",293,293,3801797,406,1,1,1,1,0,1,1,1,1,0,1,1,1,2,1,1,23mar2020,1,3,2020,23,"PaysdelaLoire",0,23,3.135494,,6.006353,.1715426,,,0,1,1,1,1,1,1
"FRA","PaysdelaLoire","2020-03-24",343,343,3801797,474,1,1,1,1,0,1,1,1,1,0,1,1,1,2,1,1,24mar2020,2,3,2020,24,"PaysdelaLoire",0,50,3.912023,.7765288,6.161207,.1548538,.6189693,,0,1,1,1,1,1,1
"FRA","PaysdelaLoire","2020-03-25",368,368,3801797,569,1,1,1,1,0,1,1,1,1,0,1,1,1,2,1,1,25mar2020,3,3,2020,25,"PaysdelaLoire",0,25,3.218876,,6.343881,.1826735,,,0,1,1,1,1,1,1
"FRA","PaysdelaLoire","2020-03-26",,,3801797,660,1,1,1,1,0,1,1,1,1,0,1,1,1,2,1,1,26mar2020,4,3,2020,26,"PaysdelaLoire",0,,,,6.49224,.1483593,,,0,1,1,1,1,1,1
"FRA","PaysdelaLoire","2020-03-27",,,3801797,765,1,1,1,1,0,1,1,1,1,0,1,1,1,2,1,1,27mar2020,5,3,2020,27,"PaysdelaLoire",0,,,,6.639876,.1476359,,,0,1,1,1,1,1,1
"FRA","PaysdelaLoire","2020-03-28",,,3801797,857,1,1,1,1,0,1,1,1,1,0,1,1,1,2,1,1,28mar2020,6,3,2020,28,"PaysdelaLoire",0,,,,6.753438,.1135621,,,0,1,1,1,1,1,1
"FRA","PaysdelaLoire","2020-03-29",,,3801797,941,1,1,1,1,0,1,1,1,1,0,1,1,1,2,1,1,29mar2020,0,3,2020,29,"PaysdelaLoire",0,,,,6.846943,.0935049,,,0,1,1,1,1,1,1
"FRA","PaysdelaLoire","2020-03-30",,,3801797,1045,1,1,1,1,0,1,1,1,1,0,1,1,1,2,1,1,30mar2020,1,3,2020,30,"PaysdelaLoire",0,,,,6.951772,.1048293,,,0,1,1,1,1,1,1
"FRA","PaysdelaLoire","2020-03-31",,,3801797,1122,1,1,1,1,0,1,1,1,1,0,1,1,1,2,1,1,31mar2020,2,3,2020,31,"PaysdelaLoire",0,,,,7.022868,.0710959,,,0,1,1,1,1,1,1
"FRA","PaysdelaLoire","2020-04-01",,,3801797,1212,1,1,1,1,0,1,1,1,1,0,1,1,1,2,1,1,01apr2020,3,4,2020,1,"PaysdelaLoire",0,,,,7.100027,.0771589,,,0,1,1,1,1,1,1
"FRA","PaysdelaLoire","2020-04-02",,,3801797,1283,1,1,1,1,0,1,1,1,1,0,1,1,1,2,1,1,02apr2020,4,4,2020,2,"PaysdelaLoire",0,,,,7.156956,.0569291,,,0,1,1,1,1,1,1
"FRA","PaysdelaLoire","2020-04-03",,,3801797,1361,1,1,1,1,0,1,1,1,1,0,1,1,1,2,1,1,03apr2020,5,4,2020,3,"PaysdelaLoire",0,,,,7.215975,.0590186,,,0,1,1,1,1,1,1
"FRA","PaysdelaLoire","2020-04-04",,,3801797,1429,1,1,1,1,0,1,1,1,1,0,1,1,1,2,1,1,04apr2020,6,4,2020,4,"PaysdelaLoire",0,,,,7.26473,.0487552,,,0,1,1,1,1,1,1
"FRA","PaysdelaLoire","2020-04-05",,,3801797,1493,1,1,1,1,0,1,1,1,1,0,1,1,1,2,1,1,05apr2020,0,4,2020,5,"PaysdelaLoire",0,,,,7.308543,.0438128,,,0,1,1,1,1,1,1
"FRA","PaysdelaLoire","2020-04-06",,,3801797,1568,1,1,1,1,0,1,1,1,1,0,1,1,1,2,1,1,06apr2020,1,4,2020,6,"PaysdelaLoire",0,,,,7.357556,.0490136,,,0,1,1,1,1,1,1
