date,adm0_name,adm1_name,school_closure,travel_ban_local_opt,no_gathering,travel_ban_intl_out,work_from_home,testing_regime,home_isolation,religious_closure,cum_confirmed_cases,cum_confirmed_cases_imputed,population,t,dow,month,year,day,adm1_id,longest_series,daily_confirmed_cases,l_cum_confirmed_cases,D_l_cum_confirmed_cases,testing_change_irn_13mar2020,sample_avg,day_avg,travel_ban_local_opt_natl,school_closure_natl,p_irn_1,p_irn_2,_reghdfe_resid,__hdfe1__,__hdfe2__
"2020-03-06","IRN","Alborz",1,1,1,1,1,0,0,0,256,365,2712400,06mar2020,5,3,2020,6,"Alborz",0,129,4.859812,.7489386,0,,,1,0,1,0,-.2338728,.2623319,-.14408344
"2020-03-11","IRN","Alborz",1,1,1,1,1,0,0,0,338,447,2712400,11mar2020,3,3,2020,11,"Alborz",0,45,3.806663,.3409266,0,,,1,0,1,0,-.67804059,.2623319,-.10792757
"2020-03-12","IRN","Alborz",1,1,1,1,1,0,0,0,412,521,2712400,12mar2020,4,3,2020,12,"Alborz",0,74,4.304065,.4974027,0,,,1,0,1,0,-.54977277,.2623319,-.07971937
"2020-03-14","IRN","Alborz",1,1,1,1,1,1,1,0,552,661,2712400,14mar2020,6,3,2020,14,"Alborz",0,134,4.89784,3.106081,0,,,1,0,1,1,2.3858911,.2623319,.01694164
"2020-03-17","IRN","Alborz",1,1,1,1,1,1,1,0,784,893,2712400,17mar2020,2,3,2020,17,"Alborz",0,116,4.75359,.8617699,0,,,1,0,1,1,.0568471,.2623319,.10167506
"2020-03-20","IRN","Alborz",1,1,1,1,1,1,1,0,1016,1125,2712400,20mar2020,5,3,2020,20,"Alborz",0,95,4.553877,.4430032,0,,,1,0,1,1,-.11616114,.2623319,-.14408344
"2020-03-22","IRN","Alborz",1,1,1,1,1,1,1,0,1131,1240,2712400,22mar2020,0,3,2020,22,"Alborz",0,60,4.094345,.0870113,0,,,1,0,1,1,-.86489092,.2623319,.24865449
"2020-03-08","IRN","Ardebil",1,1,1,1,1,0,0,0,47,47,1270420,08mar2020,0,3,2020,8,"Ardebil",0,9,2.197225,2.197225,0,,,1,0,1,0,.59110757,.49289966,.24865449
"2020-03-09","IRN","Ardebil",1,1,1,1,1,0,0,0,69,69,1270420,09mar2020,1,3,2020,9,"Ardebil",0,22,3.091043,.8938179,0,,,1,0,1,0,-.4281665,.49289966,-.03547815
"2020-03-12","IRN","Ardebil",1,1,1,1,1,0,0,0,103,103,1270420,12mar2020,4,3,2020,12,"Ardebil",0,14,2.639057,2.639057,0,,,1,0,1,0,1.3613142,.49289966,-.07971937
"2020-03-13","IRN","Ardebil",1,1,1,1,1,1,1,0,118,118,1270420,13mar2020,5,3,2020,13,"Ardebil",0,15,2.70805,.0689929,1,,,1,0,1,1,-.94109982,.49289966,-.14408344
"2020-03-14","IRN","Ardebil",1,1,1,1,1,1,1,0,151,151,1270420,14mar2020,6,3,2020,14,"Ardebil",0,33,3.496508,.7884574,0,,,1,0,1,1,-.16229975,.49289966,.01694164
"2020-03-19","IRN","Ardebil",1,1,1,1,1,1,1,0,226,226,1270420,19mar2020,4,3,2020,19,"Ardebil",0,16,2.772589,.4700036,0,,,1,0,1,1,-.38409253,.49289966,-.07971937
"2020-03-20","IRN","Ardebil",1,1,1,1,1,1,1,0,261,261,1270420,20mar2020,5,3,2020,20,"Ardebil",0,35,3.555348,.7827594,0,,,1,0,1,1,-.00697263,.49289966,-.14408344
"2020-03-22","IRN","Ardebil",1,1,1,1,1,1,1,0,286,286,1270420,22mar2020,0,3,2020,22,"Ardebil",0,19,2.944439,1.152679,0,,,1,0,1,1,-.02979055,.49289966,.24865449
"2020-03-10","IRN","Bushehr",1,1,1,1,1,0,0,0,18,18,1163400,10mar2020,2,3,2020,10,"Bushehr",0,7,1.94591,1.94591,0,,,1,1,1,0,.87066123,-.4050933,.10167506
"2020-03-17","IRN","Bushehr",1,1,1,1,1,1,1,0,42,42,1163400,17mar2020,2,3,2020,17,"Bushehr",0,4,1.386294,0,0,,,1,1,1,1,-.65160182,-.4050933,.10167506
"2020-03-18","IRN","Bushehr",1,1,1,1,1,1,1,0,46,46,1163400,18mar2020,3,3,2020,18,"Bushehr",0,4,1.386294,0,0,,,1,1,1,1,-.44199919,-.4050933,-.10792757
"2020-03-19","IRN","Bushehr",1,1,1,1,1,1,1,0,54,54,1163400,19mar2020,4,3,2020,19,"Bushehr",0,8,2.079442,.6931472,0,,,1,1,1,1,.22293978,-.4050933,-.07971937
"2020-03-08","IRN","Chahar Mahall and Bakhtiari",1,1,1,1,1,0,0,0,21,21,947763,08mar2020,0,3,2020,8,"Chahar Mahall and Bakhtiari",0,5,1.609438,.9162908,0,,,1,1,1,0,-.16592892,-.54510191,.24865449
"2020-03-09","IRN","Chahar Mahall and Bakhtiari",1,1,1,1,1,0,0,0,26,26,947763,09mar2020,1,3,2020,9,"Chahar Mahall and Bakhtiari",0,5,1.609438,0,0,,,1,1,1,0,-.79808704,-.54510191,-.03547815
"2020-03-10","IRN","Chahar Mahall and Bakhtiari",1,1,1,1,1,0,0,0,37,37,947763,10mar2020,2,3,2020,10,"Chahar Mahall and Bakhtiari",0,11,2.397895,.7884574,0,,,1,1,1,0,-.14678285,-.54510191,.10167506
"2020-03-12","IRN","Chahar Mahall and Bakhtiari",1,1,1,1,1,0,0,0,49,49,947763,12mar2020,4,3,2020,12,"Chahar Mahall and Bakhtiari",0,11,2.397895,2.397895,0,,,1,1,1,0,1.6440495,-.54510191,-.07971937
"2020-03-18","IRN","Chahar Mahall and Bakhtiari",1,1,1,1,1,1,1,0,58,58,947763,18mar2020,3,3,2020,18,"Chahar Mahall and Bakhtiari",0,4,1.386294,.6931472,0,,,1,1,1,1,.39115662,-.54510191,-.10792757
"2020-03-20","IRN","Chahar Mahall and Bakhtiari",1,1,1,1,1,1,1,0,64,64,947763,20mar2020,5,3,2020,20,"Chahar Mahall and Bakhtiari",0,3,1.098612,0,0,,,1,1,1,1,-.2658347,-.54510191,-.14408344
"2020-03-22","IRN","Chahar Mahall and Bakhtiari",1,1,1,1,1,1,1,0,68,68,947763,22mar2020,0,3,2020,22,"Chahar Mahall and Bakhtiari",0,2,.6931472,0,0,,,1,1,1,1,-.65857263,-.54510191,.24865449
"2020-03-06","IRN","East Azarbaijan",1,1,1,1,1,0,0,0,41,41,3909652,06mar2020,5,3,2020,6,"East Azarbaijan",0,10,2.302585,0,0,,,1,1,1,0,-1.0883042,-.14627949,-.14408344
"2020-03-08","IRN","East Azarbaijan",1,1,1,1,1,0,0,0,73,73,3909652,08mar2020,0,3,2020,8,"East Azarbaijan",0,30,3.401197,2.70805,0,,,1,1,1,0,1.2270081,-.14627949,.24865449
"2020-03-11","IRN","East Azarbaijan",1,1,1,1,1,0,0,0,141,141,3909652,11mar2020,3,3,2020,11,"East Azarbaijan",0,29,3.367296,.5340824,0,,,1,1,1,0,-.59037763,-.14627949,-.10792757
"2020-03-13","IRN","East Azarbaijan",1,1,1,1,1,1,1,0,245,245,3909652,13mar2020,5,3,2020,13,"East Azarbaijan",0,97,4.574711,2.628801,1,,,1,1,1,1,1.7437831,-.14627949,-.14408344
"2020-03-17","IRN","East Azarbaijan",1,1,1,1,1,1,1,0,453,453,3909652,17mar2020,2,3,2020,17,"East Azarbaijan",0,78,4.356709,.8013608,0,,,1,1,1,1,-.10905478,-.14627949,.10167506
"2020-03-18","IRN","East Azarbaijan",1,1,1,1,1,1,1,0,537,537,3909652,18mar2020,3,3,2020,18,"East Azarbaijan",0,84,4.430817,.0741076,0,,,1,1,1,1,-.62670535,-.14627949,-.10792757
"2020-03-21","IRN","East Azarbaijan",1,1,1,1,1,1,1,0,722,722,3909652,21mar2020,6,3,2020,21,"East Azarbaijan",0,72,4.276666,.2693329,0,,,1,1,1,1,-.55634932,-.14627949,.01694164
"2020-02-29","IRN","Esfahan",0,0,1,1,0,0,0,0,32,32,5120850,29feb2020,6,2,2020,29,"Esfahan",0,12,2.484907,.1823215,0,,,0,0,0,0,.21556036,.1134651,.01694164
"2020-03-01","IRN","Esfahan",0,1,1,1,0,0,0,0,45,45,5120850,01mar2020,0,3,2020,1,"Esfahan",0,13,2.564949,.0800426,0,,,1,0,1,0,-.63253568,.1134651,.24865449
"2020-03-06","IRN","Esfahan",1,1,1,1,1,1,0,0,313,359,5120850,06mar2020,5,3,2020,6,"Esfahan",0,150,5.010635,.2399507,0,,,1,1,1,0,-1.1080981,.1134651,-.14408344
"2020-03-11","IRN","Esfahan",1,1,1,1,1,1,0,0,713,759,5120850,11mar2020,3,3,2020,11,"Esfahan",0,170,5.135798,2.302585,0,,,1,1,1,0,.9183805,.1134651,-.10792757
"2020-03-13","IRN","Esfahan",1,1,1,1,1,1,1,0,827,873,5120850,13mar2020,5,3,2020,13,"Esfahan",0,110,4.70048,3.314186,1,,,1,1,1,1,2.1694238,.1134651,-.14408344
"2020-03-14","IRN","Esfahan",1,1,1,1,1,1,1,0,982,1028,5120850,14mar2020,6,3,2020,14,"Esfahan",0,155,5.043425,.3429446,0,,,1,1,1,1,-.74248217,.1134651,.01694164
"2020-03-18","IRN","Esfahan",1,1,1,1,1,1,1,0,1463,1509,5120850,18mar2020,3,3,2020,18,"Esfahan",0,162,5.087596,.7701082,0,,,1,1,1,1,-.19044936,.1134651,-.10792757
"2020-03-20","IRN","Esfahan",1,1,1,1,1,1,1,0,1716,1762,5120850,20mar2020,5,3,2020,20,"Esfahan",0,145,4.976734,.2946024,0,,,1,1,1,1,-.62979932,.1134651,-.14408344
"2020-03-07","IRN","Fars",1,1,1,1,1,0,0,0,79,107,4851274,07mar2020,6,3,2020,7,"Fars",0,14,2.639057,.0741081,0,,,1,1,1,0,-.76463116,-.55686945,.01694164
"2020-03-09","IRN","Fars",1,1,1,1,1,0,0,0,117,145,4851274,09mar2020,1,3,2020,9,"Fars",0,29,3.367296,1.170071,0,,,1,1,1,0,.38375162,-.55686945,-.03547815
"2020-03-11","IRN","Fars",1,1,1,1,1,0,0,0,154,182,4851274,11mar2020,3,3,2020,11,"Fars",0,19,2.944439,.0540671,0,,,1,1,1,0,-.65980293,-.55686945,-.10792757
"2020-03-12","IRN","Fars",1,1,1,1,1,0,0,0,183,211,4851274,12mar2020,4,3,2020,12,"Fars",0,29,3.367296,.4228568,0,,,1,1,1,0,-.31922147,-.55686945,-.07971937
"2020-03-13","IRN","Fars",1,1,1,1,1,1,1,0,216,244,4851274,13mar2020,5,3,2020,13,"Fars",0,33,3.496508,.1292119,1,,,1,1,1,1,-.34521587,-.55686945,-.14408344
"2020-03-16","IRN","Fars",1,1,1,1,1,1,1,0,279,307,4851274,16mar2020,1,3,2020,16,"Fars",0,43,3.7612,1.563976,0,,,1,1,1,1,1.2013031,-.55686945,-.03547815
"2020-03-18","IRN","Fars",1,1,1,1,1,1,1,0,370,398,4851274,18mar2020,3,3,2020,18,"Fars",0,60,4.094345,.6603575,0,,,1,1,1,1,.37013445,-.55686945,-.10792757
"2020-03-20","IRN","Fars",1,1,1,1,1,1,1,0,441,469,4851274,20mar2020,5,3,2020,20,"Fars",0,50,3.912023,.8675005,0,,,1,1,1,1,.61343339,-.55686945,-.14408344
"2020-03-22","IRN","Fars",1,1,1,1,1,1,1,0,489,517,4851274,22mar2020,0,3,2020,22,"Fars",0,26,3.258096,.1670539,0,,,1,1,1,1,-.47975115,-.55686945,.24865449
"2020-03-01","IRN","Gilan",1,1,1,1,0,0,0,0,102,102,2530696,01mar2020,0,3,2020,1,"Gilan",0,28,3.332205,.4989913,0,,,1,0,1,0,-.65360416,.55348226,.24865449
"2020-03-06","IRN","Gilan",1,1,1,1,1,1,0,0,308,407,2530696,06mar2020,5,3,2020,6,"Gilan",0,91,4.510859,.1288328,0,,,1,0,1,0,-1.1451289,.55348226,-.14408344
"2020-03-09","IRN","Gilan",1,1,1,1,1,1,0,0,408,507,2530696,09mar2020,1,3,2020,9,"Gilan",0,28,3.332205,2.639057,0,,,1,0,1,0,1.2564904,.55348226,-.03547815
"2020-03-12","IRN","Gilan",1,1,1,1,1,1,0,0,497,596,2530696,12mar2020,4,3,2020,12,"Gilan",0,84,4.430817,2.821379,0,,,1,0,1,0,1.4830529,.55348226,-.07971937
"2020-03-14","IRN","Gilan",1,1,1,1,1,1,1,0,681,780,2530696,14mar2020,6,3,2020,14,"Gilan",0,113,4.727388,.4647079,0,,,1,0,1,1,-.54663189,.55348226,.01694164
"2020-03-17","IRN","Gilan",1,1,1,1,1,1,1,0,787,886,2530696,17mar2020,2,3,2020,17,"Gilan",0,45,3.806663,.9162908,0,,,1,0,1,1,-.1797824,.55348226,.10167506
"2020-03-19","IRN","Gilan",1,1,1,1,1,1,1,0,881,980,2530696,19mar2020,4,3,2020,19,"Gilan",0,73,4.29046,1.245937,0,,,1,0,1,1,.33125837,.55348226,-.07971937
"2020-03-20","IRN","Gilan",1,1,1,1,1,1,1,0,980,1079,2530696,20mar2020,5,3,2020,20,"Gilan",0,99,4.59512,.3046603,0,,,1,0,1,1,-.54565434,.55348226,-.14408344
"2020-03-06","IRN","Golestan",1,1,1,1,1,0,0,0,104,104,1868819,06mar2020,5,3,2020,6,"Golestan",0,67,4.204693,2.818398,0,,,1,0,1,0,1.6749813,.42293772,-.14408344
"2020-03-11","IRN","Golestan",1,1,1,1,1,0,0,0,188,188,1868819,11mar2020,3,3,2020,11,"Golestan",0,9,2.197225,.8109303,0,,,1,0,1,0,-.36864279,.42293772,-.10792757
"2020-03-12","IRN","Golestan",1,1,1,1,1,0,0,0,213,213,1868819,12mar2020,4,3,2020,12,"Golestan",0,25,3.218876,1.021651,0,,,1,0,1,0,-.18612998,.42293772,-.07971937
"2020-03-16","IRN","Golestan",1,1,1,1,1,1,1,0,301,301,1868819,16mar2020,1,3,2020,16,"Golestan",0,42,3.73767,.5187938,0,,,1,0,1,1,-.30958161,.42293772,-.03547815
"2020-03-20","IRN","Golestan",1,1,1,1,1,1,1,0,375,375,1868819,20mar2020,5,3,2020,20,"Golestan",0,15,2.70805,.5108256,0,,,1,0,1,1,-.20894449,.42293772,-.14408344
"2020-03-22","IRN","Golestan",1,1,1,1,1,1,1,0,391,391,1868819,22mar2020,0,3,2020,22,"Golestan",0,10,2.302585,.5108256,0,,,1,0,1,1,-.60168243,.42293772,.24865449
"2020-03-07","IRN","Hamadan",1,1,1,1,1,0,0,0,29,39,1738234,07mar2020,6,3,2020,7,"Hamadan",0,11,2.397895,.4519852,0,,,1,0,1,0,-.24716875,-.18235056,.01694164
"2020-03-08","IRN","Hamadan",1,1,1,1,1,0,0,0,55,65,1738234,08mar2020,0,3,2020,8,"Hamadan",0,26,3.258096,.8602011,0,,,1,0,1,0,-.07066572,-.18235056,.24865449
"2020-03-12","IRN","Hamadan",1,1,1,1,1,0,0,0,91,101,1738234,12mar2020,4,3,2020,12,"Hamadan",0,12,2.484907,.5389966,0,,,1,0,1,0,-.0634964,-.18235056,-.07971937
"2020-03-15","IRN","Hamadan",1,1,1,1,1,1,1,0,119,129,1738234,15mar2020,0,3,2020,15,"Hamadan",0,11,2.397895,.4519852,0,,,1,0,1,1,-.05523456,-.18235056,.24865449
"2020-03-16","IRN","Hamadan",1,1,1,1,1,1,1,0,131,141,1738234,16mar2020,1,3,2020,16,"Hamadan",0,12,2.484907,.0870113,0,,,1,0,1,1,-.13607582,-.18235056,-.03547815
"2020-03-18","IRN","Hamadan",1,1,1,1,1,1,1,0,150,160,1738234,18mar2020,3,3,2020,18,"Hamadan",0,13,2.564949,.7731898,0,,,1,0,1,1,.62255206,-.18235056,-.10792757
"2020-03-20","IRN","Hamadan",1,1,1,1,1,1,1,0,158,168,1738234,20mar2020,5,3,2020,20,"Hamadan",0,5,1.609438,.5108256,0,,,1,0,1,1,.39634378,-.18235056,-.14408344
"2020-03-21","IRN","Hamadan",1,1,1,1,1,1,1,0,163,173,1738234,21mar2020,6,3,2020,21,"Hamadan",0,5,1.609438,0,0,,,1,0,1,1,-.27550694,-.18235056,.01694164
"2020-03-22","IRN","Hamadan",1,1,1,1,1,1,1,0,170,180,1738234,22mar2020,0,3,2020,22,"Hamadan",0,7,1.94591,.3364722,0,,,1,0,1,1,-.17074764,-.18235056,.24865449
"2020-03-09","IRN","Hormozgan",1,1,1,1,1,0,0,0,45,52,1776415,09mar2020,1,3,2020,9,"Hormozgan",0,17,2.833213,1.223775,0,,,1,1,1,0,.16733153,-.2867451,-.03547815
"2020-03-10","IRN","Hormozgan",1,1,1,1,1,0,0,0,62,69,1776415,10mar2020,2,3,2020,10,"Hormozgan",0,17,2.833213,0,0,,,1,1,1,0,-1.1935971,-.2867451,.10167506
"2020-03-16","IRN","Hormozgan",1,1,1,1,1,1,1,0,99,106,1776415,16mar2020,1,3,2020,16,"Hormozgan",0,16,2.772589,.8266786,0,,,1,1,1,1,.19388183,-.2867451,-.03547815
"2020-03-18","IRN","Hormozgan",1,1,1,1,1,1,1,0,117,124,1776415,18mar2020,3,3,2020,18,"Hormozgan",0,12,2.484907,.6931472,0,,,1,1,1,1,.13279981,-.2867451,-.10792757
"2020-03-20","IRN","Hormozgan",1,1,1,1,1,1,1,0,139,146,1776415,20mar2020,5,3,2020,20,"Hormozgan",0,17,2.833213,1.223775,0,,,1,1,1,1,.69958388,-.2867451,-.14408344
"2020-03-10","IRN","Ilam",1,1,1,1,1,0,0,0,54,57,580158,10mar2020,2,3,2020,10,"Ilam",0,25,3.218876,.4462872,0,,,1,1,1,0,-.55252991,-.4815251,.10167506
"2020-03-12","IRN","Ilam",1,1,1,1,1,0,0,0,67,70,580158,12mar2020,4,3,2020,12,"Ilam",0,7,1.94591,.1541506,0,,,1,1,1,0,-.66327204,-.4815251,-.07971937
"2020-03-13","IRN","Ilam",1,1,1,1,1,1,1,0,75,78,580158,13mar2020,5,3,2020,13,"Ilam",0,8,2.079442,.1335315,1,,,1,1,1,1,-.41624069,-.4815251,-.14408344
"2020-03-15","IRN","Ilam",1,1,1,1,1,1,1,0,99,102,580158,15mar2020,0,3,2020,15,"Ilam",0,18,2.890372,1.098612,0,,,1,1,1,1,.37646285,-.4815251,.24865449
"2020-03-17","IRN","Ilam",1,1,1,1,1,1,1,0,108,111,580158,17mar2020,2,3,2020,17,"Ilam",0,7,1.94591,1.252763,0,,,1,1,1,1,.6775929,-.4815251,.10167506
"2020-03-18","IRN","Ilam",1,1,1,1,1,1,1,0,118,121,580158,18mar2020,3,3,2020,18,"Ilam",0,10,2.302585,.356675,0,,,1,1,1,1,-.00889236,-.4815251,-.10792757
"2020-03-20","IRN","Ilam",1,1,1,1,1,1,1,0,146,149,580158,20mar2020,5,3,2020,20,"Ilam",0,20,2.995732,.9162908,0,,,1,1,1,1,.58687924,-.4815251,-.14408344
"2020-03-11","IRN","Kerman",1,1,1,1,1,0,0,0,56,63,3164718,11mar2020,3,3,2020,11,"Kerman",0,18,2.890372,1.504077,0,,,1,1,1,0,.74575193,-.51241401,-.10792757
"2020-03-13","IRN","Kerman",1,1,1,1,1,1,1,0,75,82,3164718,13mar2020,5,3,2020,13,"Kerman",0,12,2.484907,.5389966,1,,,1,1,1,1,.02011336,-.51241401,-.14408344
"2020-03-16","IRN","Kerman",1,1,1,1,1,1,1,0,95,102,3164718,16mar2020,1,3,2020,16,"Kerman",0,13,2.564949,.6190392,0,,,1,1,1,1,.21191128,-.51241401,-.03547815
"2020-03-17","IRN","Kerman",1,1,1,1,1,1,1,0,114,121,3164718,17mar2020,2,3,2020,17,"Kerman",0,19,2.944439,.3794897,0,,,1,1,1,1,-.16479143,-.51241401,.10167506
"2020-03-19","IRN","Kerman",1,1,1,1,1,1,1,0,139,146,3164718,19mar2020,4,3,2020,19,"Kerman",0,14,2.639057,.2411621,0,,,1,1,1,1,-.12172461,-.51241401,-.07971937
"2020-03-22","IRN","Kerman",1,1,1,1,1,1,1,0,167,174,3164718,22mar2020,0,3,2020,22,"Kerman",0,8,2.079442,0,0,,,1,1,1,1,-.69126053,-.51241401,.24865449
"2020-03-09","IRN","Kermanshah",1,1,1,1,1,0,0,0,42,49,1952434,09mar2020,1,3,2020,9,"Kermanshah",0,11,2.397895,1.704748,0,,,1,0,1,0,.79602476,.07963864,-.03547815
"2020-03-11","IRN","Kermanshah",1,1,1,1,1,0,0,0,57,64,1952434,11mar2020,3,3,2020,11,"Kermanshah",0,8,2.079442,.1335315,0,,,1,0,1,0,-.70274251,.07963864,-.10792757
"2020-03-12","IRN","Kermanshah",1,1,1,1,1,0,0,0,77,84,1952434,12mar2020,4,3,2020,12,"Kermanshah",0,20,2.995732,.9162908,0,,,1,0,1,0,.05180859,.07963864,-.07971937
"2020-03-15","IRN","Kermanshah",1,1,1,1,1,1,1,0,113,120,1952434,15mar2020,0,3,2020,15,"Kermanshah",0,13,2.564949,.4855077,0,,,1,0,1,1,-.28370126,.07963864,.24865449
"2020-03-16","IRN","Kermanshah",1,1,1,1,1,1,1,0,129,136,1952434,16mar2020,1,3,2020,16,"Kermanshah",0,16,2.772589,.2076395,0,,,1,0,1,1,-.27743689,.07963864,-.03547815
"2020-03-19","IRN","Kermanshah",1,1,1,1,1,1,1,0,173,180,1952434,19mar2020,4,3,2020,19,"Kermanshah",0,23,3.135494,1.189584,0,,,1,0,1,1,.74874901,.07963864,-.07971937
"2020-03-21","IRN","Kermanshah",1,1,1,1,1,1,1,0,222,229,1952434,21mar2020,6,3,2020,21,"Kermanshah",0,27,3.295837,.2047944,0,,,1,0,1,1,-.33270172,.07963864,.01694164
"2020-03-08","IRN","Khuzestan",1,1,1,1,1,0,0,0,53,84,4710509,08mar2020,0,3,2020,8,"Khuzestan",0,5,1.609438,1.609438,0,,,1,1,1,0,.09210158,-.10998522,.24865449
"2020-03-10","IRN","Khuzestan",1,1,1,1,1,0,0,0,94,125,4710509,10mar2020,2,3,2020,10,"Khuzestan",0,37,3.610918,2.224623,0,,,1,1,1,0,.85426652,-.10998522,.10167506
"2020-03-12","IRN","Khuzestan",1,1,1,1,1,0,0,0,142,173,4710509,12mar2020,4,3,2020,12,"Khuzestan",0,31,3.433987,.6007738,0,,,1,1,1,0,-.58818869,-.10998522,-.07971937
"2020-03-14","IRN","Khuzestan",1,1,1,1,1,1,1,0,205,236,4710509,14mar2020,6,3,2020,14,"Khuzestan",0,48,3.871201,1.163151,0,,,1,1,1,1,.30117433,-.10998522,.01694164
"2020-03-16","IRN","Khuzestan",1,1,1,1,1,1,1,0,290,321,4710509,16mar2020,1,3,2020,16,"Khuzestan",0,53,3.970292,.5045559,0,,,1,1,1,1,-.30500074,-.10998522,-.03547815
"2020-03-18","IRN","Khuzestan",1,1,1,1,1,1,1,0,343,374,4710509,18mar2020,3,3,2020,18,"Khuzestan",0,28,3.332205,.1133287,0,,,1,1,1,1,-.62377855,-.10998522,-.10792757
"2020-03-21","IRN","Khuzestan",1,1,1,1,1,1,1,0,406,437,4710509,21mar2020,6,3,2020,21,"Khuzestan",0,31,3.433987,1.131402,0,,,1,1,1,1,.26942556,-.10998522,.01694164
"2020-03-16","IRN","Kohgiluyeh and Buyer Ahmad",1,1,1,1,1,1,1,0,32,32,713052,16mar2020,1,3,2020,16,"Kohgiluyeh and Buyer Ahmad",0,5,1.609438,1.609438,0,,,1,1,1,1,.19968226,.49021379,-.03547815
"2020-03-19","IRN","Kohgiluyeh and Buyer Ahmad",1,1,1,1,1,1,1,0,60,60,713052,19mar2020,4,3,2020,19,"Kohgiluyeh and Buyer Ahmad",0,15,2.70805,.143101,0,,,1,1,1,1,-1.2224135,.49021379,-.07971937
"2020-03-21","IRN","Kohgiluyeh and Buyer Ahmad",1,1,1,1,1,1,1,0,73,73,713052,21mar2020,6,3,2020,21,"Kohgiluyeh and Buyer Ahmad",0,12,2.484907,2.484907,0,,,1,1,1,1,1.0227312,.49021379,.01694164
"2020-03-06","IRN","Kordestan",1,1,1,1,1,0,0,0,42,42,1603011,06mar2020,5,3,2020,6,"Kordestan",0,24,3.178054,1.386294,0,,,1,0,1,0,.23858959,.42722532,-.14408344
"2020-03-08","IRN","Kordestan",1,1,1,1,1,0,0,0,63,63,1603011,08mar2020,0,3,2020,8,"Kordestan",0,19,2.944439,2.251292,0,,,1,0,1,0,.71084904,.42722532,.24865449
"2020-03-10","IRN","Kordestan",1,1,1,1,1,0,0,0,78,78,1603011,10mar2020,2,3,2020,10,"Kordestan",0,12,2.484907,1.386294,0,,,1,0,1,0,-.00716891,.42722532,.10167506
"2020-03-12","IRN","Kordestan",1,1,1,1,1,0,0,0,93,93,1603011,12mar2020,4,3,2020,12,"Kordestan",0,9,2.197225,.4054651,0,,,1,0,1,0,-.80660373,.42722532,-.07971937
"2020-03-13","IRN","Kordestan",1,1,1,1,1,1,1,0,102,102,1603011,13mar2020,5,3,2020,13,"Kordestan",0,9,2.197225,0,1,,,1,0,1,1,-.94441835,.42722532,-.14408344
"2020-03-15","IRN","Kordestan",1,1,1,1,1,1,1,0,134,134,1603011,15mar2020,0,3,2020,15,"Kordestan",0,27,3.295837,1.686399,0,,,1,0,1,1,.56960331,.42722532,.24865449
"2020-03-16","IRN","Kordestan",1,1,1,1,1,1,1,0,165,165,1603011,16mar2020,1,3,2020,16,"Kordestan",0,31,3.433987,.1381502,0,,,1,0,1,1,-.69451282,.42722532,-.03547815
"2020-03-18","IRN","Kordestan",1,1,1,1,1,1,1,0,189,189,1603011,18mar2020,3,3,2020,18,"Kordestan",0,22,3.091043,2.397895,0,,,1,0,1,1,1.6376817,.42722532,-.10792757
"2020-03-20","IRN","Kordestan",1,1,1,1,1,1,1,0,215,215,1603011,20mar2020,5,3,2020,20,"Kordestan",0,15,2.70805,.3101549,0,,,1,0,1,1,-.41390282,.42722532,-.14408344
"2020-03-22","IRN","Kordestan",1,1,1,1,1,1,1,0,238,238,1603011,22mar2020,0,3,2020,22,"Kordestan",0,16,2.772589,.8266786,0,,,1,0,1,1,-.29011704,.42722532,.24865449
"2020-03-06","IRN","Lorestan",1,1,1,1,1,0,0,0,78,106,1760649,06mar2020,5,3,2020,6,"Lorestan",0,50,3.912023,1.514128,0,,,1,1,1,0,.38903778,-.1094937,-.14408344
"2020-03-08","IRN","Lorestan",1,1,1,1,1,0,0,0,142,170,1760649,08mar2020,0,3,2020,8,"Lorestan",0,37,3.610918,.3150809,0,,,1,1,1,0,-1.202747,-.1094937,.24865449
"2020-03-10","IRN","Lorestan",1,1,1,1,1,0,0,0,174,202,1760649,10mar2020,2,3,2020,10,"Lorestan",0,25,3.218876,1.272966,0,,,1,1,1,0,-.09788266,-.1094937,.10167506
"2020-03-12","IRN","Lorestan",1,1,1,1,1,0,0,0,208,236,1760649,12mar2020,4,3,2020,12,"Lorestan",0,25,3.218876,1.021651,0,,,1,1,1,0,-.16780276,-.1094937,-.07971937
"2020-03-13","IRN","Lorestan",1,1,1,1,1,1,1,0,233,261,1760649,13mar2020,5,3,2020,13,"Lorestan",0,25,3.218876,0,1,,,1,1,1,1,-.92180352,-.1094937,-.14408344
"2020-03-15","IRN","Lorestan",1,1,1,1,1,1,1,0,287,315,1760649,15mar2020,0,3,2020,15,"Lorestan",0,52,3.951244,3.258096,0,,,1,1,1,1,2.1639156,-.1094937,.24865449
"2020-03-18","IRN","Lorestan",1,1,1,1,1,1,1,0,361,389,1760649,18mar2020,3,3,2020,18,"Lorestan",0,39,3.663562,.1082134,0,,,1,1,1,1,-.62938535,-.1094937,-.10792757
"2020-03-21","IRN","Lorestan",1,1,1,1,1,1,1,0,441,469,1760649,21mar2020,6,3,2020,21,"Lorestan",0,34,3.526361,1.329136,0,,,1,1,1,1,.46666791,-.1094937,.01694164
"2020-03-06","IRN","Markazi",1,1,1,1,1,0,0,0,154,309,1429475,06mar2020,5,3,2020,6,"Markazi",0,48,3.871201,.4372139,0,,,1,0,1,0,-.32882913,.04556357,-.14408344
"2020-03-08","IRN","Markazi",1,1,1,1,1,0,0,0,261,416,1429475,08mar2020,0,3,2020,8,"Markazi",0,70,4.248495,.6375773,0,,,1,0,1,0,-.52120367,.04556357,.24865449
"2020-03-11","IRN","Markazi",1,1,1,1,1,0,0,0,373,528,1429475,11mar2020,3,3,2020,11,"Markazi",0,31,3.433987,.1381502,0,,,1,0,1,0,-.66404868,.04556357,-.10792757
"2020-03-12","IRN","Markazi",1,1,1,1,1,0,0,0,461,616,1429475,12mar2020,4,3,2020,12,"Markazi",0,88,4.477337,1.04335,0,,,1,0,1,0,.21294263,.04556357,-.07971937
"2020-03-14","IRN","Markazi",1,1,1,1,1,1,1,0,624,779,1429475,14mar2020,6,3,2020,14,"Markazi",0,115,4.744932,.8737311,0,,,1,0,1,1,.37031007,.04556357,.01694164
"2020-03-17","IRN","Markazi",1,1,1,1,1,1,1,0,685,840,1429475,17mar2020,2,3,2020,17,"Markazi",0,47,3.850147,1.21109,0,,,1,0,1,1,.6229356,.04556357,.10167506
"2020-03-19","IRN","Markazi",1,1,1,1,1,1,1,0,755,910,1429475,19mar2020,4,3,2020,19,"Markazi",0,47,3.850147,.7146533,0,,,1,0,1,1,.30789319,.04556357,-.07971937
"2020-02-29","IRN","Mazandaran",1,0,1,1,0,0,0,0,32,32,3283582,29feb2020,6,2,2020,29,"Mazandaran",0,12,2.484907,.2876821,0,,,0,0,0,0,.15216999,.28221599,.01694164
"2020-03-06","IRN","Mazandaran",1,1,1,1,1,0,0,0,282,321,3283582,06mar2020,5,3,2020,6,"Mazandaran",0,180,5.192957,1.280934,0,,,1,0,1,0,.27823841,.28221599,-.14408344
"2020-03-07","IRN","Mazandaran",1,1,1,1,1,0,0,0,587,626,3283582,07mar2020,6,3,2020,7,"Mazandaran",0,305,5.720312,.5273547,0,,,1,0,1,0,-.63636581,.28221599,.01694164
"2020-03-10","IRN","Mazandaran",1,1,1,1,1,0,0,0,867,906,3283582,10mar2020,2,3,2020,10,"Mazandaran",0,253,5.53339,2.96844,0,,,1,0,1,0,1.7199863,.28221599,.10167506
"2020-03-12","IRN","Mazandaran",1,1,1,1,1,0,0,0,978,1017,3283582,12mar2020,4,3,2020,12,"Mazandaran",0,79,4.369448,.9037118,0,,,1,0,1,0,-.16334773,.28221599,-.07971937
"2020-03-13","IRN","Mazandaran",1,1,1,1,1,1,1,0,1170,1209,3283582,13mar2020,5,3,2020,13,"Mazandaran",0,192,5.257495,.8880477,1,,,1,0,1,1,.08863867,.28221599,-.14408344
"2020-03-15","IRN","Mazandaran",1,1,1,1,1,1,1,0,1259,1298,3283582,15mar2020,0,3,2020,15,"Mazandaran",0,72,4.276666,1.443453,0,,,1,0,1,1,.47166649,.28221599,.24865449
"2020-03-16","IRN","Mazandaran",1,1,1,1,1,1,1,0,1355,1394,3283582,16mar2020,1,3,2020,16,"Mazandaran",0,96,4.564348,.2876821,0,,,1,0,1,1,-.39997165,.28221599,-.03547815
"2020-03-18","IRN","Mazandaran",1,1,1,1,1,1,1,0,1475,1514,3283582,18mar2020,3,3,2020,18,"Mazandaran",0,61,4.110874,.0333362,0,,,1,0,1,1,-.58186811,.28221599,-.10792757
"2020-03-20","IRN","Mazandaran",1,1,1,1,1,1,1,0,1617,1656,3283582,20mar2020,5,3,2020,20,"Mazandaran",0,84,4.430817,.3703737,0,,,1,0,1,1,-.20867468,.28221599,-.14408344
"2020-03-22","IRN","Mazandaran",1,1,1,1,1,1,1,0,1681,1720,3283582,22mar2020,0,3,2020,22,"Mazandaran",0,36,3.583519,.2513144,0,,,1,0,1,1,-.72047194,.28221599,.24865449
"2020-03-09","IRN","North Khorasan",1,1,1,1,1,0,0,0,34,34,863092,09mar2020,1,3,2020,9,"North Khorasan",0,10,2.302585,2.302585,0,,,1,1,1,0,-.21491988,1.1743161,-.03547815
"2020-03-15","IRN","North Khorasan",1,1,1,1,1,1,1,0,52,52,863092,15mar2020,0,3,2020,15,"North Khorasan",0,6,1.791759,1.791759,0,,,1,1,1,1,-.5862311,1.1743161,.24865449
"2020-03-16","IRN","North Khorasan",1,1,1,1,1,1,1,0,97,97,863092,16mar2020,1,3,2020,16,"North Khorasan",0,45,3.806663,2.014903,0,,,1,1,1,1,-.07895489,1.1743161,-.03547815
"2020-03-22","IRN","North Khorasan",1,1,1,1,1,1,1,0,165,165,863092,22mar2020,0,3,2020,22,"North Khorasan",0,26,3.258096,3.258096,0,,,1,1,1,1,.88010586,1.1743161,.24865449
"2020-03-06","IRN","Qazvin",1,1,1,1,1,0,0,0,129,129,1273761,06mar2020,5,3,2020,6,"Qazvin",0,65,4.174387,.7404003,0,,,1,0,1,0,-.42298858,.44290944,-.14408344
"2020-03-08","IRN","Qazvin",1,1,1,1,1,0,0,0,160,160,1273761,08mar2020,0,3,2020,8,"Qazvin",0,29,3.367296,2.674149,0,,,1,0,1,0,1.1180217,.44290944,.24865449
"2020-03-09","IRN","Qazvin",1,1,1,1,1,0,0,0,200,200,1273761,09mar2020,1,3,2020,9,"Qazvin",0,40,3.688879,.3215837,0,,,1,0,1,0,-.95041045,.44290944,-.03547815
"2020-03-11","IRN","Qazvin",1,1,1,1,1,0,0,0,237,237,1273761,11mar2020,3,3,2020,11,"Qazvin",0,27,3.295837,.9932518,0,,,1,0,1,0,-.20629296,.44290944,-.10792757
"2020-03-12","IRN","Qazvin",1,1,1,1,1,0,0,0,279,279,1273761,12mar2020,4,3,2020,12,"Qazvin",0,42,3.73767,.4418328,0,,,1,0,1,0,-.78592019,.44290944,-.07971937
"2020-03-14","IRN","Qazvin",1,1,1,1,1,1,1,0,338,338,1273761,14mar2020,6,3,2020,14,"Qazvin",0,47,3.850147,1.365241,0,,,1,0,1,1,.46447388,.44290944,.01694164
"2020-03-16","IRN","Qazvin",1,1,1,1,1,1,1,0,400,400,1273761,16mar2020,1,3,2020,16,"Qazvin",0,40,3.688879,.597837,0,,,1,0,1,1,-.25051018,.44290944,-.03547815
"2020-03-18","IRN","Qazvin",1,1,1,1,1,1,1,0,479,479,1273761,18mar2020,3,3,2020,18,"Qazvin",0,53,3.970292,.7121954,0,,,1,0,1,1,-.06370232,.44290944,-.10792757
"2020-03-21","IRN","Qazvin",1,1,1,1,1,1,1,0,593,593,1273761,21mar2020,6,3,2020,21,"Qazvin",0,59,4.077538,1.998096,0,,,1,0,1,1,1.0973291,.44290944,.01694164
"2020-02-29","IRN","Qom",1,1,1,1,0,0,0,0,109,109,1292283,29feb2020,6,2,2020,29,"Qom",0,21,3.044523,.2719338,0,,,0,0,0,0,.10209513,.31654259,.01694164
"2020-03-01","IRN","Qom",1,1,1,1,0,0,0,0,139,139,1292283,01mar2020,0,3,2020,1,"Qom",0,30,3.401197,.3566749,0,,,0,0,0,0,-.04487661,.31654259,.24865449
"2020-03-06","IRN","Qom",1,1,1,1,1,1,0,0,409,515,1292283,06mar2020,5,3,2020,6,"Qom",0,137,4.919981,1.454245,0,,,0,0,1,0,.93132727,.31654259,-.14408344
"2020-03-07","IRN","Qom",1,1,1,1,1,1,0,0,554,660,1292283,07mar2020,6,3,2020,7,"Qom",0,145,4.976734,.0567527,0,,,0,0,1,0,-.62719022,.31654259,.01694164
"2020-03-09","IRN","Qom",1,1,1,1,1,1,0,0,598,704,1292283,09mar2020,1,3,2020,9,"Qom",0,27,3.295837,.4626236,0,,,0,0,1,0,-.16889952,.31654259,-.03547815
"2020-03-10","IRN","Qom",1,1,1,1,1,1,0,0,637,743,1292283,10mar2020,2,3,2020,10,"Qom",0,39,3.663562,.3677247,0,,,0,0,1,0,-.40095166,.31654259,.10167506
"2020-03-11","IRN","Qom",1,1,1,1,1,1,0,0,690,796,1292283,11mar2020,3,3,2020,11,"Qom",0,53,3.970292,.3067303,0,,,0,0,1,0,-.25234341,.31654259,-.10792757
"2020-03-13","IRN","Qom",1,1,1,1,1,1,1,0,774,880,1292283,13mar2020,5,3,2020,13,"Qom",0,42,3.73767,0,1,,,0,0,1,1,-.31963139,.31654259,-.14408344
"2020-03-15","IRN","Qom",1,1,1,1,1,1,1,0,890,996,1292283,15mar2020,0,3,2020,15,"Qom",0,84,4.430817,.9650807,0,,,0,0,1,1,.47307203,.31654259,.24865449
"2020-03-17","IRN","Qom",1,1,1,1,1,1,1,1,938,1044,1292283,17mar2020,2,3,2020,17,"Qom",0,29,3.367296,.4228568,0,,,0,0,1,1,.07782754,.31654259,.10167506
"2020-03-19","IRN","Qom",1,1,1,1,1,1,1,1,991,1097,1292283,19mar2020,4,3,2020,19,"Qom",0,31,3.433987,.3429446,0,,,0,0,1,1,.17930977,.31654259,-.07971937
"2020-03-20","IRN","Qom",1,1,1,1,1,1,1,1,1027,1133,1292283,20mar2020,5,3,2020,20,"Qom",0,36,3.583519,.1495318,0,,,0,0,1,1,.05026107,.31654259,-.14408344
"2020-03-09","IRN","Razavi Khorasan",1,1,1,1,1,0,0,0,174,234,6434501,09mar2020,1,3,2020,9,"Razavi Khorasan",0,29,3.367296,.4228568,0,,,1,1,1,0,-.48547637,-.43485576,-.03547815
"2020-03-10","IRN","Razavi Khorasan",1,1,1,1,1,0,0,0,213,273,6434501,10mar2020,2,3,2020,10,"Razavi Khorasan",0,39,3.663562,.2962658,0,,,1,1,1,0,-.74922054,-.43485576,.10167506
"2020-03-13","IRN","Razavi Khorasan",1,1,1,1,1,1,1,0,386,446,6434501,13mar2020,5,3,2020,13,"Razavi Khorasan",0,110,4.70048,1.333185,1,,,1,1,1,1,.73674326,-.43485576,-.14408344
"2020-03-15","IRN","Razavi Khorasan",1,1,1,1,1,1,1,0,559,619,6434501,15mar2020,0,3,2020,15,"Razavi Khorasan",0,143,4.962845,1.561647,0,,,1,1,1,1,.79282864,-.43485576,.24865449
"2020-03-19","IRN","Razavi Khorasan",1,1,1,1,1,1,1,0,702,762,6434501,19mar2020,4,3,2020,19,"Razavi Khorasan",0,50,3.912023,.5108256,0,,,1,1,1,1,.07038072,-.43485576,-.07971937
"2020-03-21","IRN","Razavi Khorasan",1,1,1,1,1,1,1,0,807,867,6434501,21mar2020,6,3,2020,21,"Razavi Khorasan",0,57,4.043051,.1718502,0,,,1,1,1,1,-.36525571,-.43485576,.01694164
"2020-03-06","IRN","Semnan",1,1,1,1,1,0,0,0,97,107,702360,06mar2020,5,3,2020,6,"Semnan",0,54,3.988984,.8979416,0,,,1,0,1,0,-.27277258,.45023471,-.14408344
"2020-03-08","IRN","Semnan",1,1,1,1,1,0,0,0,158,168,702360,08mar2020,0,3,2020,8,"Semnan",0,37,3.610918,.432864,0,,,1,0,1,0,-1.1305882,.45023471,.24865449
"2020-03-09","IRN","Semnan",1,1,1,1,1,0,0,0,203,213,702360,09mar2020,1,3,2020,9,"Semnan",0,45,3.806663,.1957448,0,,,1,0,1,0,-1.0835747,.45023471,-.03547815
"2020-03-11","IRN","Semnan",1,1,1,1,1,0,0,0,267,277,702360,11mar2020,3,3,2020,11,"Semnan",0,63,4.143135,4.143135,0,,,1,0,1,0,2.9362646,.45023471,-.10792757
"2020-03-14","IRN","Semnan",1,1,1,1,1,1,1,0,392,402,702360,14mar2020,6,3,2020,14,"Semnan",0,47,3.850147,.2125614,0,,,1,0,1,1,-.69553084,.45023471,.01694164
"2020-03-18","IRN","Semnan",1,1,1,1,1,1,1,0,560,570,702360,18mar2020,3,3,2020,18,"Semnan",0,60,4.094345,.597837,0,,,1,0,1,1,-.18538602,.45023471,-.10792757
"2020-03-20","IRN","Semnan",1,1,1,1,1,1,1,0,628,638,702360,20mar2020,5,3,2020,20,"Semnan",0,52,3.951244,1.178655,0,,,1,0,1,1,.43158778,.45023471,-.14408344
"2020-03-07","IRN","Sistan and Baluchestan",1,1,1,1,1,0,0,0,33,40,2775014,07mar2020,6,3,2020,7,"Sistan and Baluchestan",0,13,2.564949,1.871802,0,,,1,1,1,0,.81946398,-.34327061,.01694164
"2020-03-12","IRN","Sistan and Baluchestan",1,1,1,1,1,0,0,0,49,56,2775014,12mar2020,4,3,2020,12,"Sistan and Baluchestan",0,6,1.791759,.4054651,0,,,1,1,1,0,-.55021198,-.34327061,-.07971937
"2020-03-14","IRN","Sistan and Baluchestan",1,1,1,1,1,1,1,0,53,60,2775014,14mar2020,6,3,2020,14,"Sistan and Baluchestan",0,2,.6931472,0,0,,,1,1,1,1,-.62869107,-.34327061,.01694164
"2020-03-15","IRN","Sistan and Baluchestan",1,1,1,1,1,1,1,0,59,66,2775014,15mar2020,0,3,2020,15,"Sistan and Baluchestan",0,6,1.791759,1.098612,0,,,1,1,1,1,.23820838,-.34327061,.24865449
"2020-03-16","IRN","Sistan and Baluchestan",1,1,1,1,1,1,1,0,70,77,2775014,16mar2020,1,3,2020,16,"Sistan and Baluchestan",0,11,2.397895,.6061358,0,,,1,1,1,1,.02986456,-.34327061,-.03547815
"2020-03-17","IRN","Sistan and Baluchestan",1,1,1,1,1,1,1,0,81,88,2775014,17mar2020,2,3,2020,17,"Sistan and Baluchestan",0,11,2.397895,0,0,,,1,1,1,1,-.71342449,-.34327061,.10167506
"2020-03-19","IRN","Sistan and Baluchestan",1,1,1,1,1,1,1,0,105,112,2775014,19mar2020,4,3,2020,19,"Sistan and Baluchestan",0,18,2.890372,1.098612,0,,,1,1,1,1,.56658224,-.34327061,-.07971937
"2020-03-22","IRN","Sistan and Baluchestan",1,1,1,1,1,1,1,0,133,140,2775014,22mar2020,0,3,2020,22,"Sistan and Baluchestan",0,15,2.70805,1.098612,0,,,1,1,1,1,.23820838,-.34327061,.24865449
"2020-03-11","IRN","South Khorasan",1,1,1,1,1,0,0,0,63,70,768898,11mar2020,3,3,2020,11,"South Khorasan",0,15,2.70805,.0689929,0,,,1,1,1,0,-.95444233,-.24730435,-.10792757
"2020-03-15","IRN","South Khorasan",1,1,1,1,1,1,1,0,97,104,768898,15mar2020,0,3,2020,15,"South Khorasan",0,18,2.890372,1.504077,0,,,1,1,1,1,.54770723,-.24730435,.24865449
"2020-03-17","IRN","South Khorasan",1,1,1,1,1,1,1,0,116,123,768898,17mar2020,2,3,2020,17,"South Khorasan",0,12,2.484907,.5389966,0,,,1,1,1,1,-.27039419,-.24730435,.10167506
"2020-03-18","IRN","South Khorasan",1,1,1,1,1,1,1,0,137,144,768898,18mar2020,3,3,2020,18,"South Khorasan",0,21,3.044523,.5596159,0,,,1,1,1,1,-.04017229,-.24730435,-.10792757
"2020-03-20","IRN","South Khorasan",1,1,1,1,1,1,1,0,160,167,768898,20mar2020,5,3,2020,20,"South Khorasan",0,18,2.890372,1.280934,0,,,1,1,1,1,.71730159,-.24730435,-.14408344
"2020-03-01","IRN","Tehran",1,1,1,1,0,0,0,0,349,349,13267637,01mar2020,0,3,2020,1,"Tehran",1,170,5.135798,1.184555,0,.8196025,.5300659,1,0,1,0,.9104359,-.32499425,.24865449
"2020-03-06","IRN","Tehran",1,1,1,1,1,0,0,0,719,1317,13267637,06mar2020,5,3,2020,6,"Tehran",1,61,4.110874,.0855222,0,.8196025,.902523,1,0,1,0,-.30996304,-.32499425,-.14408344
"2020-03-07","IRN","Tehran",1,1,1,1,1,0,0,0,845,1443,13267637,07mar2020,6,3,2020,7,"Tehran",1,126,4.836282,.7254081,0,.8196025,.6179018,1,0,1,0,.16889778,-.32499425,.01694164
"2020-03-08","IRN","Tehran",1,1,1,1,1,0,0,0,1111,1709,13267637,08mar2020,0,3,2020,8,"Tehran",1,266,5.583496,.7472143,0,.8196025,1.395398,1,0,1,0,-.04100883,-.32499425,.24865449
"2020-03-10","IRN","Tehran",1,1,1,1,1,0,0,0,1420,2018,13267637,10mar2020,2,3,2020,10,"Tehran",1,169,5.129899,.1882563,0,.8196025,1.199794,1,0,1,0,-.45298745,-.32499425,.10167506
"2020-03-11","IRN","Tehran",1,1,1,1,1,0,0,0,1676,2274,13267637,11mar2020,3,3,2020,11,"Tehran",1,256,5.545177,.4152789,0,.8196025,.9565619,1,0,1,0,-.01636217,-.32499425,-.10792757
"2020-03-12","IRN","Tehran",1,1,1,1,1,0,0,0,1979,2577,13267637,12mar2020,4,3,2020,12,"Tehran",1,303,5.713733,.1685553,0,.8196025,.9647344,1,0,1,0,-.29129403,-.32499425,-.07971937
"2020-03-13","IRN","Tehran",1,1,1,1,1,1,1,0,2282,2880,13267637,13mar2020,5,3,2020,13,"Tehran",1,303,5.713733,0,1,.8196025,.6837351,1,0,1,1,-.19219879,-.32499425,-.14408344
"2020-03-14","IRN","Tehran",1,1,1,1,1,1,1,0,2629,3227,13267637,14mar2020,6,3,2020,14,"Tehran",1,347,5.849325,.135592,0,.8196025,.7359731,1,0,1,1,.00272873,-.32499425,.01694164
"2020-03-17","IRN","Tehran",1,1,1,1,1,1,1,0,3353,3951,13267637,17mar2020,2,3,2020,17,"Tehran",1,273,5.609472,.3111544,0,.8196025,.5614593,1,0,1,1,.0935577,-.32499425,.10167506
"2020-03-20","IRN","Tehran",1,1,1,1,1,1,1,0,3923,4521,13267637,20mar2020,5,3,2020,20,"Tehran",1,220,5.393628,.4736466,0,.8196025,.5656318,1,0,1,1,.50180847,-.32499425,-.14408344
"2020-03-21","IRN","Tehran",1,1,1,1,1,1,1,0,4155,4753,13267637,21mar2020,6,3,2020,21,"Tehran",1,232,5.446737,.0531096,0,.8196025,.7702051,1,0,1,1,-.0797536,-.32499425,.01694164
"2020-03-22","IRN","Tehran",1,1,1,1,1,1,1,0,4404,5002,13267637,22mar2020,0,3,2020,22,"Tehran",1,249,5.517453,.0707154,0,.8196025,.6380128,1,0,1,1,-.29386068,-.32499425,.24865449
"2020-03-09","IRN","West Azarbaijan",1,1,1,1,1,0,0,0,65,65,3265219,09mar2020,1,3,2020,9,"West Azarbaijan",0,29,3.367296,1.421386,0,,,1,1,1,0,.52891514,-.45071845,-.03547815
"2020-03-11","IRN","West Azarbaijan",1,1,1,1,1,0,0,0,96,96,3265219,11mar2020,3,3,2020,11,"West Azarbaijan",0,27,3.295837,1.909543,0,,,1,1,1,0,1.0895215,-.45071845,-.10792757
"2020-03-13","IRN","West Azarbaijan",1,1,1,1,1,1,1,0,140,140,3265219,13mar2020,5,3,2020,13,"West Azarbaijan",0,25,3.218876,.274437,1,,,1,1,1,1,-.30614182,-.45071845,-.14408344
"2020-03-14","IRN","West Azarbaijan",1,1,1,1,1,1,1,0,171,171,3265219,14mar2020,6,3,2020,14,"West Azarbaijan",0,31,3.433987,.2151113,0,,,1,1,1,1,-.30613198,-.45071845,.01694164
"2020-03-16","IRN","West Azarbaijan",1,1,1,1,1,1,1,0,220,220,3265219,16mar2020,1,3,2020,16,"West Azarbaijan",0,31,3.433987,.5436153,0,,,1,1,1,1,.07479188,-.45071845,-.03547815
"2020-03-17","IRN","West Azarbaijan",1,1,1,1,1,1,1,0,254,254,3265219,17mar2020,2,3,2020,17,"West Azarbaijan",0,34,3.526361,.0923734,0,,,1,1,1,1,-.51360328,-.45071845,.10167506
"2020-03-18","IRN","West Azarbaijan",1,1,1,1,1,1,1,0,296,296,3265219,18mar2020,3,3,2020,18,"West Azarbaijan",0,42,3.73767,.2113092,0,,,1,1,1,1,-.18506483,-.45071845,-.10792757
"2020-03-20","IRN","West Azarbaijan",1,1,1,1,1,1,1,0,349,349,3265219,20mar2020,5,3,2020,20,"West Azarbaijan",0,27,3.295837,.0377405,0,,,1,1,1,1,-.32247769,-.45071845,-.14408344
"2020-03-22","IRN","West Azarbaijan",1,1,1,1,1,1,1,0,391,391,3265219,22mar2020,0,3,2020,22,"West Azarbaijan",0,28,3.332205,.6931472,0,,,1,1,1,1,-.05980891,-.45071845,.24865449
"2020-03-10","IRN","Yazd",1,1,1,1,1,0,0,0,125,125,1138533,10mar2020,2,3,2020,10,"Yazd",0,37,3.610918,2.512305,0,,,1,1,1,0,1.3721191,-.34015573,.10167506
"2020-03-13","IRN","Yazd",1,1,1,1,1,1,1,0,215,215,1138533,13mar2020,5,3,2020,13,"Yazd",0,46,3.828641,.7841189,1,,,1,1,1,1,.09297741,-.34015573,-.14408344
"2020-03-14","IRN","Yazd",1,1,1,1,1,1,1,0,288,288,1138533,14mar2020,6,3,2020,14,"Yazd",0,73,4.29046,.4618182,0,,,1,1,1,1,-.16998773,-.34015573,.01694164
"2020-03-16","IRN","Yazd",1,1,1,1,1,1,1,0,375,375,1138533,16mar2020,1,3,2020,16,"Yazd",0,51,3.931826,.3483067,0,,,1,1,1,1,-.23107951,-.34015573,-.03547815
"2020-03-19","IRN","Yazd",1,1,1,1,1,1,1,0,538,538,1138533,19mar2020,4,3,2020,19,"Yazd",0,69,4.234107,.427444,0,,,1,1,1,1,-.10770096,-.34015573,-.07971937
"2020-03-21","IRN","Yazd",1,1,1,1,1,1,1,0,639,639,1138533,21mar2020,6,3,2020,21,"Yazd",0,52,3.951244,.0594234,0,,,1,1,1,1,-.5723825,-.34015573,.01694164
"2020-03-22","IRN","Yazd",1,1,1,1,1,1,1,0,723,723,1138533,22mar2020,0,3,2020,22,"Yazd",0,84,4.430817,.479573,0,,,1,1,1,1,-.38394579,-.34015573,.24865449
"2020-03-09","IRN","Zanjan",1,1,1,1,1,0,0,0,66,66,1057461,09mar2020,1,3,2020,9,"Zanjan",0,15,2.70805,2.70805,0,,,1,0,1,0,1.7687102,.11025528,-.03547815
"2020-03-11","IRN","Zanjan",1,1,1,1,1,0,0,0,99,99,1057461,11mar2020,3,3,2020,11,"Zanjan",0,22,3.091043,.6931472,0,,,1,0,1,0,-.17374343,.11025528,-.10792757
"2020-03-13","IRN","Zanjan",1,1,1,1,1,1,1,0,136,136,1057461,13mar2020,5,3,2020,13,"Zanjan",0,20,2.995732,.162519,1,,,1,0,1,1,-.46492934,.11025528,-.14408344
"2020-03-14","IRN","Zanjan",1,1,1,1,1,1,1,0,167,167,1057461,14mar2020,6,3,2020,14,"Zanjan",0,31,3.433987,.4382548,0,,,1,0,1,1,-.12985794,.11025528,.01694164
"2020-03-15","IRN","Zanjan",1,1,1,1,1,1,1,0,199,199,1057461,15mar2020,0,3,2020,15,"Zanjan",0,32,3.465736,.0317488,0,,,1,0,1,1,-.76807686,.11025528,.24865449
"2020-03-17","IRN","Zanjan",1,1,1,1,1,1,1,0,239,239,1057461,17mar2020,2,3,2020,17,"Zanjan",0,25,3.218876,.5108256,0,,,1,0,1,1,-.14202056,.11025528,.10167506
"2020-03-19","IRN","Zanjan",1,1,1,1,1,1,1,0,285,285,1057461,19mar2020,4,3,2020,19,"Zanjan",0,26,3.258096,.2623641,0,,,1,0,1,1,-.20908762,.11025528,-.07971937
"2020-03-20","IRN","Zanjan",1,1,1,1,1,1,1,0,329,329,1057461,20mar2020,5,3,2020,20,"Zanjan",0,44,3.78419,.5260932,0,,,1,0,1,1,.11900555,.11025528,-.14408344
