datum,provincienaam,aantal,date,adm1_name,cum_confirmed_cases,c1_schoolclosing,c2_workplaceclosing,c3_cancelpublicevents,c4_restrictionsongatherings,c5_closepublictransport,c6_stayathomerequirements,c7_domestictravel,c8_internationaltravel,e1_incomesupport,e2_debtcontractrelief,h1_publicinfocampaign,h2_testingpolicy,h3_contacttracing,school_closure,work_from_home,no_public_gathering,no_private_gathering,home_isolation,travel_ban_local,travel_ban_intl,t,dow,month,year,day,adm1_id,longest_series,l_cum_confirmed_cases,D_l_cum_confirmed_cases,sample_avg,day_avg,p_nl_1,p_nl_2,p_nl_3,p_nl_4,p_nl_5
"2020-03-04","Drenthe",2,"2020-03-04","Drenthe",,0,0,0,0,0,0,0,0,0,0,0,1,2,0,0,0,0,0,0,0,04mar2020,3,3,2020,4,"Drenthe",0,,,,,0,0,0,0,0
"2020-03-05","Drenthe",3,"2020-03-05","Drenthe",,0,0,0,0,0,0,0,0,0,0,0,1,2,0,0,0,0,0,0,0,05mar2020,4,3,2020,5,"Drenthe",0,,,,,0,0,0,0,0
"2020-03-06","Drenthe",3,"2020-03-06","Drenthe",12,0,0,0,0,0,1,0,0,0,0,0,1,2,0,0,0,0,1,0,0,06mar2020,5,3,2020,6,"Drenthe",0,2.484907,,,,0,0,1,0,0
"2020-03-07","Drenthe",3,"2020-03-07","Drenthe",15,0,0,0,0,0,1,0,0,0,0,0,1,2,0,0,0,0,1,0,0,07mar2020,6,3,2020,7,"Drenthe",0,2.70805,.2231436,,,0,0,1,0,0
"2020-03-08","Drenthe",8,"2020-03-08","Drenthe",23,0,0,0,0,0,1,0,0,0,0,0,1,2,0,0,0,0,1,0,0,08mar2020,0,3,2020,8,"Drenthe",0,3.135494,.427444,,,0,0,1,0,0
"2020-03-09","Drenthe",10,"2020-03-09","Drenthe",33,0,0,0,0,0,1,0,0,0,0,2,1,2,0,0,0,0,1,0,0,09mar2020,1,3,2020,9,"Drenthe",0,3.496508,.3610134,,,0,0,1,0,0
"2020-03-10","Drenthe",12,"2020-03-10","Drenthe",45,0,0,2,0,0,1,0,0,0,0,2,1,2,0,0,1,0,1,0,0,10mar2020,2,3,2020,10,"Drenthe",0,3.806663,.3101549,,,0,1,1,0,0
"2020-03-11","Drenthe",12,"2020-03-11","Drenthe",57,0,0,2,0,0,1,0,0,0,0,2,1,2,0,0,1,0,1,0,0,11mar2020,3,3,2020,11,"Drenthe",0,4.043051,.2363887,,,0,1,1,0,0
"2020-03-12","Drenthe",13,"2020-03-12","Drenthe",70,1,1,2,3,0,1,0,0,0,0,2,1,1,1,1,1,1,1,0,0,12mar2020,4,3,2020,12,"Drenthe",0,4.248495,.2054439,,,1,1,1,0,0
"2020-03-13","Drenthe",13,"2020-03-13","Drenthe",83,1,1,2,3,0,1,0,0,0,0,2,1,1,1,1,1,1,1,0,0,13mar2020,5,3,2020,13,"Drenthe",0,4.41884,.1703453,,,1,1,1,0,0
"2020-03-14","Drenthe",15,"2020-03-14","Drenthe",98,1,1,2,3,0,1,0,0,0,0,2,1,1,1,1,1,1,1,0,0,14mar2020,6,3,2020,14,"Drenthe",0,4.584968,.1661272,,,1,1,1,0,0
"2020-03-15","Drenthe",15,"2020-03-15","Drenthe",113,1,3,2,3,0,1,1,0,0,0,2,1,1,1,1,1,1,1,1,0,15mar2020,0,3,2020,15,"Drenthe",0,4.727388,.1424203,,,1,1,1,1,0
"2020-03-16","Drenthe",16,"2020-03-16","Drenthe",129,3,3,2,3,0,1,1,0,0,0,2,1,1,1,1,1,1,1,1,0,16mar2020,1,3,2020,16,"Drenthe",0,4.859812,.1324244,,,1,1,1,1,0
"2020-03-17","Drenthe",17,"2020-03-17","Drenthe",146,3,3,2,3,0,1,1,0,2,0,2,1,1,1,1,1,1,1,1,0,17mar2020,2,3,2020,17,"Drenthe",0,4.983607,.1237946,,,1,1,1,1,0
"2020-03-18","Drenthe",22,"2020-03-18","Drenthe",168,3,3,2,3,0,1,1,0,2,0,2,1,1,1,1,1,1,1,1,0,18mar2020,3,3,2020,18,"Drenthe",0,5.123964,.140357,,,1,1,1,1,0
"2020-03-19","Drenthe",25,"2020-03-19","Drenthe",193,3,3,2,3,0,1,1,3,2,0,2,1,1,1,1,1,1,1,1,1,19mar2020,4,3,2020,19,"Drenthe",0,5.26269,.1387262,,,1,1,1,1,1
"2020-03-20","Drenthe",32,"2020-03-20","Drenthe",225,3,3,2,3,0,1,1,3,2,0,2,1,1,1,1,1,1,1,1,1,20mar2020,5,3,2020,20,"Drenthe",0,5.416101,.1534104,,,1,1,1,1,1
"2020-03-21","Drenthe",38,"2020-03-21","Drenthe",263,3,3,2,3,0,1,1,3,2,0,2,1,1,1,1,1,1,1,1,1,21mar2020,6,3,2020,21,"Drenthe",0,5.572154,.1560535,,,1,1,1,1,1
"2020-03-22","Drenthe",41,"2020-03-22","Drenthe",304,3,3,2,3,0,1,1,3,2,0,2,1,1,1,1,1,1,1,1,1,22mar2020,0,3,2020,22,"Drenthe",0,5.717028,.1448736,,,1,1,1,1,1
"2020-03-23","Drenthe",48,"2020-03-23","Drenthe",352,3,3,2,3,0,2,1,3,2,0,2,1,1,1,1,1,1,1,1,1,23mar2020,1,3,2020,23,"Drenthe",0,5.863631,.1466036,,,1,1,1,1,1
"2020-03-24","Drenthe",54,"2020-03-24","Drenthe",406,3,3,2,3,0,2,1,3,2,0,2,1,1,1,1,1,1,1,1,1,24mar2020,2,3,2020,24,"Drenthe",0,6.006353,.1427221,,,1,1,1,1,1
"2020-03-25","Drenthe",59,"2020-03-25","Drenthe",465,3,3,2,3,0,2,1,3,2,0,2,1,1,1,1,1,1,1,1,1,25mar2020,3,3,2020,25,"Drenthe",0,6.142037,.135684,,,1,1,1,1,1
"2020-03-26","Drenthe",70,"2020-03-26","Drenthe",535,3,3,2,3,0,2,1,3,2,0,2,1,1,1,1,1,1,1,1,1,26mar2020,4,3,2020,26,"Drenthe",0,6.282267,.1402292,,,1,1,1,1,1
"2020-03-27","Drenthe",78,"2020-03-27","Drenthe",613,3,3,2,3,0,2,1,3,2,0,2,1,1,1,1,1,1,1,1,1,27mar2020,5,3,2020,27,"Drenthe",0,6.418365,.1360984,,,1,1,1,1,1
"2020-03-28","Drenthe",96,"2020-03-28","Drenthe",709,3,3,2,3,0,2,1,3,2,1,2,1,1,1,1,1,1,1,1,1,28mar2020,6,3,2020,28,"Drenthe",0,6.563856,.1454906,,,1,1,1,1,1
"2020-03-29","Drenthe",111,"2020-03-29","Drenthe",820,3,3,2,3,0,2,1,3,2,1,2,1,1,1,1,1,1,1,1,1,29mar2020,0,3,2020,29,"Drenthe",0,6.709304,.1454487,,,1,1,1,1,1
"2020-03-30","Drenthe",115,"2020-03-30","Drenthe",935,3,3,2,3,0,2,1,3,2,1,2,1,1,1,1,1,1,1,1,1,30mar2020,1,3,2020,30,"Drenthe",0,6.840547,.1312423,,,1,1,1,1,1
"2020-03-31","Drenthe",126,"2020-03-31","Drenthe",1061,3,3,2,3,1,2,1,3,2,1,2,1,1,1,1,1,1,1,1,1,31mar2020,2,3,2020,31,"Drenthe",0,6.966967,.1264205,,,1,1,1,1,1
"2020-04-01","Drenthe",146,"2020-04-01","Drenthe",1207,3,3,2,3,1,2,1,3,2,1,2,1,1,1,1,1,1,1,1,1,01apr2020,3,4,2020,1,"Drenthe",0,7.095893,.1289263,,,1,1,1,1,1
"2020-03-05","Flevoland",1,"2020-03-05","Flevoland",,0,0,0,0,0,0,0,0,0,0,0,1,2,0,0,0,0,0,0,0,05mar2020,4,3,2020,5,"Flevoland",0,,,,,0,0,0,0,0
"2020-03-06","Flevoland",2,"2020-03-06","Flevoland",,0,0,0,0,0,1,0,0,0,0,0,1,2,0,0,0,0,1,0,0,06mar2020,5,3,2020,6,"Flevoland",0,,,,,0,0,1,0,0
"2020-03-07","Flevoland",2,"2020-03-07","Flevoland",,0,0,0,0,0,1,0,0,0,0,0,1,2,0,0,0,0,1,0,0,07mar2020,6,3,2020,7,"Flevoland",0,,,,,0,0,1,0,0
"2020-03-08","Flevoland",2,"2020-03-08","Flevoland",,0,0,0,0,0,1,0,0,0,0,0,1,2,0,0,0,0,1,0,0,08mar2020,0,3,2020,8,"Flevoland",0,,,,,0,0,1,0,0
"2020-03-09","Flevoland",2,"2020-03-09","Flevoland",,0,0,0,0,0,1,0,0,0,0,2,1,2,0,0,0,0,1,0,0,09mar2020,1,3,2020,9,"Flevoland",0,,,,,0,0,1,0,0
"2020-03-10","Flevoland",2,"2020-03-10","Flevoland",11,0,0,2,0,0,1,0,0,0,0,2,1,2,0,0,1,0,1,0,0,10mar2020,2,3,2020,10,"Flevoland",0,2.397895,,,,0,1,1,0,0
"2020-03-11","Flevoland",3,"2020-03-11","Flevoland",14,0,0,2,0,0,1,0,0,0,0,2,1,2,0,0,1,0,1,0,0,11mar2020,3,3,2020,11,"Flevoland",0,2.639057,.2411621,,,0,1,1,0,0
"2020-03-12","Flevoland",3,"2020-03-12","Flevoland",17,1,1,2,3,0,1,0,0,0,0,2,1,1,1,1,1,1,1,0,0,12mar2020,4,3,2020,12,"Flevoland",0,2.833213,.1941559,,,1,1,1,0,0
"2020-03-13","Flevoland",7,"2020-03-13","Flevoland",24,1,1,2,3,0,1,0,0,0,0,2,1,1,1,1,1,1,1,0,0,13mar2020,5,3,2020,13,"Flevoland",0,3.178054,.3448405,,,1,1,1,0,0
"2020-03-14","Flevoland",14,"2020-03-14","Flevoland",38,1,1,2,3,0,1,0,0,0,0,2,1,1,1,1,1,1,1,0,0,14mar2020,6,3,2020,14,"Flevoland",0,3.637586,.4595323,,,1,1,1,0,0
"2020-03-15","Flevoland",19,"2020-03-15","Flevoland",57,1,3,2,3,0,1,1,0,0,0,2,1,1,1,1,1,1,1,1,0,15mar2020,0,3,2020,15,"Flevoland",0,4.043051,.4054651,,,1,1,1,1,0
"2020-03-16","Flevoland",22,"2020-03-16","Flevoland",79,3,3,2,3,0,1,1,0,0,0,2,1,1,1,1,1,1,1,1,0,16mar2020,1,3,2020,16,"Flevoland",0,4.369448,.3263965,,,1,1,1,1,0
"2020-03-17","Flevoland",24,"2020-03-17","Flevoland",103,3,3,2,3,0,1,1,0,2,0,2,1,1,1,1,1,1,1,1,0,17mar2020,2,3,2020,17,"Flevoland",0,4.634729,.2652812,,,1,1,1,1,0
"2020-03-18","Flevoland",30,"2020-03-18","Flevoland",133,3,3,2,3,0,1,1,0,2,0,2,1,1,1,1,1,1,1,1,0,18mar2020,3,3,2020,18,"Flevoland",0,4.890349,.25562,,,1,1,1,1,0
"2020-03-19","Flevoland",36,"2020-03-19","Flevoland",169,3,3,2,3,0,1,1,3,2,0,2,1,1,1,1,1,1,1,1,1,19mar2020,4,3,2020,19,"Flevoland",0,5.129899,.2395496,,,1,1,1,1,1
"2020-03-20","Flevoland",41,"2020-03-20","Flevoland",210,3,3,2,3,0,1,1,3,2,0,2,1,1,1,1,1,1,1,1,1,20mar2020,5,3,2020,20,"Flevoland",0,5.347107,.2172089,,,1,1,1,1,1
"2020-03-21","Flevoland",50,"2020-03-21","Flevoland",260,3,3,2,3,0,1,1,3,2,0,2,1,1,1,1,1,1,1,1,1,21mar2020,6,3,2020,21,"Flevoland",0,5.560682,.2135744,,,1,1,1,1,1
"2020-03-22","Flevoland",57,"2020-03-22","Flevoland",317,3,3,2,3,0,1,1,3,2,0,2,1,1,1,1,1,1,1,1,1,22mar2020,0,3,2020,22,"Flevoland",0,5.758902,.1982198,,,1,1,1,1,1
"2020-03-23","Flevoland",64,"2020-03-23","Flevoland",381,3,3,2,3,0,2,1,3,2,0,2,1,1,1,1,1,1,1,1,1,23mar2020,1,3,2020,23,"Flevoland",0,5.9428,.183898,,,1,1,1,1,1
"2020-03-24","Flevoland",71,"2020-03-24","Flevoland",452,3,3,2,3,0,2,1,3,2,0,2,1,1,1,1,1,1,1,1,1,24mar2020,2,3,2020,24,"Flevoland",0,6.113682,.1708827,,,1,1,1,1,1
"2020-03-25","Flevoland",82,"2020-03-25","Flevoland",534,3,3,2,3,0,2,1,3,2,0,2,1,1,1,1,1,1,1,1,1,25mar2020,3,3,2020,25,"Flevoland",0,6.280396,.1667137,,,1,1,1,1,1
"2020-03-26","Flevoland",92,"2020-03-26","Flevoland",626,3,3,2,3,0,2,1,3,2,0,2,1,1,1,1,1,1,1,1,1,26mar2020,4,3,2020,26,"Flevoland",0,6.439351,.1589546,,,1,1,1,1,1
"2020-03-27","Flevoland",105,"2020-03-27","Flevoland",731,3,3,2,3,0,2,1,3,2,0,2,1,1,1,1,1,1,1,1,1,27mar2020,5,3,2020,27,"Flevoland",0,6.594413,.1550627,,,1,1,1,1,1
"2020-03-28","Flevoland",117,"2020-03-28","Flevoland",848,3,3,2,3,0,2,1,3,2,1,2,1,1,1,1,1,1,1,1,1,28mar2020,6,3,2020,28,"Flevoland",0,6.742881,.1484675,,,1,1,1,1,1
"2020-03-29","Flevoland",134,"2020-03-29","Flevoland",982,3,3,2,3,0,2,1,3,2,1,2,1,1,1,1,1,1,1,1,1,29mar2020,0,3,2020,29,"Flevoland",0,6.889591,.1467104,,,1,1,1,1,1
"2020-03-30","Flevoland",141,"2020-03-30","Flevoland",1123,3,3,2,3,0,2,1,3,2,1,2,1,1,1,1,1,1,1,1,1,30mar2020,1,3,2020,30,"Flevoland",0,7.023759,.1341677,,,1,1,1,1,1
"2020-03-31","Flevoland",166,"2020-03-31","Flevoland",1289,3,3,2,3,1,2,1,3,2,1,2,1,1,1,1,1,1,1,1,1,31mar2020,2,3,2020,31,"Flevoland",0,7.161622,.1378632,,,1,1,1,1,1
"2020-04-01","Flevoland",189,"2020-04-01","Flevoland",1478,3,3,2,3,1,2,1,3,2,1,2,1,1,1,1,1,1,1,1,1,01apr2020,3,4,2020,1,"Flevoland",0,7.298445,.1368232,,,1,1,1,1,1
"2020-03-10","Friesland",2,"2020-03-10","Friesland",,0,0,2,0,0,1,0,0,0,0,2,1,2,0,0,1,0,1,0,0,10mar2020,2,3,2020,10,"Friesland",0,,,,,0,1,1,0,0
"2020-03-11","Friesland",3,"2020-03-11","Friesland",,0,0,2,0,0,1,0,0,0,0,2,1,2,0,0,1,0,1,0,0,11mar2020,3,3,2020,11,"Friesland",0,,,,,0,1,1,0,0
"2020-03-12","Friesland",6,"2020-03-12","Friesland",11,1,1,2,3,0,1,0,0,0,0,2,1,1,1,1,1,1,1,0,0,12mar2020,4,3,2020,12,"Friesland",0,2.397895,,,,1,1,1,0,0
"2020-03-13","Friesland",7,"2020-03-13","Friesland",18,1,1,2,3,0,1,0,0,0,0,2,1,1,1,1,1,1,1,0,0,13mar2020,5,3,2020,13,"Friesland",0,2.890372,.4924765,,,1,1,1,0,0
"2020-03-14","Friesland",8,"2020-03-14","Friesland",26,1,1,2,3,0,1,0,0,0,0,2,1,1,1,1,1,1,1,0,0,14mar2020,6,3,2020,14,"Friesland",0,3.258096,.3677247,,,1,1,1,0,0
"2020-03-15","Friesland",10,"2020-03-15","Friesland",36,1,3,2,3,0,1,1,0,0,0,2,1,1,1,1,1,1,1,1,0,15mar2020,0,3,2020,15,"Friesland",0,3.583519,.3254225,,,1,1,1,1,0
"2020-03-16","Friesland",13,"2020-03-16","Friesland",49,3,3,2,3,0,1,1,0,0,0,2,1,1,1,1,1,1,1,1,0,16mar2020,1,3,2020,16,"Friesland",0,3.89182,.3083012,,,1,1,1,1,0
"2020-03-17","Friesland",14,"2020-03-17","Friesland",63,3,3,2,3,0,1,1,0,2,0,2,1,1,1,1,1,1,1,1,0,17mar2020,2,3,2020,17,"Friesland",0,4.143135,.2513144,,,1,1,1,1,0
"2020-03-18","Friesland",18,"2020-03-18","Friesland",81,3,3,2,3,0,1,1,0,2,0,2,1,1,1,1,1,1,1,1,0,18mar2020,3,3,2020,18,"Friesland",0,4.394449,.2513146,,,1,1,1,1,0
"2020-03-19","Friesland",20,"2020-03-19","Friesland",101,3,3,2,3,0,1,1,3,2,0,2,1,1,1,1,1,1,1,1,1,19mar2020,4,3,2020,19,"Friesland",0,4.61512,.2206712,,,1,1,1,1,1
"2020-03-20","Friesland",22,"2020-03-20","Friesland",123,3,3,2,3,0,1,1,3,2,0,2,1,1,1,1,1,1,1,1,1,20mar2020,5,3,2020,20,"Friesland",0,4.812184,.1970639,,,1,1,1,1,1
"2020-03-21","Friesland",33,"2020-03-21","Friesland",156,3,3,2,3,0,1,1,3,2,0,2,1,1,1,1,1,1,1,1,1,21mar2020,6,3,2020,21,"Friesland",0,5.049856,.2376719,,,1,1,1,1,1
"2020-03-22","Friesland",34,"2020-03-22","Friesland",190,3,3,2,3,0,1,1,3,2,0,2,1,1,1,1,1,1,1,1,1,22mar2020,0,3,2020,22,"Friesland",0,5.247024,.1971679,,,1,1,1,1,1
"2020-03-23","Friesland",39,"2020-03-23","Friesland",229,3,3,2,3,0,2,1,3,2,0,2,1,1,1,1,1,1,1,1,1,23mar2020,1,3,2020,23,"Friesland",0,5.433722,.186698,,,1,1,1,1,1
"2020-03-24","Friesland",41,"2020-03-24","Friesland",270,3,3,2,3,0,2,1,3,2,0,2,1,1,1,1,1,1,1,1,1,24mar2020,2,3,2020,24,"Friesland",0,5.598422,.1647,,,1,1,1,1,1
"2020-03-25","Friesland",51,"2020-03-25","Friesland",321,3,3,2,3,0,2,1,3,2,0,2,1,1,1,1,1,1,1,1,1,25mar2020,3,3,2020,25,"Friesland",0,5.771441,.1730189,,,1,1,1,1,1
"2020-03-26","Friesland",68,"2020-03-26","Friesland",389,3,3,2,3,0,2,1,3,2,0,2,1,1,1,1,1,1,1,1,1,26mar2020,4,3,2020,26,"Friesland",0,5.963579,.1921382,,,1,1,1,1,1
"2020-03-27","Friesland",81,"2020-03-27","Friesland",470,3,3,2,3,0,2,1,3,2,0,2,1,1,1,1,1,1,1,1,1,27mar2020,5,3,2020,27,"Friesland",0,6.152733,.1891537,,,1,1,1,1,1
"2020-03-28","Friesland",96,"2020-03-28","Friesland",566,3,3,2,3,0,2,1,3,2,1,2,1,1,1,1,1,1,1,1,1,28mar2020,6,3,2020,28,"Friesland",0,6.338594,.1858611,,,1,1,1,1,1
"2020-03-29","Friesland",118,"2020-03-29","Friesland",684,3,3,2,3,0,2,1,3,2,1,2,1,1,1,1,1,1,1,1,1,29mar2020,0,3,2020,29,"Friesland",0,6.527958,.189364,,,1,1,1,1,1
"2020-03-30","Friesland",123,"2020-03-30","Friesland",807,3,3,2,3,0,2,1,3,2,1,2,1,1,1,1,1,1,1,1,1,30mar2020,1,3,2020,30,"Friesland",0,6.693324,.1653657,,,1,1,1,1,1
"2020-03-31","Friesland",130,"2020-03-31","Friesland",937,3,3,2,3,1,2,1,3,2,1,2,1,1,1,1,1,1,1,1,1,31mar2020,2,3,2020,31,"Friesland",0,6.842683,.1493597,,,1,1,1,1,1
"2020-04-01","Friesland",144,"2020-04-01","Friesland",1081,3,3,2,3,1,2,1,3,2,1,2,1,1,1,1,1,1,1,1,1,01apr2020,3,4,2020,1,"Friesland",0,6.985642,.1429586,,,1,1,1,1,1
"2020-03-04","Gelderland",1,"2020-03-04","Gelderland",,0,0,0,0,0,0,0,0,0,0,0,1,2,0,0,0,0,0,0,0,04mar2020,3,3,2020,4,"Gelderland",0,,,,,0,0,0,0,0
"2020-03-05","Gelderland",2,"2020-03-05","Gelderland",,0,0,0,0,0,0,0,0,0,0,0,1,2,0,0,0,0,0,0,0,05mar2020,4,3,2020,5,"Gelderland",0,,,,,0,0,0,0,0
"2020-03-06","Gelderland",10,"2020-03-06","Gelderland",13,0,0,0,0,0,1,0,0,0,0,0,1,2,0,0,0,0,1,0,0,06mar2020,5,3,2020,6,"Gelderland",0,2.564949,,,,0,0,1,0,0
"2020-03-07","Gelderland",13,"2020-03-07","Gelderland",26,0,0,0,0,0,1,0,0,0,0,0,1,2,0,0,0,0,1,0,0,07mar2020,6,3,2020,7,"Gelderland",0,3.258096,.6931472,,,0,0,1,0,0
"2020-03-08","Gelderland",26,"2020-03-08","Gelderland",52,0,0,0,0,0,1,0,0,0,0,0,1,2,0,0,0,0,1,0,0,08mar2020,0,3,2020,8,"Gelderland",0,3.951244,.6931472,,,0,0,1,0,0
"2020-03-09","Gelderland",27,"2020-03-09","Gelderland",79,0,0,0,0,0,1,0,0,0,0,2,1,2,0,0,0,0,1,0,0,09mar2020,1,3,2020,9,"Gelderland",0,4.369448,.4182041,,,0,0,1,0,0
"2020-03-10","Gelderland",30,"2020-03-10","Gelderland",109,0,0,2,0,0,1,0,0,0,0,2,1,2,0,0,1,0,1,0,0,10mar2020,2,3,2020,10,"Gelderland",0,4.691348,.3219004,,,0,1,1,0,0
"2020-03-11","Gelderland",36,"2020-03-11","Gelderland",145,0,0,2,0,0,1,0,0,0,0,2,1,2,0,0,1,0,1,0,0,11mar2020,3,3,2020,11,"Gelderland",0,4.976734,.2853856,,,0,1,1,0,0
"2020-03-12","Gelderland",48,"2020-03-12","Gelderland",193,1,1,2,3,0,1,0,0,0,0,2,1,1,1,1,1,1,1,0,0,12mar2020,4,3,2020,12,"Gelderland",0,5.26269,.2859564,,,1,1,1,0,0
"2020-03-13","Gelderland",64,"2020-03-13","Gelderland",257,1,1,2,3,0,1,0,0,0,0,2,1,1,1,1,1,1,1,0,0,13mar2020,5,3,2020,13,"Gelderland",0,5.549076,.286386,,,1,1,1,0,0
"2020-03-14","Gelderland",76,"2020-03-14","Gelderland",333,1,1,2,3,0,1,0,0,0,0,2,1,1,1,1,1,1,1,0,0,14mar2020,6,3,2020,14,"Gelderland",0,5.808143,.2590666,,,1,1,1,0,0
"2020-03-15","Gelderland",100,"2020-03-15","Gelderland",433,1,3,2,3,0,1,1,0,0,0,2,1,1,1,1,1,1,1,1,0,15mar2020,0,3,2020,15,"Gelderland",0,6.070738,.2625952,,,1,1,1,1,0
"2020-03-16","Gelderland",135,"2020-03-16","Gelderland",568,3,3,2,3,0,1,1,0,0,0,2,1,1,1,1,1,1,1,1,0,16mar2020,1,3,2020,16,"Gelderland",0,6.342122,.2713838,,,1,1,1,1,0
"2020-03-17","Gelderland",173,"2020-03-17","Gelderland",741,3,3,2,3,0,1,1,0,2,0,2,1,1,1,1,1,1,1,1,0,17mar2020,2,3,2020,17,"Gelderland",0,6.608001,.2658792,,,1,1,1,1,0
"2020-03-18","Gelderland",210,"2020-03-18","Gelderland",951,3,3,2,3,0,1,1,0,2,0,2,1,1,1,1,1,1,1,1,0,18mar2020,3,3,2020,18,"Gelderland",0,6.857514,.2495131,,,1,1,1,1,0
"2020-03-19","Gelderland",240,"2020-03-19","Gelderland",1191,3,3,2,3,0,1,1,3,2,0,2,1,1,1,1,1,1,1,1,1,19mar2020,4,3,2020,19,"Gelderland",0,7.082549,.2250347,,,1,1,1,1,1
"2020-03-20","Gelderland",303,"2020-03-20","Gelderland",1494,3,3,2,3,0,1,1,3,2,0,2,1,1,1,1,1,1,1,1,1,20mar2020,5,3,2020,20,"Gelderland",0,7.309212,.2266636,,,1,1,1,1,1
"2020-03-21","Gelderland",362,"2020-03-21","Gelderland",1856,3,3,2,3,0,1,1,3,2,0,2,1,1,1,1,1,1,1,1,1,21mar2020,6,3,2020,21,"Gelderland",0,7.526179,.2169666,,,1,1,1,1,1
"2020-03-22","Gelderland",421,"2020-03-22","Gelderland",2277,3,3,2,3,0,1,1,3,2,0,2,1,1,1,1,1,1,1,1,1,22mar2020,0,3,2020,22,"Gelderland",0,7.730614,.2044353,,,1,1,1,1,1
"2020-03-23","Gelderland",502,"2020-03-23","Gelderland",2779,3,3,2,3,0,2,1,3,2,0,2,1,1,1,1,1,1,1,1,1,23mar2020,1,3,2020,23,"Gelderland",0,7.929846,.1992321,,,1,1,1,1,1
"2020-03-24","Gelderland",576,"2020-03-24","Gelderland",3355,3,3,2,3,0,2,1,3,2,0,2,1,1,1,1,1,1,1,1,1,24mar2020,2,3,2020,24,"Gelderland",0,8.118207,.1883607,,,1,1,1,1,1
"2020-03-25","Gelderland",675,"2020-03-25","Gelderland",4030,3,3,2,3,0,2,1,3,2,0,2,1,1,1,1,1,1,1,1,1,25mar2020,3,3,2020,25,"Gelderland",0,8.301521,.1833143,,,1,1,1,1,1
"2020-03-26","Gelderland",797,"2020-03-26","Gelderland",4827,3,3,2,3,0,2,1,3,2,0,2,1,1,1,1,1,1,1,1,1,26mar2020,4,3,2020,26,"Gelderland",0,8.48198,.180459,,,1,1,1,1,1
"2020-03-27","Gelderland",926,"2020-03-27","Gelderland",5753,3,3,2,3,0,2,1,3,2,0,2,1,1,1,1,1,1,1,1,1,27mar2020,5,3,2020,27,"Gelderland",0,8.657476,.1754961,,,1,1,1,1,1
"2020-03-28","Gelderland",1058,"2020-03-28","Gelderland",6811,3,3,2,3,0,2,1,3,2,1,2,1,1,1,1,1,1,1,1,1,28mar2020,6,3,2020,28,"Gelderland",0,8.826294,.1688175,,,1,1,1,1,1
"2020-03-29","Gelderland",1235,"2020-03-29","Gelderland",8046,3,3,2,3,0,2,1,3,2,1,2,1,1,1,1,1,1,1,1,1,29mar2020,0,3,2020,29,"Gelderland",0,8.99293,.1666365,,,1,1,1,1,1
"2020-03-30","Gelderland",1337,"2020-03-30","Gelderland",9383,3,3,2,3,0,2,1,3,2,1,2,1,1,1,1,1,1,1,1,1,30mar2020,1,3,2020,30,"Gelderland",0,9.146655,.1537247,,,1,1,1,1,1
"2020-03-31","Gelderland",1475,"2020-03-31","Gelderland",10858,3,3,2,3,1,2,1,3,2,1,2,1,1,1,1,1,1,1,1,1,31mar2020,2,3,2020,31,"Gelderland",0,9.292658,.1460028,,,1,1,1,1,1
"2020-04-01","Gelderland",1615,"2020-04-01","Gelderland",12473,3,3,2,3,1,2,1,3,2,1,2,1,1,1,1,1,1,1,1,1,01apr2020,3,4,2020,1,"Gelderland",0,9.431321,.1386633,,,1,1,1,1,1
"2020-03-12","Groningen",3,"2020-03-12","Groningen",,1,1,2,3,0,1,0,0,0,0,2,1,1,1,1,1,1,1,0,0,12mar2020,4,3,2020,12,"Groningen",0,,,,,1,1,1,0,0
"2020-03-13","Groningen",4,"2020-03-13","Groningen",,1,1,2,3,0,1,0,0,0,0,2,1,1,1,1,1,1,1,0,0,13mar2020,5,3,2020,13,"Groningen",0,,,,,1,1,1,0,0
"2020-03-14","Groningen",4,"2020-03-14","Groningen",11,1,1,2,3,0,1,0,0,0,0,2,1,1,1,1,1,1,1,0,0,14mar2020,6,3,2020,14,"Groningen",0,2.397895,,,,1,1,1,0,0
"2020-03-15","Groningen",9,"2020-03-15","Groningen",20,1,3,2,3,0,1,1,0,0,0,2,1,1,1,1,1,1,1,1,0,15mar2020,0,3,2020,15,"Groningen",0,2.995732,.597837,,,1,1,1,1,0
"2020-03-16","Groningen",10,"2020-03-16","Groningen",30,3,3,2,3,0,1,1,0,0,0,2,1,1,1,1,1,1,1,1,0,16mar2020,1,3,2020,16,"Groningen",0,3.401197,.4054651,,,1,1,1,1,0
"2020-03-17","Groningen",10,"2020-03-17","Groningen",40,3,3,2,3,0,1,1,0,2,0,2,1,1,1,1,1,1,1,1,0,17mar2020,2,3,2020,17,"Groningen",0,3.688879,.2876821,,,1,1,1,1,0
"2020-03-18","Groningen",15,"2020-03-18","Groningen",55,3,3,2,3,0,1,1,0,2,0,2,1,1,1,1,1,1,1,1,0,18mar2020,3,3,2020,18,"Groningen",0,4.007333,.3184538,,,1,1,1,1,0
"2020-03-19","Groningen",29,"2020-03-19","Groningen",84,3,3,2,3,0,1,1,3,2,0,2,1,1,1,1,1,1,1,1,1,19mar2020,4,3,2020,19,"Groningen",0,4.430817,.4234834,,,1,1,1,1,1
"2020-03-20","Groningen",33,"2020-03-20","Groningen",117,3,3,2,3,0,1,1,3,2,0,2,1,1,1,1,1,1,1,1,1,20mar2020,5,3,2020,20,"Groningen",0,4.762174,.3313575,,,1,1,1,1,1
"2020-03-21","Groningen",46,"2020-03-21","Groningen",163,3,3,2,3,0,1,1,3,2,0,2,1,1,1,1,1,1,1,1,1,21mar2020,6,3,2020,21,"Groningen",0,5.09375,.3315759,,,1,1,1,1,1
"2020-03-22","Groningen",56,"2020-03-22","Groningen",219,3,3,2,3,0,1,1,3,2,0,2,1,1,1,1,1,1,1,1,1,22mar2020,0,3,2020,22,"Groningen",0,5.389072,.2953219,,,1,1,1,1,1
"2020-03-23","Groningen",67,"2020-03-23","Groningen",286,3,3,2,3,0,2,1,3,2,0,2,1,1,1,1,1,1,1,1,1,23mar2020,1,3,2020,23,"Groningen",0,5.655992,.2669201,,,1,1,1,1,1
"2020-03-24","Groningen",67,"2020-03-24","Groningen",353,3,3,2,3,0,2,1,3,2,0,2,1,1,1,1,1,1,1,1,1,24mar2020,2,3,2020,24,"Groningen",0,5.866468,.2104759,,,1,1,1,1,1
"2020-03-25","Groningen",80,"2020-03-25","Groningen",433,3,3,2,3,0,2,1,3,2,0,2,1,1,1,1,1,1,1,1,1,25mar2020,3,3,2020,25,"Groningen",0,6.070738,.2042699,,,1,1,1,1,1
"2020-03-26","Groningen",109,"2020-03-26","Groningen",542,3,3,2,3,0,2,1,3,2,0,2,1,1,1,1,1,1,1,1,1,26mar2020,4,3,2020,26,"Groningen",0,6.295266,.2245283,,,1,1,1,1,1
"2020-03-27","Groningen",120,"2020-03-27","Groningen",662,3,3,2,3,0,2,1,3,2,0,2,1,1,1,1,1,1,1,1,1,27mar2020,5,3,2020,27,"Groningen",0,6.495265,.1999993,,,1,1,1,1,1
"2020-03-28","Groningen",133,"2020-03-28","Groningen",795,3,3,2,3,0,2,1,3,2,1,2,1,1,1,1,1,1,1,1,1,28mar2020,6,3,2020,28,"Groningen",0,6.678342,.1830769,,,1,1,1,1,1
"2020-03-29","Groningen",140,"2020-03-29","Groningen",935,3,3,2,3,0,2,1,3,2,1,2,1,1,1,1,1,1,1,1,1,29mar2020,0,3,2020,29,"Groningen",0,6.840547,.1622043,,,1,1,1,1,1
"2020-03-30","Groningen",146,"2020-03-30","Groningen",1081,3,3,2,3,0,2,1,3,2,1,2,1,1,1,1,1,1,1,1,1,30mar2020,1,3,2020,30,"Groningen",0,6.985642,.1450953,,,1,1,1,1,1
"2020-03-31","Groningen",161,"2020-03-31","Groningen",1242,3,3,2,3,1,2,1,3,2,1,2,1,1,1,1,1,1,1,1,1,31mar2020,2,3,2020,31,"Groningen",0,7.124478,.1388364,,,1,1,1,1,1
"2020-04-01","Groningen",169,"2020-04-01","Groningen",1411,3,3,2,3,1,2,1,3,2,1,2,1,1,1,1,1,1,1,1,1,01apr2020,3,4,2020,1,"Groningen",0,7.252054,.1275754,,,1,1,1,1,1
"2020-03-05","Limburg",2,"2020-03-05","Limburg",,0,0,0,0,0,0,0,0,0,0,0,1,2,0,0,0,0,0,0,0,05mar2020,4,3,2020,5,"Limburg",0,,,,,0,0,0,0,0
"2020-03-06","Limburg",9,"2020-03-06","Limburg",11,0,0,0,0,0,1,0,0,0,0,0,1,2,0,0,0,0,1,0,0,06mar2020,5,3,2020,6,"Limburg",0,2.397895,,,,0,0,1,0,0
"2020-03-07","Limburg",11,"2020-03-07","Limburg",22,0,0,0,0,0,1,0,0,0,0,0,1,2,0,0,0,0,1,0,0,07mar2020,6,3,2020,7,"Limburg",0,3.091043,.6931472,,,0,0,1,0,0
"2020-03-08","Limburg",16,"2020-03-08","Limburg",38,0,0,0,0,0,1,0,0,0,0,0,1,2,0,0,0,0,1,0,0,08mar2020,0,3,2020,8,"Limburg",0,3.637586,.5465436,,,0,0,1,0,0
"2020-03-09","Limburg",23,"2020-03-09","Limburg",61,0,0,0,0,0,1,0,0,0,0,2,1,2,0,0,0,0,1,0,0,09mar2020,1,3,2020,9,"Limburg",0,4.110874,.4732876,,,0,0,1,0,0
"2020-03-10","Limburg",32,"2020-03-10","Limburg",93,0,0,2,0,0,1,0,0,0,0,2,1,2,0,0,1,0,1,0,0,10mar2020,2,3,2020,10,"Limburg",0,4.532599,.4217257,,,0,1,1,0,0
"2020-03-11","Limburg",48,"2020-03-11","Limburg",141,0,0,2,0,0,1,0,0,0,0,2,1,2,0,0,1,0,1,0,0,11mar2020,3,3,2020,11,"Limburg",0,4.94876,.4161606,,,0,1,1,0,0
"2020-03-12","Limburg",53,"2020-03-12","Limburg",194,1,1,2,3,0,1,0,0,0,0,2,1,1,1,1,1,1,1,0,0,12mar2020,4,3,2020,12,"Limburg",0,5.267858,.319098,,,1,1,1,0,0
"2020-03-13","Limburg",67,"2020-03-13","Limburg",261,1,1,2,3,0,1,0,0,0,0,2,1,1,1,1,1,1,1,0,0,13mar2020,5,3,2020,13,"Limburg",0,5.56452,.2966623,,,1,1,1,0,0
"2020-03-14","Limburg",104,"2020-03-14","Limburg",365,1,1,2,3,0,1,0,0,0,0,2,1,1,1,1,1,1,1,0,0,14mar2020,6,3,2020,14,"Limburg",0,5.899898,.3353772,,,1,1,1,0,0
"2020-03-15","Limburg",129,"2020-03-15","Limburg",494,1,3,2,3,0,1,1,0,0,0,2,1,1,1,1,1,1,1,1,0,15mar2020,0,3,2020,15,"Limburg",0,6.202536,.3026381,,,1,1,1,1,0
"2020-03-16","Limburg",149,"2020-03-16","Limburg",643,3,3,2,3,0,1,1,0,0,0,2,1,1,1,1,1,1,1,1,0,16mar2020,1,3,2020,16,"Limburg",0,6.466145,.2636089,,,1,1,1,1,0
"2020-03-17","Limburg",197,"2020-03-17","Limburg",840,3,3,2,3,0,1,1,0,2,0,2,1,1,1,1,1,1,1,1,0,17mar2020,2,3,2020,17,"Limburg",0,6.733402,.2672572,,,1,1,1,1,0
"2020-03-18","Limburg",258,"2020-03-18","Limburg",1098,3,3,2,3,0,1,1,0,2,0,2,1,1,1,1,1,1,1,1,0,18mar2020,3,3,2020,18,"Limburg",0,7.001245,.2678437,,,1,1,1,1,0
"2020-03-19","Limburg",291,"2020-03-19","Limburg",1389,3,3,2,3,0,1,1,3,2,0,2,1,1,1,1,1,1,1,1,1,19mar2020,4,3,2020,19,"Limburg",0,7.23634,.2350941,,,1,1,1,1,1
"2020-03-20","Limburg",357,"2020-03-20","Limburg",1746,3,3,2,3,0,1,1,3,2,0,2,1,1,1,1,1,1,1,1,1,20mar2020,5,3,2020,20,"Limburg",0,7.465083,.2287431,,,1,1,1,1,1
"2020-03-21","Limburg",408,"2020-03-21","Limburg",2154,3,3,2,3,0,1,1,3,2,0,2,1,1,1,1,1,1,1,1,1,21mar2020,6,3,2020,21,"Limburg",0,7.675082,.2099991,,,1,1,1,1,1
"2020-03-22","Limburg",437,"2020-03-22","Limburg",2591,3,3,2,3,0,1,1,3,2,0,2,1,1,1,1,1,1,1,1,1,22mar2020,0,3,2020,22,"Limburg",0,7.859799,.1847177,,,1,1,1,1,1
"2020-03-23","Limburg",479,"2020-03-23","Limburg",3070,3,3,2,3,0,2,1,3,2,0,2,1,1,1,1,1,1,1,1,1,23mar2020,1,3,2020,23,"Limburg",0,8.029433,.1696339,,,1,1,1,1,1
"2020-03-24","Limburg",670,"2020-03-24","Limburg",3740,3,3,2,3,0,2,1,3,2,0,2,1,1,1,1,1,1,1,1,1,24mar2020,2,3,2020,24,"Limburg",0,8.226841,.1974077,,,1,1,1,1,1
"2020-03-25","Limburg",765,"2020-03-25","Limburg",4505,3,3,2,3,0,2,1,3,2,0,2,1,1,1,1,1,1,1,1,1,25mar2020,3,3,2020,25,"Limburg",0,8.412943,.1861019,,,1,1,1,1,1
"2020-03-26","Limburg",858,"2020-03-26","Limburg",5363,3,3,2,3,0,2,1,3,2,0,2,1,1,1,1,1,1,1,1,1,26mar2020,4,3,2020,26,"Limburg",0,8.587278,.1743355,,,1,1,1,1,1
"2020-03-27","Limburg",943,"2020-03-27","Limburg",6306,3,3,2,3,0,2,1,3,2,0,2,1,1,1,1,1,1,1,1,1,27mar2020,5,3,2020,27,"Limburg",0,8.749257,.1619787,,,1,1,1,1,1
"2020-03-28","Limburg",1073,"2020-03-28","Limburg",7379,3,3,2,3,0,2,1,3,2,1,2,1,1,1,1,1,1,1,1,1,28mar2020,6,3,2020,28,"Limburg",0,8.906393,.157136,,,1,1,1,1,1
"2020-03-29","Limburg",1168,"2020-03-29","Limburg",8547,3,3,2,3,0,2,1,3,2,1,2,1,1,1,1,1,1,1,1,1,29mar2020,0,3,2020,29,"Limburg",0,9.053335,.1469421,,,1,1,1,1,1
"2020-03-30","Limburg",1281,"2020-03-30","Limburg",9828,3,3,2,3,0,2,1,3,2,1,2,1,1,1,1,1,1,1,1,1,30mar2020,1,3,2020,30,"Limburg",0,9.19299,.1396551,,,1,1,1,1,1
"2020-03-31","Limburg",1426,"2020-03-31","Limburg",11254,3,3,2,3,1,2,1,3,2,1,2,1,1,1,1,1,1,1,1,1,31mar2020,2,3,2020,31,"Limburg",0,9.328479,.1354885,,,1,1,1,1,1
"2020-04-01","Limburg",1513,"2020-04-01","Limburg",12767,3,3,2,3,1,2,1,3,2,1,2,1,1,1,1,1,1,1,1,1,01apr2020,3,4,2020,1,"Limburg",0,9.454619,.1261406,,,1,1,1,1,1
"2020-03-04","NA",1,"2020-03-04","NA",,0,0,0,0,0,0,0,0,0,0,0,1,2,0,0,0,0,0,0,0,04mar2020,3,3,2020,4,"NA",0,,,,,0,0,0,0,0
"2020-03-05","NA",5,"2020-03-05","NA",14,0,0,0,0,0,0,0,0,0,0,0,1,2,0,0,0,0,0,0,0,05mar2020,4,3,2020,5,"NA",0,2.639057,,,,0,0,0,0,0
"2020-03-06","NA",4,"2020-03-06","NA",18,0,0,0,0,0,1,0,0,0,0,0,1,2,0,0,0,0,1,0,0,06mar2020,5,3,2020,6,"NA",0,2.890372,.2513144,,,0,0,1,0,0
"2020-03-07","NA",4,"2020-03-07","NA",22,0,0,0,0,0,1,0,0,0,0,0,1,2,0,0,0,0,1,0,0,07mar2020,6,3,2020,7,"NA",0,3.091043,.2006707,,,0,0,1,0,0
"2020-03-08","NA",2,"2020-03-08","NA",24,0,0,0,0,0,1,0,0,0,0,0,1,2,0,0,0,0,1,0,0,08mar2020,0,3,2020,8,"NA",0,3.178054,.0870113,,,0,0,1,0,0
"2020-03-09","NA",1,"2020-03-09","NA",25,0,0,0,0,0,1,0,0,0,0,2,1,2,0,0,0,0,1,0,0,09mar2020,1,3,2020,9,"NA",0,3.218876,.040822,,,0,0,1,0,0
"2020-03-10","NA",2,"2020-03-10","NA",27,0,0,2,0,0,1,0,0,0,0,2,1,2,0,0,1,0,1,0,0,10mar2020,2,3,2020,10,"NA",0,3.295837,.076961,,,0,1,1,0,0
"2020-03-11","NA",6,"2020-03-11","NA",33,0,0,2,0,0,1,0,0,0,0,2,1,2,0,0,1,0,1,0,0,11mar2020,3,3,2020,11,"NA",0,3.496508,.2006707,,,0,1,1,0,0
"2020-03-12","NA",12,"2020-03-12","NA",45,1,1,2,3,0,1,0,0,0,0,2,1,1,1,1,1,1,1,0,0,12mar2020,4,3,2020,12,"NA",0,3.806663,.3101549,,,1,1,1,0,0
"2020-03-13","NA",28,"2020-03-13","NA",73,1,1,2,3,0,1,0,0,0,0,2,1,1,1,1,1,1,1,0,0,13mar2020,5,3,2020,13,"NA",0,4.29046,.4837971,,,1,1,1,0,0
"2020-03-14","NA",37,"2020-03-14","NA",110,1,1,2,3,0,1,0,0,0,0,2,1,1,1,1,1,1,1,0,0,14mar2020,6,3,2020,14,"NA",0,4.70048,.4100208,,,1,1,1,0,0
"2020-03-15","NA",58,"2020-03-15","NA",168,1,3,2,3,0,1,1,0,0,0,2,1,1,1,1,1,1,1,1,0,15mar2020,0,3,2020,15,"NA",0,5.123964,.4234834,,,1,1,1,1,0
"2020-03-16","NA",70,"2020-03-16","NA",238,3,3,2,3,0,1,1,0,0,0,2,1,1,1,1,1,1,1,1,0,16mar2020,1,3,2020,16,"NA",0,5.47227,.3483067,,,1,1,1,1,0
"2020-03-17","NA",70,"2020-03-17","NA",308,3,3,2,3,0,1,1,0,2,0,2,1,1,1,1,1,1,1,1,0,17mar2020,2,3,2020,17,"NA",0,5.7301,.2578292,,,1,1,1,1,0
"2020-03-18","NA",84,"2020-03-18","NA",392,3,3,2,3,0,1,1,0,2,0,2,1,1,1,1,1,1,1,1,0,18mar2020,3,3,2020,18,"NA",0,5.971262,.2411623,,,1,1,1,1,0
"2020-03-19","NA",89,"2020-03-19","NA",481,3,3,2,3,0,1,1,3,2,0,2,1,1,1,1,1,1,1,1,1,19mar2020,4,3,2020,19,"NA",0,6.175867,.2046051,,,1,1,1,1,1
"2020-03-20","NA",112,"2020-03-20","NA",593,3,3,2,3,0,1,1,3,2,0,2,1,1,1,1,1,1,1,1,1,20mar2020,5,3,2020,20,"NA",0,6.385194,.2093272,,,1,1,1,1,1
"2020-03-21","NA",137,"2020-03-21","NA",730,3,3,2,3,0,1,1,3,2,0,2,1,1,1,1,1,1,1,1,1,21mar2020,6,3,2020,21,"NA",0,6.593045,.2078505,,,1,1,1,1,1
"2020-03-22","NA",155,"2020-03-22","NA",885,3,3,2,3,0,1,1,3,2,0,2,1,1,1,1,1,1,1,1,1,22mar2020,0,3,2020,22,"NA",0,6.785588,.192543,,,1,1,1,1,1
"2020-03-23","NA",184,"2020-03-23","NA",1069,3,3,2,3,0,2,1,3,2,0,2,1,1,1,1,1,1,1,1,1,23mar2020,1,3,2020,23,"NA",0,6.974479,.1888909,,,1,1,1,1,1
"2020-03-24","NA",200,"2020-03-24","NA",1269,3,3,2,3,0,2,1,3,2,0,2,1,1,1,1,1,1,1,1,1,24mar2020,2,3,2020,24,"NA",0,7.145985,.1715059,,,1,1,1,1,1
"2020-03-25","NA",213,"2020-03-25","NA",1482,3,3,2,3,0,2,1,3,2,0,2,1,1,1,1,1,1,1,1,1,25mar2020,3,3,2020,25,"NA",0,7.301148,.1551633,,,1,1,1,1,1
"2020-03-26","NA",237,"2020-03-26","NA",1719,3,3,2,3,0,2,1,3,2,0,2,1,1,1,1,1,1,1,1,1,26mar2020,4,3,2020,26,"NA",0,7.449498,.1483502,,,1,1,1,1,1
"2020-03-27","NA",265,"2020-03-27","NA",1984,3,3,2,3,0,2,1,3,2,0,2,1,1,1,1,1,1,1,1,1,27mar2020,5,3,2020,27,"NA",0,7.59287,.1433721,,,1,1,1,1,1
"2020-03-28","NA",279,"2020-03-28","NA",2263,3,3,2,3,0,2,1,3,2,1,2,1,1,1,1,1,1,1,1,1,28mar2020,6,3,2020,28,"NA",0,7.724447,.1315765,,,1,1,1,1,1
"2020-03-29","NA",305,"2020-03-29","NA",2568,3,3,2,3,0,2,1,3,2,1,2,1,1,1,1,1,1,1,1,1,29mar2020,0,3,2020,29,"NA",0,7.850883,.1264358,,,1,1,1,1,1
"2020-03-30","NA",310,"2020-03-30","NA",2878,3,3,2,3,0,2,1,3,2,1,2,1,1,1,1,1,1,1,1,1,30mar2020,1,3,2020,30,"NA",0,7.964851,.1139684,,,1,1,1,1,1
"2020-03-31","NA",0,"2020-03-31","NA",2878,3,3,2,3,1,2,1,3,2,1,2,1,1,1,1,1,1,1,1,1,31mar2020,2,3,2020,31,"NA",0,7.964851,0,,,1,1,1,1,1
"2020-04-01","NA",0,"2020-04-01","NA",2878,3,3,2,3,1,2,1,3,2,1,2,1,1,1,1,1,1,1,1,1,01apr2020,3,4,2020,1,"NA",0,7.964851,0,,,1,1,1,1,1
"2020-03-04","Noord-Brabant",17,"2020-03-04","Noord-Brabant",44,0,0,0,0,0,0,0,0,0,0,0,1,2,0,0,0,0,0,0,0,04mar2020,3,3,2020,4,"Noord-Brabant",1,3.78419,,.2338569,.4819732,0,0,0,0,0
"2020-03-05","Noord-Brabant",24,"2020-03-05","Noord-Brabant",68,0,0,0,0,0,0,0,0,0,0,0,1,2,0,0,0,0,0,0,0,05mar2020,4,3,2020,5,"Noord-Brabant",1,4.219508,.435318,.2338569,.4819732,0,0,0,0,0
"2020-03-06","Noord-Brabant",34,"2020-03-06","Noord-Brabant",102,0,0,0,0,0,1,0,0,0,0,0,1,2,0,0,0,0,1,0,0,06mar2020,5,3,2020,6,"Noord-Brabant",1,4.624973,.4054651,.2338569,.4671144,0,0,1,0,0
"2020-03-07","Noord-Brabant",57,"2020-03-07","Noord-Brabant",159,0,0,0,0,0,1,0,0,0,0,0,1,2,0,0,0,0,1,0,0,07mar2020,6,3,2020,7,"Noord-Brabant",1,5.068904,.4439316,.2338569,.4566264,0,0,1,0,0
"2020-03-08","Noord-Brabant",93,"2020-03-08","Noord-Brabant",252,0,0,0,0,0,1,0,0,0,0,0,1,2,0,0,0,0,1,0,0,08mar2020,0,3,2020,8,"Noord-Brabant",1,5.529429,.4605246,.2338569,.4126088,0,0,1,0,0
"2020-03-09","Noord-Brabant",135,"2020-03-09","Noord-Brabant",387,0,0,0,0,0,1,0,0,0,0,2,1,2,0,0,0,0,1,0,0,09mar2020,1,3,2020,9,"Noord-Brabant",1,5.958425,.4289956,.2338569,.3398349,0,0,1,0,0
"2020-03-10","Noord-Brabant",157,"2020-03-10","Noord-Brabant",544,0,0,2,0,0,1,0,0,0,0,2,1,2,0,0,1,0,1,0,0,10mar2020,2,3,2020,10,"Noord-Brabant",1,6.298949,.3405247,.2338569,.2858543,0,1,1,0,0
"2020-03-11","Noord-Brabant",218,"2020-03-11","Noord-Brabant",762,0,0,2,0,0,1,0,0,0,0,2,1,2,0,0,1,0,1,0,0,11mar2020,3,3,2020,11,"Noord-Brabant",1,6.635947,.3369975,.2338569,.2727495,0,1,1,0,0
"2020-03-12","Noord-Brabant",266,"2020-03-12","Noord-Brabant",1028,1,1,2,3,0,1,0,0,0,0,2,1,1,1,1,1,1,1,0,0,12mar2020,4,3,2020,12,"Noord-Brabant",1,6.93537,.2994237,.2338569,.2806203,1,1,1,0,0
"2020-03-13","Noord-Brabant",360,"2020-03-13","Noord-Brabant",1388,1,1,2,3,0,1,0,0,0,0,2,1,1,1,1,1,1,1,0,0,13mar2020,5,3,2020,13,"Noord-Brabant",1,7.235619,.3002486,.2338569,.3056483,1,1,1,0,0
"2020-03-14","Noord-Brabant",403,"2020-03-14","Noord-Brabant",1791,1,1,2,3,0,1,0,0,0,0,2,1,1,1,1,1,1,1,0,0,14mar2020,6,3,2020,14,"Noord-Brabant",1,7.49053,.2549105,.2338569,.2867269,1,1,1,0,0
"2020-03-15","Noord-Brabant",446,"2020-03-15","Noord-Brabant",2237,1,3,2,3,0,1,1,0,0,0,2,1,1,1,1,1,1,1,1,0,15mar2020,0,3,2020,15,"Noord-Brabant",1,7.712891,.2223616,.2338569,.291375,1,1,1,1,0
"2020-03-16","Noord-Brabant",554,"2020-03-16","Noord-Brabant",2791,3,3,2,3,0,1,1,0,0,0,2,1,1,1,1,1,1,1,1,0,16mar2020,1,3,2020,16,"Noord-Brabant",1,7.934155,.2212644,.2338569,.2633429,1,1,1,1,0
"2020-03-17","Noord-Brabant",634,"2020-03-17","Noord-Brabant",3425,3,3,2,3,0,1,1,0,2,0,2,1,1,1,1,1,1,1,1,0,17mar2020,2,3,2020,17,"Noord-Brabant",1,8.138857,.2047014,.2338569,.2353428,1,1,1,1,0
"2020-03-18","Noord-Brabant",728,"2020-03-18","Noord-Brabant",4153,3,3,2,3,0,1,1,0,2,0,2,1,1,1,1,1,1,1,1,0,18mar2020,3,3,2020,18,"Noord-Brabant",1,8.331586,.192729,.2338569,.2338502,1,1,1,1,0
"2020-03-19","Noord-Brabant",842,"2020-03-19","Noord-Brabant",4995,3,3,2,3,0,1,1,3,2,0,2,1,1,1,1,1,1,1,1,1,19mar2020,4,3,2020,19,"Noord-Brabant",1,8.516192,.1846066,.2338569,.231504,1,1,1,1,1
"2020-03-20","Noord-Brabant",971,"2020-03-20","Noord-Brabant",5966,3,3,2,3,0,1,1,3,2,0,2,1,1,1,1,1,1,1,1,1,20mar2020,5,3,2020,20,"Noord-Brabant",1,8.693832,.17764,.2338569,.2215529,1,1,1,1,1
"2020-03-21","Noord-Brabant",1139,"2020-03-21","Noord-Brabant",7105,3,3,2,3,0,1,1,3,2,0,2,1,1,1,1,1,1,1,1,1,21mar2020,6,3,2020,21,"Noord-Brabant",1,8.868554,.1747217,.2338569,.2261201,1,1,1,1,1
"2020-03-22","Noord-Brabant",1358,"2020-03-22","Noord-Brabant",8463,3,3,2,3,0,1,1,3,2,0,2,1,1,1,1,1,1,1,1,1,22mar2020,0,3,2020,22,"Noord-Brabant",1,9.043459,.1749048,.2338569,.2050782,1,1,1,1,1
"2020-03-23","Noord-Brabant",1508,"2020-03-23","Noord-Brabant",9971,3,3,2,3,0,2,1,3,2,0,2,1,1,1,1,1,1,1,1,1,23mar2020,1,3,2020,23,"Noord-Brabant",1,9.207437,.1639776,.2338569,.1916765,1,1,1,1,1
"2020-03-24","Noord-Brabant",1685,"2020-03-24","Noord-Brabant",11656,3,3,2,3,0,2,1,3,2,0,2,1,1,1,1,1,1,1,1,1,24mar2020,2,3,2020,24,"Noord-Brabant",1,9.363576,.1561394,.2338569,.1807586,1,1,1,1,1
"2020-03-25","Noord-Brabant",1861,"2020-03-25","Noord-Brabant",13517,3,3,2,3,0,2,1,3,2,0,2,1,1,1,1,1,1,1,1,1,25mar2020,3,3,2020,25,"Noord-Brabant",1,9.511703,.1481276,.2338569,.1770112,1,1,1,1,1
"2020-03-26","Noord-Brabant",2100,"2020-03-26","Noord-Brabant",15617,3,3,2,3,0,2,1,3,2,0,2,1,1,1,1,1,1,1,1,1,26mar2020,4,3,2020,26,"Noord-Brabant",1,9.656116,.144412,.2338569,.1764199,1,1,1,1,1
"2020-03-27","Noord-Brabant",2426,"2020-03-27","Noord-Brabant",18043,3,3,2,3,0,2,1,3,2,0,2,1,1,1,1,1,1,1,1,1,27mar2020,5,3,2020,27,"Noord-Brabant",1,9.800513,.1443977,.2338569,.1703657,1,1,1,1,1
"2020-03-28","Noord-Brabant",2678,"2020-03-28","Noord-Brabant",20721,3,3,2,3,0,2,1,3,2,1,2,1,1,1,1,1,1,1,1,1,28mar2020,6,3,2020,28,"Noord-Brabant",1,9.938903,.1383896,.2338569,.1636825,1,1,1,1,1
"2020-03-29","Noord-Brabant",2950,"2020-03-29","Noord-Brabant",23671,3,3,2,3,0,2,1,3,2,1,2,1,1,1,1,1,1,1,1,1,29mar2020,0,3,2020,29,"Noord-Brabant",1,10.07201,.1331034,.2338569,.1565728,1,1,1,1,1
"2020-03-30","Noord-Brabant",3162,"2020-03-30","Noord-Brabant",26833,3,3,2,3,0,2,1,3,2,1,2,1,1,1,1,1,1,1,1,1,30mar2020,1,3,2020,30,"Noord-Brabant",1,10.19739,.1253815,.2338569,.1440381,1,1,1,1,1
"2020-03-31","Noord-Brabant",3412,"2020-03-31","Noord-Brabant",30245,3,3,2,3,1,2,1,3,2,1,2,1,1,1,1,1,1,1,1,1,31mar2020,2,3,2020,31,"Noord-Brabant",1,10.31709,.1196985,.2338569,.1292155,1,1,1,1,1
"2020-04-01","Noord-Brabant",3560,"2020-04-01","Noord-Brabant",33805,3,3,2,3,1,2,1,3,2,1,2,1,1,1,1,1,1,1,1,1,01apr2020,3,4,2020,1,"Noord-Brabant",1,10.42836,.1112776,.2338569,.123528,1,1,1,1,1
"2020-03-04","Noord-Holland",7,"2020-03-04","Noord-Holland",21,0,0,0,0,0,0,0,0,0,0,0,1,2,0,0,0,0,0,0,0,04mar2020,3,3,2020,4,"Noord-Holland",0,3.044523,,,,0,0,0,0,0
"2020-03-05","Noord-Holland",9,"2020-03-05","Noord-Holland",30,0,0,0,0,0,0,0,0,0,0,0,1,2,0,0,0,0,0,0,0,05mar2020,4,3,2020,5,"Noord-Holland",0,3.401197,.3566749,,,0,0,0,0,0
"2020-03-06","Noord-Holland",10,"2020-03-06","Noord-Holland",40,0,0,0,0,0,1,0,0,0,0,0,1,2,0,0,0,0,1,0,0,06mar2020,5,3,2020,6,"Noord-Holland",0,3.688879,.2876821,,,0,0,1,0,0
"2020-03-07","Noord-Holland",17,"2020-03-07","Noord-Holland",57,0,0,0,0,0,1,0,0,0,0,0,1,2,0,0,0,0,1,0,0,07mar2020,6,3,2020,7,"Noord-Holland",0,4.043051,.3541718,,,0,0,1,0,0
"2020-03-08","Noord-Holland",22,"2020-03-08","Noord-Holland",79,0,0,0,0,0,1,0,0,0,0,0,1,2,0,0,0,0,1,0,0,08mar2020,0,3,2020,8,"Noord-Holland",0,4.369448,.3263965,,,0,0,1,0,0
"2020-03-09","Noord-Holland",23,"2020-03-09","Noord-Holland",102,0,0,0,0,0,1,0,0,0,0,2,1,2,0,0,0,0,1,0,0,09mar2020,1,3,2020,9,"Noord-Holland",0,4.624973,.2555251,,,0,0,1,0,0
"2020-03-10","Noord-Holland",30,"2020-03-10","Noord-Holland",132,0,0,2,0,0,1,0,0,0,0,2,1,2,0,0,1,0,1,0,0,10mar2020,2,3,2020,10,"Noord-Holland",0,4.882802,.2578292,,,0,1,1,0,0
"2020-03-11","Noord-Holland",35,"2020-03-11","Noord-Holland",167,0,0,2,0,0,1,0,0,0,0,2,1,2,0,0,1,0,1,0,0,11mar2020,3,3,2020,11,"Noord-Holland",0,5.117994,.2351918,,,0,1,1,0,0
"2020-03-12","Noord-Holland",42,"2020-03-12","Noord-Holland",209,1,1,2,3,0,1,0,0,0,0,2,1,1,1,1,1,1,1,0,0,12mar2020,4,3,2020,12,"Noord-Holland",0,5.342334,.2243404,,,1,1,1,0,0
"2020-03-13","Noord-Holland",63,"2020-03-13","Noord-Holland",272,1,1,2,3,0,1,0,0,0,0,2,1,1,1,1,1,1,1,0,0,13mar2020,5,3,2020,13,"Noord-Holland",0,5.605802,.2634678,,,1,1,1,0,0
"2020-03-14","Noord-Holland",83,"2020-03-14","Noord-Holland",355,1,1,2,3,0,1,0,0,0,0,2,1,1,1,1,1,1,1,0,0,14mar2020,6,3,2020,14,"Noord-Holland",0,5.872118,.2663159,,,1,1,1,0,0
"2020-03-15","Noord-Holland",90,"2020-03-15","Noord-Holland",445,1,3,2,3,0,1,1,0,0,0,2,1,1,1,1,1,1,1,1,0,15mar2020,0,3,2020,15,"Noord-Holland",0,6.098074,.2259564,,,1,1,1,1,0
"2020-03-16","Noord-Holland",115,"2020-03-16","Noord-Holland",560,3,3,2,3,0,1,1,0,0,0,2,1,1,1,1,1,1,1,1,0,16mar2020,1,3,2020,16,"Noord-Holland",0,6.327937,.2298622,,,1,1,1,1,0
"2020-03-17","Noord-Holland",151,"2020-03-17","Noord-Holland",711,3,3,2,3,0,1,1,0,2,0,2,1,1,1,1,1,1,1,1,0,17mar2020,2,3,2020,17,"Noord-Holland",0,6.566672,.2387357,,,1,1,1,1,0
"2020-03-18","Noord-Holland",173,"2020-03-18","Noord-Holland",884,3,3,2,3,0,1,1,0,2,0,2,1,1,1,1,1,1,1,1,0,18mar2020,3,3,2020,18,"Noord-Holland",0,6.784457,.2177849,,,1,1,1,1,0
"2020-03-19","Noord-Holland",244,"2020-03-19","Noord-Holland",1128,3,3,2,3,0,1,1,3,2,0,2,1,1,1,1,1,1,1,1,1,19mar2020,4,3,2020,19,"Noord-Holland",0,7.028202,.2437444,,,1,1,1,1,1
"2020-03-20","Noord-Holland",327,"2020-03-20","Noord-Holland",1455,3,3,2,3,0,1,1,3,2,0,2,1,1,1,1,1,1,1,1,1,20mar2020,5,3,2020,20,"Noord-Holland",0,7.282761,.2545595,,,1,1,1,1,1
"2020-03-21","Noord-Holland",429,"2020-03-21","Noord-Holland",1884,3,3,2,3,0,1,1,3,2,0,2,1,1,1,1,1,1,1,1,1,21mar2020,6,3,2020,21,"Noord-Holland",0,7.541152,.2583914,,,1,1,1,1,1
"2020-03-22","Noord-Holland",499,"2020-03-22","Noord-Holland",2383,3,3,2,3,0,1,1,3,2,0,2,1,1,1,1,1,1,1,1,1,22mar2020,0,3,2020,22,"Noord-Holland",0,7.776115,.2349629,,,1,1,1,1,1
"2020-03-23","Noord-Holland",560,"2020-03-23","Noord-Holland",2943,3,3,2,3,0,2,1,3,2,0,2,1,1,1,1,1,1,1,1,1,23mar2020,1,3,2020,23,"Noord-Holland",0,7.987185,.2110691,,,1,1,1,1,1
"2020-03-24","Noord-Holland",696,"2020-03-24","Noord-Holland",3639,3,3,2,3,0,2,1,3,2,0,2,1,1,1,1,1,1,1,1,1,24mar2020,2,3,2020,24,"Noord-Holland",0,8.199464,.2122793,,,1,1,1,1,1
"2020-03-25","Noord-Holland",825,"2020-03-25","Noord-Holland",4464,3,3,2,3,0,2,1,3,2,0,2,1,1,1,1,1,1,1,1,1,25mar2020,3,3,2020,25,"Noord-Holland",0,8.403801,.2043371,,,1,1,1,1,1
"2020-03-26","Noord-Holland",982,"2020-03-26","Noord-Holland",5446,3,3,2,3,0,2,1,3,2,0,2,1,1,1,1,1,1,1,1,1,26mar2020,4,3,2020,26,"Noord-Holland",0,8.602636,.1988354,,,1,1,1,1,1
"2020-03-27","Noord-Holland",1175,"2020-03-27","Noord-Holland",6621,3,3,2,3,0,2,1,3,2,0,2,1,1,1,1,1,1,1,1,1,27mar2020,5,3,2020,27,"Noord-Holland",0,8.798001,.195365,,,1,1,1,1,1
"2020-03-28","Noord-Holland",1335,"2020-03-28","Noord-Holland",7956,3,3,2,3,0,2,1,3,2,1,2,1,1,1,1,1,1,1,1,1,28mar2020,6,3,2020,28,"Noord-Holland",0,8.981682,.1836805,,,1,1,1,1,1
"2020-03-29","Noord-Holland",1484,"2020-03-29","Noord-Holland",9440,3,3,2,3,0,2,1,3,2,1,2,1,1,1,1,1,1,1,1,1,29mar2020,0,3,2020,29,"Noord-Holland",0,9.152711,.1710291,,,1,1,1,1,1
"2020-03-30","Noord-Holland",1629,"2020-03-30","Noord-Holland",11069,3,3,2,3,0,2,1,3,2,1,2,1,1,1,1,1,1,1,1,1,30mar2020,1,3,2020,30,"Noord-Holland",0,9.311904,.159193,,,1,1,1,1,1
"2020-03-31","Noord-Holland",1845,"2020-03-31","Noord-Holland",12914,3,3,2,3,1,2,1,3,2,1,2,1,1,1,1,1,1,1,1,1,31mar2020,2,3,2020,31,"Noord-Holland",0,9.466067,.1541634,,,1,1,1,1,1
"2020-04-01","Noord-Holland",2017,"2020-04-01","Noord-Holland",14931,3,3,2,3,1,2,1,3,2,1,2,1,1,1,1,1,1,1,1,1,01apr2020,3,4,2020,1,"Noord-Holland",0,9.611195,.1451273,,,1,1,1,1,1
"2020-03-05","Overijssel",1,"2020-03-05","Overijssel",,0,0,0,0,0,0,0,0,0,0,0,1,2,0,0,0,0,0,0,0,05mar2020,4,3,2020,5,"Overijssel",0,,,,,0,0,0,0,0
"2020-03-06","Overijssel",1,"2020-03-06","Overijssel",,0,0,0,0,0,1,0,0,0,0,0,1,2,0,0,0,0,1,0,0,06mar2020,5,3,2020,6,"Overijssel",0,,,,,0,0,1,0,0
"2020-03-07","Overijssel",4,"2020-03-07","Overijssel",,0,0,0,0,0,1,0,0,0,0,0,1,2,0,0,0,0,1,0,0,07mar2020,6,3,2020,7,"Overijssel",0,,,,,0,0,1,0,0
"2020-03-08","Overijssel",9,"2020-03-08","Overijssel",15,0,0,0,0,0,1,0,0,0,0,0,1,2,0,0,0,0,1,0,0,08mar2020,0,3,2020,8,"Overijssel",0,2.70805,,,,0,0,1,0,0
"2020-03-09","Overijssel",10,"2020-03-09","Overijssel",25,0,0,0,0,0,1,0,0,0,0,2,1,2,0,0,0,0,1,0,0,09mar2020,1,3,2020,9,"Overijssel",0,3.218876,.5108256,,,0,0,1,0,0
"2020-03-10","Overijssel",10,"2020-03-10","Overijssel",35,0,0,2,0,0,1,0,0,0,0,2,1,2,0,0,1,0,1,0,0,10mar2020,2,3,2020,10,"Overijssel",0,3.555348,.3364723,,,0,1,1,0,0
"2020-03-11","Overijssel",12,"2020-03-11","Overijssel",47,0,0,2,0,0,1,0,0,0,0,2,1,2,0,0,1,0,1,0,0,11mar2020,3,3,2020,11,"Overijssel",0,3.850147,.2947993,,,0,1,1,0,0
"2020-03-12","Overijssel",13,"2020-03-12","Overijssel",60,1,1,2,3,0,1,0,0,0,0,2,1,1,1,1,1,1,1,0,0,12mar2020,4,3,2020,12,"Overijssel",0,4.094345,.2441971,,,1,1,1,0,0
"2020-03-13","Overijssel",18,"2020-03-13","Overijssel",78,1,1,2,3,0,1,0,0,0,0,2,1,1,1,1,1,1,1,0,0,13mar2020,5,3,2020,13,"Overijssel",0,4.356709,.2623644,,,1,1,1,0,0
"2020-03-14","Overijssel",23,"2020-03-14","Overijssel",101,1,1,2,3,0,1,0,0,0,0,2,1,1,1,1,1,1,1,0,0,14mar2020,6,3,2020,14,"Overijssel",0,4.61512,.2584114,,,1,1,1,0,0
"2020-03-15","Overijssel",28,"2020-03-15","Overijssel",129,1,3,2,3,0,1,1,0,0,0,2,1,1,1,1,1,1,1,1,0,15mar2020,0,3,2020,15,"Overijssel",0,4.859812,.2446918,,,1,1,1,1,0
"2020-03-16","Overijssel",36,"2020-03-16","Overijssel",165,3,3,2,3,0,1,1,0,0,0,2,1,1,1,1,1,1,1,1,0,16mar2020,1,3,2020,16,"Overijssel",0,5.105946,.2461333,,,1,1,1,1,0
"2020-03-17","Overijssel",45,"2020-03-17","Overijssel",210,3,3,2,3,0,1,1,0,2,0,2,1,1,1,1,1,1,1,1,0,17mar2020,2,3,2020,17,"Overijssel",0,5.347107,.2411618,,,1,1,1,1,0
"2020-03-18","Overijssel",58,"2020-03-18","Overijssel",268,3,3,2,3,0,1,1,0,2,0,2,1,1,1,1,1,1,1,1,0,18mar2020,3,3,2020,18,"Overijssel",0,5.590987,.2438798,,,1,1,1,1,0
"2020-03-19","Overijssel",73,"2020-03-19","Overijssel",341,3,3,2,3,0,1,1,3,2,0,2,1,1,1,1,1,1,1,1,1,19mar2020,4,3,2020,19,"Overijssel",0,5.831882,.2408953,,,1,1,1,1,1
"2020-03-20","Overijssel",98,"2020-03-20","Overijssel",439,3,3,2,3,0,1,1,3,2,0,2,1,1,1,1,1,1,1,1,1,20mar2020,5,3,2020,20,"Overijssel",0,6.084499,.2526169,,,1,1,1,1,1
"2020-03-21","Overijssel",161,"2020-03-21","Overijssel",600,3,3,2,3,0,1,1,3,2,0,2,1,1,1,1,1,1,1,1,1,21mar2020,6,3,2020,21,"Overijssel",0,6.39693,.3124304,,,1,1,1,1,1
"2020-03-22","Overijssel",187,"2020-03-22","Overijssel",787,3,3,2,3,0,1,1,3,2,0,2,1,1,1,1,1,1,1,1,1,22mar2020,0,3,2020,22,"Overijssel",0,6.668228,.2712984,,,1,1,1,1,1
"2020-03-23","Overijssel",216,"2020-03-23","Overijssel",1003,3,3,2,3,0,2,1,3,2,0,2,1,1,1,1,1,1,1,1,1,23mar2020,1,3,2020,23,"Overijssel",0,6.910751,.2425227,,,1,1,1,1,1
"2020-03-24","Overijssel",247,"2020-03-24","Overijssel",1250,3,3,2,3,0,2,1,3,2,0,2,1,1,1,1,1,1,1,1,1,24mar2020,2,3,2020,24,"Overijssel",0,7.130899,.2201481,,,1,1,1,1,1
"2020-03-25","Overijssel",316,"2020-03-25","Overijssel",1566,3,3,2,3,0,2,1,3,2,0,2,1,1,1,1,1,1,1,1,1,25mar2020,3,3,2020,25,"Overijssel",0,7.35628,.2253809,,,1,1,1,1,1
"2020-03-26","Overijssel",385,"2020-03-26","Overijssel",1951,3,3,2,3,0,2,1,3,2,0,2,1,1,1,1,1,1,1,1,1,26mar2020,4,3,2020,26,"Overijssel",0,7.576097,.2198176,,,1,1,1,1,1
"2020-03-27","Overijssel",443,"2020-03-27","Overijssel",2394,3,3,2,3,0,2,1,3,2,0,2,1,1,1,1,1,1,1,1,1,27mar2020,5,3,2020,27,"Overijssel",0,7.780721,.2046232,,,1,1,1,1,1
"2020-03-28","Overijssel",511,"2020-03-28","Overijssel",2905,3,3,2,3,0,2,1,3,2,1,2,1,1,1,1,1,1,1,1,1,28mar2020,6,3,2020,28,"Overijssel",0,7.974189,.1934681,,,1,1,1,1,1
"2020-03-29","Overijssel",583,"2020-03-29","Overijssel",3488,3,3,2,3,0,2,1,3,2,1,2,1,1,1,1,1,1,1,1,1,29mar2020,0,3,2020,29,"Overijssel",0,8.157084,.1828947,,,1,1,1,1,1
"2020-03-30","Overijssel",640,"2020-03-30","Overijssel",4128,3,3,2,3,0,2,1,3,2,1,2,1,1,1,1,1,1,1,1,1,30mar2020,1,3,2020,30,"Overijssel",0,8.325548,.1684647,,,1,1,1,1,1
"2020-03-31","Overijssel",698,"2020-03-31","Overijssel",4826,3,3,2,3,1,2,1,3,2,1,2,1,1,1,1,1,1,1,1,1,31mar2020,2,3,2020,31,"Overijssel",0,8.481773,.1562252,,,1,1,1,1,1
"2020-04-01","Overijssel",779,"2020-04-01","Overijssel",5605,3,3,2,3,1,2,1,3,2,1,2,1,1,1,1,1,1,1,1,1,01apr2020,3,4,2020,1,"Overijssel",0,8.631414,.149641,,,1,1,1,1,1
"2020-03-04","Utrecht",3,"2020-03-04","Utrecht",,0,0,0,0,0,0,0,0,0,0,0,1,2,0,0,0,0,0,0,0,04mar2020,3,3,2020,4,"Utrecht",0,,,,,0,0,0,0,0
"2020-03-05","Utrecht",23,"2020-03-05","Utrecht",29,0,0,0,0,0,0,0,0,0,0,0,1,2,0,0,0,0,0,0,0,05mar2020,4,3,2020,5,"Utrecht",0,3.367296,,,,0,0,0,0,0
"2020-03-06","Utrecht",33,"2020-03-06","Utrecht",62,0,0,0,0,0,1,0,0,0,0,0,1,2,0,0,0,0,1,0,0,06mar2020,5,3,2020,6,"Utrecht",0,4.127134,.7598386,,,0,0,1,0,0
"2020-03-07","Utrecht",47,"2020-03-07","Utrecht",109,0,0,0,0,0,1,0,0,0,0,0,1,2,0,0,0,0,1,0,0,07mar2020,6,3,2020,7,"Utrecht",0,4.691348,.5642138,,,0,0,1,0,0
"2020-03-08","Utrecht",52,"2020-03-08","Utrecht",161,0,0,0,0,0,1,0,0,0,0,0,1,2,0,0,0,0,1,0,0,08mar2020,0,3,2020,8,"Utrecht",0,5.081404,.3900561,,,0,0,1,0,0
"2020-03-09","Utrecht",52,"2020-03-09","Utrecht",213,0,0,0,0,0,1,0,0,0,0,2,1,2,0,0,0,0,1,0,0,09mar2020,1,3,2020,9,"Utrecht",0,5.361292,.2798882,,,0,0,1,0,0
"2020-03-10","Utrecht",55,"2020-03-10","Utrecht",268,0,0,2,0,0,1,0,0,0,0,2,1,2,0,0,1,0,1,0,0,10mar2020,2,3,2020,10,"Utrecht",0,5.590987,.2296948,,,0,1,1,0,0
"2020-03-11","Utrecht",67,"2020-03-11","Utrecht",335,0,0,2,0,0,1,0,0,0,0,2,1,2,0,0,1,0,1,0,0,11mar2020,3,3,2020,11,"Utrecht",0,5.81413,.2231431,,,0,1,1,0,0
"2020-03-12","Utrecht",80,"2020-03-12","Utrecht",415,1,1,2,3,0,1,0,0,0,0,2,1,1,1,1,1,1,1,0,0,12mar2020,4,3,2020,12,"Utrecht",0,6.028278,.214148,,,1,1,1,0,0
"2020-03-13","Utrecht",83,"2020-03-13","Utrecht",498,1,1,2,3,0,1,0,0,0,0,2,1,1,1,1,1,1,1,0,0,13mar2020,5,3,2020,13,"Utrecht",0,6.2106,.1823215,,,1,1,1,0,0
"2020-03-14","Utrecht",87,"2020-03-14","Utrecht",585,1,1,2,3,0,1,0,0,0,0,2,1,1,1,1,1,1,1,0,0,14mar2020,6,3,2020,14,"Utrecht",0,6.371612,.1610122,,,1,1,1,0,0
"2020-03-15","Utrecht",109,"2020-03-15","Utrecht",694,1,3,2,3,0,1,1,0,0,0,2,1,1,1,1,1,1,1,1,0,15mar2020,0,3,2020,15,"Utrecht",0,6.542472,.1708598,,,1,1,1,1,0
"2020-03-16","Utrecht",140,"2020-03-16","Utrecht",834,3,3,2,3,0,1,1,0,0,0,2,1,1,1,1,1,1,1,1,0,16mar2020,1,3,2020,16,"Utrecht",0,6.726233,.1837616,,,1,1,1,1,0
"2020-03-17","Utrecht",173,"2020-03-17","Utrecht",1007,3,3,2,3,0,1,1,0,2,0,2,1,1,1,1,1,1,1,1,0,17mar2020,2,3,2020,17,"Utrecht",0,6.914731,.1884975,,,1,1,1,1,0
"2020-03-18","Utrecht",197,"2020-03-18","Utrecht",1204,3,3,2,3,0,1,1,0,2,0,2,1,1,1,1,1,1,1,1,0,18mar2020,3,3,2020,18,"Utrecht",0,7.093405,.1786737,,,1,1,1,1,0
"2020-03-19","Utrecht",237,"2020-03-19","Utrecht",1441,3,3,2,3,0,1,1,3,2,0,2,1,1,1,1,1,1,1,1,1,19mar2020,4,3,2020,19,"Utrecht",0,7.273093,.179688,,,1,1,1,1,1
"2020-03-20","Utrecht",267,"2020-03-20","Utrecht",1708,3,3,2,3,0,1,1,3,2,0,2,1,1,1,1,1,1,1,1,1,20mar2020,5,3,2020,20,"Utrecht",0,7.443079,.1699858,,,1,1,1,1,1
"2020-03-21","Utrecht",313,"2020-03-21","Utrecht",2021,3,3,2,3,0,1,1,3,2,0,2,1,1,1,1,1,1,1,1,1,21mar2020,6,3,2020,21,"Utrecht",0,7.611348,.1682692,,,1,1,1,1,1
"2020-03-22","Utrecht",344,"2020-03-22","Utrecht",2365,3,3,2,3,0,1,1,3,2,0,2,1,1,1,1,1,1,1,1,1,22mar2020,0,3,2020,22,"Utrecht",0,7.768533,.1571856,,,1,1,1,1,1
"2020-03-23","Utrecht",401,"2020-03-23","Utrecht",2766,3,3,2,3,0,2,1,3,2,0,2,1,1,1,1,1,1,1,1,1,23mar2020,1,3,2020,23,"Utrecht",0,7.925158,.1566243,,,1,1,1,1,1
"2020-03-24","Utrecht",458,"2020-03-24","Utrecht",3224,3,3,2,3,0,2,1,3,2,0,2,1,1,1,1,1,1,1,1,1,24mar2020,2,3,2020,24,"Utrecht",0,8.078378,.1532202,,,1,1,1,1,1
"2020-03-25","Utrecht",547,"2020-03-25","Utrecht",3771,3,3,2,3,0,2,1,3,2,0,2,1,1,1,1,1,1,1,1,1,25mar2020,3,3,2020,25,"Utrecht",0,8.235095,.1567173,,,1,1,1,1,1
"2020-03-26","Utrecht",628,"2020-03-26","Utrecht",4399,3,3,2,3,0,2,1,3,2,0,2,1,1,1,1,1,1,1,1,1,26mar2020,4,3,2020,26,"Utrecht",0,8.389132,.1540375,,,1,1,1,1,1
"2020-03-27","Utrecht",716,"2020-03-27","Utrecht",5115,3,3,2,3,0,2,1,3,2,0,2,1,1,1,1,1,1,1,1,1,27mar2020,5,3,2020,27,"Utrecht",0,8.539932,.1507998,,,1,1,1,1,1
"2020-03-28","Utrecht",797,"2020-03-28","Utrecht",5912,3,3,2,3,0,2,1,3,2,1,2,1,1,1,1,1,1,1,1,1,28mar2020,6,3,2020,28,"Utrecht",0,8.684739,.1448069,,,1,1,1,1,1
"2020-03-29","Utrecht",880,"2020-03-29","Utrecht",6792,3,3,2,3,0,2,1,3,2,1,2,1,1,1,1,1,1,1,1,1,29mar2020,0,3,2020,29,"Utrecht",0,8.823501,.1387615,,,1,1,1,1,1
"2020-03-30","Utrecht",952,"2020-03-30","Utrecht",7744,3,3,2,3,0,2,1,3,2,1,2,1,1,1,1,1,1,1,1,1,30mar2020,1,3,2020,30,"Utrecht",0,8.954674,.1311731,,,1,1,1,1,1
"2020-03-31","Utrecht",1046,"2020-03-31","Utrecht",8790,3,3,2,3,1,2,1,3,2,1,2,1,1,1,1,1,1,1,1,1,31mar2020,2,3,2020,31,"Utrecht",0,9.08137,.1266966,,,1,1,1,1,1
"2020-04-01","Utrecht",1111,"2020-04-01","Utrecht",9901,3,3,2,3,1,2,1,3,2,1,2,1,1,1,1,1,1,1,1,1,01apr2020,3,4,2020,1,"Utrecht",0,9.200391,.1190205,,,1,1,1,1,1
"2020-03-07","Zeeland",1,"2020-03-07","Zeeland",,0,0,0,0,0,1,0,0,0,0,0,1,2,0,0,0,0,1,0,0,07mar2020,6,3,2020,7,"Zeeland",0,,,,,0,0,1,0,0
"2020-03-08","Zeeland",1,"2020-03-08","Zeeland",,0,0,0,0,0,1,0,0,0,0,0,1,2,0,0,0,0,1,0,0,08mar2020,0,3,2020,8,"Zeeland",0,,,,,0,0,1,0,0
"2020-03-09","Zeeland",1,"2020-03-09","Zeeland",,0,0,0,0,0,1,0,0,0,0,2,1,2,0,0,0,0,1,0,0,09mar2020,1,3,2020,9,"Zeeland",0,,,,,0,0,1,0,0
"2020-03-10","Zeeland",3,"2020-03-10","Zeeland",,0,0,2,0,0,1,0,0,0,0,2,1,2,0,0,1,0,1,0,0,10mar2020,2,3,2020,10,"Zeeland",0,,,,,0,1,1,0,0
"2020-03-11","Zeeland",6,"2020-03-11","Zeeland",12,0,0,2,0,0,1,0,0,0,0,2,1,2,0,0,1,0,1,0,0,11mar2020,3,3,2020,11,"Zeeland",0,2.484907,,,,0,1,1,0,0
"2020-03-12","Zeeland",9,"2020-03-12","Zeeland",21,1,1,2,3,0,1,0,0,0,0,2,1,1,1,1,1,1,1,0,0,12mar2020,4,3,2020,12,"Zeeland",0,3.044523,.5596159,,,1,1,1,0,0
"2020-03-13","Zeeland",9,"2020-03-13","Zeeland",30,1,1,2,3,0,1,0,0,0,0,2,1,1,1,1,1,1,1,0,0,13mar2020,5,3,2020,13,"Zeeland",0,3.401197,.3566749,,,1,1,1,0,0
"2020-03-14","Zeeland",10,"2020-03-14","Zeeland",40,1,1,2,3,0,1,0,0,0,0,2,1,1,1,1,1,1,1,0,0,14mar2020,6,3,2020,14,"Zeeland",0,3.688879,.2876821,,,1,1,1,0,0
"2020-03-15","Zeeland",12,"2020-03-15","Zeeland",52,1,3,2,3,0,1,1,0,0,0,2,1,1,1,1,1,1,1,1,0,15mar2020,0,3,2020,15,"Zeeland",0,3.951244,.2623641,,,1,1,1,1,0
"2020-03-16","Zeeland",17,"2020-03-16","Zeeland",69,3,3,2,3,0,1,1,0,0,0,2,1,1,1,1,1,1,1,1,0,16mar2020,1,3,2020,16,"Zeeland",0,4.234107,.2828629,,,1,1,1,1,0
"2020-03-17","Zeeland",20,"2020-03-17","Zeeland",89,3,3,2,3,0,1,1,0,2,0,2,1,1,1,1,1,1,1,1,0,17mar2020,2,3,2020,17,"Zeeland",0,4.488636,.25453,,,1,1,1,1,0
"2020-03-18","Zeeland",26,"2020-03-18","Zeeland",115,3,3,2,3,0,1,1,0,2,0,2,1,1,1,1,1,1,1,1,0,18mar2020,3,3,2020,18,"Zeeland",0,4.744932,.2562957,,,1,1,1,1,0
"2020-03-19","Zeeland",31,"2020-03-19","Zeeland",146,3,3,2,3,0,1,1,3,2,0,2,1,1,1,1,1,1,1,1,1,19mar2020,4,3,2020,19,"Zeeland",0,4.983607,.2386746,,,1,1,1,1,1
"2020-03-20","Zeeland",36,"2020-03-20","Zeeland",182,3,3,2,3,0,1,1,3,2,0,2,1,1,1,1,1,1,1,1,1,20mar2020,5,3,2020,20,"Zeeland",0,5.204007,.2203999,,,1,1,1,1,1
"2020-03-21","Zeeland",46,"2020-03-21","Zeeland",228,3,3,2,3,0,1,1,3,2,0,2,1,1,1,1,1,1,1,1,1,21mar2020,6,3,2020,21,"Zeeland",0,5.429346,.2253389,,,1,1,1,1,1
"2020-03-22","Zeeland",48,"2020-03-22","Zeeland",276,3,3,2,3,0,1,1,3,2,0,2,1,1,1,1,1,1,1,1,1,22mar2020,0,3,2020,22,"Zeeland",0,5.620401,.1910553,,,1,1,1,1,1
"2020-03-23","Zeeland",54,"2020-03-23","Zeeland",330,3,3,2,3,0,2,1,3,2,0,2,1,1,1,1,1,1,1,1,1,23mar2020,1,3,2020,23,"Zeeland",0,5.799093,.1786919,,,1,1,1,1,1
"2020-03-24","Zeeland",62,"2020-03-24","Zeeland",392,3,3,2,3,0,2,1,3,2,0,2,1,1,1,1,1,1,1,1,1,24mar2020,2,3,2020,24,"Zeeland",0,5.971262,.1721692,,,1,1,1,1,1
"2020-03-25","Zeeland",76,"2020-03-25","Zeeland",468,3,3,2,3,0,2,1,3,2,0,2,1,1,1,1,1,1,1,1,1,25mar2020,3,3,2020,25,"Zeeland",0,6.148468,.1772065,,,1,1,1,1,1
"2020-03-26","Zeeland",90,"2020-03-26","Zeeland",558,3,3,2,3,0,2,1,3,2,0,2,1,1,1,1,1,1,1,1,1,26mar2020,4,3,2020,26,"Zeeland",0,6.324359,.1758904,,,1,1,1,1,1
"2020-03-27","Zeeland",108,"2020-03-27","Zeeland",666,3,3,2,3,0,2,1,3,2,0,2,1,1,1,1,1,1,1,1,1,27mar2020,5,3,2020,27,"Zeeland",0,6.50129,.1769309,,,1,1,1,1,1
"2020-03-28","Zeeland",119,"2020-03-28","Zeeland",785,3,3,2,3,0,2,1,3,2,1,2,1,1,1,1,1,1,1,1,1,28mar2020,6,3,2020,28,"Zeeland",0,6.665684,.1643939,,,1,1,1,1,1
"2020-03-29","Zeeland",133,"2020-03-29","Zeeland",918,3,3,2,3,0,2,1,3,2,1,2,1,1,1,1,1,1,1,1,1,29mar2020,0,3,2020,29,"Zeeland",0,6.822197,.1565137,,,1,1,1,1,1
"2020-03-30","Zeeland",147,"2020-03-30","Zeeland",1065,3,3,2,3,0,2,1,3,2,1,2,1,1,1,1,1,1,1,1,1,30mar2020,1,3,2020,30,"Zeeland",0,6.97073,.1485329,,,1,1,1,1,1
"2020-03-31","Zeeland",161,"2020-03-31","Zeeland",1226,3,3,2,3,1,2,1,3,2,1,2,1,1,1,1,1,1,1,1,1,31mar2020,2,3,2020,31,"Zeeland",0,7.111512,.1407819,,,1,1,1,1,1
"2020-04-01","Zeeland",178,"2020-04-01","Zeeland",1404,3,3,2,3,1,2,1,3,2,1,2,1,1,1,1,1,1,1,1,1,01apr2020,3,4,2020,1,"Zeeland",0,7.247081,.1355686,,,1,1,1,1,1
"2020-03-04","Zuid-Holland",7,"2020-03-04","Zuid-Holland",13,0,0,0,0,0,0,0,0,0,0,0,1,2,0,0,0,0,0,0,0,04mar2020,3,3,2020,4,"Zuid-Holland",0,2.564949,,,,0,0,0,0,0
"2020-03-05","Zuid-Holland",12,"2020-03-05","Zuid-Holland",25,0,0,0,0,0,0,0,0,0,0,0,1,2,0,0,0,0,0,0,0,05mar2020,4,3,2020,5,"Zuid-Holland",0,3.218876,.6539266,,,0,0,0,0,0
"2020-03-06","Zuid-Holland",22,"2020-03-06","Zuid-Holland",47,0,0,0,0,0,1,0,0,0,0,0,1,2,0,0,0,0,1,0,0,06mar2020,5,3,2020,6,"Zuid-Holland",0,3.850147,.6312716,,,0,0,1,0,0
"2020-03-07","Zuid-Holland",29,"2020-03-07","Zuid-Holland",76,0,0,0,0,0,1,0,0,0,0,0,1,2,0,0,0,0,1,0,0,07mar2020,6,3,2020,7,"Zuid-Holland",0,4.330733,.4805858,,,0,0,1,0,0
"2020-03-08","Zuid-Holland",34,"2020-03-08","Zuid-Holland",110,0,0,0,0,0,1,0,0,0,0,0,1,2,0,0,0,0,1,0,0,08mar2020,0,3,2020,8,"Zuid-Holland",0,4.70048,.3697472,,,0,0,1,0,0
"2020-03-09","Zuid-Holland",37,"2020-03-09","Zuid-Holland",147,0,0,0,0,0,1,0,0,0,0,2,1,2,0,0,0,0,1,0,0,09mar2020,1,3,2020,9,"Zuid-Holland",0,4.990433,.2899523,,,0,0,1,0,0
"2020-03-10","Zuid-Holland",47,"2020-03-10","Zuid-Holland",194,0,0,2,0,0,1,0,0,0,0,2,1,2,0,0,1,0,1,0,0,10mar2020,2,3,2020,10,"Zuid-Holland",0,5.267858,.2774253,,,0,1,1,0,0
"2020-03-11","Zuid-Holland",57,"2020-03-11","Zuid-Holland",251,0,0,2,0,0,1,0,0,0,0,2,1,2,0,0,1,0,1,0,0,11mar2020,3,3,2020,11,"Zuid-Holland",0,5.525453,.2575951,,,0,1,1,0,0
"2020-03-12","Zuid-Holland",65,"2020-03-12","Zuid-Holland",316,1,1,2,3,0,1,0,0,0,0,2,1,1,1,1,1,1,1,0,0,12mar2020,4,3,2020,12,"Zuid-Holland",0,5.755742,.230289,,,1,1,1,0,0
"2020-03-13","Zuid-Holland",81,"2020-03-13","Zuid-Holland",397,1,1,2,3,0,1,0,0,0,0,2,1,1,1,1,1,1,1,0,0,13mar2020,5,3,2020,13,"Zuid-Holland",0,5.983936,.2281942,,,1,1,1,0,0
"2020-03-14","Zuid-Holland",95,"2020-03-14","Zuid-Holland",492,1,1,2,3,0,1,0,0,0,0,2,1,1,1,1,1,1,1,0,0,14mar2020,6,3,2020,14,"Zuid-Holland",0,6.198479,.2145424,,,1,1,1,0,0
"2020-03-15","Zuid-Holland",110,"2020-03-15","Zuid-Holland",602,1,3,2,3,0,1,1,0,0,0,2,1,1,1,1,1,1,1,1,0,15mar2020,0,3,2020,15,"Zuid-Holland",0,6.400258,.2017789,,,1,1,1,1,0
"2020-03-16","Zuid-Holland",136,"2020-03-16","Zuid-Holland",738,3,3,2,3,0,1,1,0,0,0,2,1,1,1,1,1,1,1,1,0,16mar2020,1,3,2020,16,"Zuid-Holland",0,6.603944,.2036862,,,1,1,1,1,0
"2020-03-17","Zuid-Holland",175,"2020-03-17","Zuid-Holland",913,3,3,2,3,0,1,1,0,2,0,2,1,1,1,1,1,1,1,1,0,17mar2020,2,3,2020,17,"Zuid-Holland",0,6.816736,.2127919,,,1,1,1,1,0
"2020-03-18","Zuid-Holland",232,"2020-03-18","Zuid-Holland",1145,3,3,2,3,0,1,1,0,2,0,2,1,1,1,1,1,1,1,1,0,18mar2020,3,3,2020,18,"Zuid-Holland",0,7.04316,.2264242,,,1,1,1,1,0
"2020-03-19","Zuid-Holland",303,"2020-03-19","Zuid-Holland",1448,3,3,2,3,0,1,1,3,2,0,2,1,1,1,1,1,1,1,1,1,19mar2020,4,3,2020,19,"Zuid-Holland",0,7.277938,.2347784,,,1,1,1,1,1
"2020-03-20","Zuid-Holland",395,"2020-03-20","Zuid-Holland",1843,3,3,2,3,0,1,1,3,2,0,2,1,1,1,1,1,1,1,1,1,20mar2020,5,3,2020,20,"Zuid-Holland",0,7.51915,.2412114,,,1,1,1,1,1
"2020-03-21","Zuid-Holland",469,"2020-03-21","Zuid-Holland",2312,3,3,2,3,0,1,1,3,2,0,2,1,1,1,1,1,1,1,1,1,21mar2020,6,3,2020,21,"Zuid-Holland",0,7.745868,.2267184,,,1,1,1,1,1
"2020-03-22","Zuid-Holland",567,"2020-03-22","Zuid-Holland",2879,3,3,2,3,0,1,1,3,2,0,2,1,1,1,1,1,1,1,1,1,22mar2020,0,3,2020,22,"Zuid-Holland",0,7.965199,.2193303,,,1,1,1,1,1
"2020-03-23","Zuid-Holland",627,"2020-03-23","Zuid-Holland",3506,3,3,2,3,0,2,1,3,2,0,2,1,1,1,1,1,1,1,1,1,23mar2020,1,3,2020,23,"Zuid-Holland",0,8.162231,.1970329,,,1,1,1,1,1
"2020-03-24","Zuid-Holland",733,"2020-03-24","Zuid-Holland",4239,3,3,2,3,0,2,1,3,2,0,2,1,1,1,1,1,1,1,1,1,24mar2020,2,3,2020,24,"Zuid-Holland",0,8.352082,.1898508,,,1,1,1,1,1
"2020-03-25","Zuid-Holland",862,"2020-03-25","Zuid-Holland",5101,3,3,2,3,0,2,1,3,2,0,2,1,1,1,1,1,1,1,1,1,25mar2020,3,3,2020,25,"Zuid-Holland",0,8.537192,.1851101,,,1,1,1,1,1
"2020-03-26","Zuid-Holland",1015,"2020-03-26","Zuid-Holland",6116,3,3,2,3,0,2,1,3,2,0,2,1,1,1,1,1,1,1,1,1,26mar2020,4,3,2020,26,"Zuid-Holland",0,8.718663,.1814709,,,1,1,1,1,1
"2020-03-27","Zuid-Holland",1217,"2020-03-27","Zuid-Holland",7333,3,3,2,3,0,2,1,3,2,0,2,1,1,1,1,1,1,1,1,1,27mar2020,5,3,2020,27,"Zuid-Holland",0,8.90014,.1814766,,,1,1,1,1,1
"2020-03-28","Zuid-Holland",1470,"2020-03-28","Zuid-Holland",8803,3,3,2,3,0,2,1,3,2,1,2,1,1,1,1,1,1,1,1,1,28mar2020,6,3,2020,28,"Zuid-Holland",0,9.082848,.1827078,,,1,1,1,1,1
"2020-03-29","Zuid-Holland",1625,"2020-03-29","Zuid-Holland",10428,3,3,2,3,0,2,1,3,2,1,2,1,1,1,1,1,1,1,1,1,29mar2020,0,3,2020,29,"Zuid-Holland",0,9.25225,.1694021,,,1,1,1,1,1
"2020-03-30","Zuid-Holland",1767,"2020-03-30","Zuid-Holland",12195,3,3,2,3,0,2,1,3,2,1,2,1,1,1,1,1,1,1,1,1,30mar2020,1,3,2020,30,"Zuid-Holland",0,9.408781,.1565313,,,1,1,1,1,1
"2020-03-31","Zuid-Holland",1949,"2020-03-31","Zuid-Holland",14144,3,3,2,3,1,2,1,3,2,1,2,1,1,1,1,1,1,1,1,1,31mar2020,2,3,2020,31,"Zuid-Holland",0,9.557046,.1482649,,,1,1,1,1,1
"2020-04-01","Zuid-Holland",2193,"2020-04-01","Zuid-Holland",16337,3,3,2,3,1,2,1,3,2,1,2,1,1,1,1,1,1,1,1,1,01apr2020,3,4,2020,1,"Zuid-Holland",0,9.701188,.1441422,,,1,1,1,1,1
